strata_var,strata_level,cycle_yrs,n_yrs.,survweight.,model_covars,exposure,outcome,n_total_raw,n_total_weighted,model_df,model_type,exp_level,beta,se,pval,low95CI,up95CI,fstat,f_pval,n_exp_raw,n_exp_weighted,auc,auc_se
None,none,2017-2020,3.2,WTMEC.COMBN,age+gender,fib4,liver_cap_any,7506,214094235.08441,25,quasibinomial (logit),fib4,-0.494187751620002,0.135676206196442,0.00143675168377496,-0.760113115765028,-0.228262387474976,,,7506,214094235.08441,0.6449,0.0067
None,none,2017-2020,3.2,WTMEC.COMBN,age+gender,fib4_mod_vs_low,liver_cap_any,7271,209602750.421291,25,quasibinomial (logit),0 (Intercept),-1.14896422142423,0.144915393652178,6.84953591626172e-08,-1.4329983929825,-0.864930049865959,31.4791870565463,1.21785199752481e-05,6231,181901706.518429,0.6352,0.0068
None,none,2017-2020,3.2,WTMEC.COMBN,age+gender,fib4_mod_vs_low,liver_cap_any,7271,209602750.421291,25,quasibinomial (logit),1,-0.516168601953024,0.0919983056964617,1.2178519975248e-05,-0.696485281118089,-0.33585192278796,31.4791870565463,1.21785199752481e-05,1040,27701043.902862,0.6352,0.0068
None,none,2017-2020,3.2,WTMEC.COMBN,age+gender,fib4_high_vs_low,liver_cap_any,6466,186393191.181548,25,quasibinomial (logit),0 (Intercept),-1.09408246224731,0.134792890083989,4.63719357078252e-08,-1.35827652681193,-0.829888397682691,14.6080668376896,0.000929955612341015,6231,181901706.518429,0.6434,0.0072
None,none,2017-2020,3.2,WTMEC.COMBN,age+gender,fib4_high_vs_low,liver_cap_any,6466,186393191.181548,25,quasibinomial (logit),1,-0.874445014898651,0.228789522870525,0.000929955612341015,-1.32287247972488,-0.426017550072421,14.6080668376896,0.000929955612341015,235,4491484.663119,0.6434,0.0072
None,none,2017-2020,3.2,WTMEC.COMBN,age+gender,fib4,liver_cap_mod_sev,7506,214094235.08441,25,quasibinomial (logit),fib4,-0.447460224628708,0.124269808578283,0.00158873825433874,-0.691029049442142,-0.203891399815273,,,7506,214094235.08441,0.6318,0.0064
None,none,2017-2020,3.2,WTMEC.COMBN,age+gender,fib4_mod_vs_low,liver_cap_mod_sev,7271,209602750.421291,25,quasibinomial (logit),0 (Intercept),-1.55657811678602,0.134162762240437,7.57501242997925e-11,-1.81953713077728,-1.29361910279477,25.85913704247,4.28743012512242e-05,6231,181901706.518429,0.6216,0.0065
None,none,2017-2020,3.2,WTMEC.COMBN,age+gender,fib4_mod_vs_low,liver_cap_mod_sev,7271,209602750.421291,25,quasibinomial (logit),1,-0.440684975401526,0.0866605079300847,4.28743012512243e-05,-0.610539570944492,-0.27083037985856,25.85913704247,4.28743012512242e-05,1040,27701043.902862,0.6216,0.0065
None,none,2017-2020,3.2,WTMEC.COMBN,age+gender,fib4_high_vs_low,liver_cap_mod_sev,6466,186393191.181548,25,quasibinomial (logit),0 (Intercept),-1.50611658723953,0.126386744368825,4.5439073801462e-11,-1.75383460620242,-1.25839856827663,11.3077534926774,0.00281042808944421,6231,181901706.518429,0.6271,0.0069
None,none,2017-2020,3.2,WTMEC.COMBN,age+gender,fib4_high_vs_low,liver_cap_mod_sev,6466,186393191.181548,25,quasibinomial (logit),1,-0.685369550741368,0.203815232993899,0.00281042808944421,-1.08484740740941,-0.285891694073327,11.3077534926774,0.00281042808944421,235,4491484.663119,0.6271,0.0069
gender,Female,2017-2020,3.2,WTMEC.COMBN,age,fib4,liver_cap_any,3807,108429878.993923,25,quasibinomial (logit),fib4,-0.762290008895447,0.179248942541516,0.00029994765930805,-1.11361793627682,-0.410962081514075,,,3807,108429878.993923,0.665,0.009
gender,Male,2017-2020,3.2,WTMEC.COMBN,age,fib4,liver_cap_any,3699,105664356.090487,25,quasibinomial (logit),fib4,-0.313924202592591,0.167233564867227,0.0732381337584899,-0.641701989732356,0.0138535845471746,,,3699,105664356.090487,0.6217,0.01
gender,Female,2017-2020,3.2,WTMEC.COMBN,age,fib4_mod_vs_low,liver_cap_any,3725,106681116.580386,25,quasibinomial (logit),0 (Intercept),-1.20936549035159,0.152283698107815,4.86332788945572e-08,-1.50784153864291,-0.910889442060269,21.0637326668791,0.000129480801357051,3277,94782732.731762,0.6462,0.0093
gender,Female,2017-2020,3.2,WTMEC.COMBN,age,fib4_mod_vs_low,liver_cap_any,3725,106681116.580386,25,quasibinomial (logit),1,-0.758130535399368,0.165187173493843,0.000129480801357051,-1.0818973954473,-0.434363675351436,21.0637326668791,0.000129480801357051,448,11898383.848624,0.6462,0.0093
gender,Male,2017-2020,3.2,WTMEC.COMBN,age,fib4_mod_vs_low,liver_cap_any,3546,102921633.840905,25,quasibinomial (logit),0 (Intercept),-0.498385375259622,0.206414979151478,0.0241140021314647,-0.90295873439652,-0.0938120161227249,3.43245131315797,0.0768030514744714,2954,87118973.786667,0.6156,0.0103
gender,Male,2017-2020,3.2,WTMEC.COMBN,age,fib4_mod_vs_low,liver_cap_any,3546,102921633.840905,25,quasibinomial (logit),1,-0.287183769055219,0.155009279660384,0.0768030514744714,-0.591001957189571,0.0166344190791328,3.43245131315797,0.0768030514744714,592,15802660.054238,0.6156,0.0103
gender,Female,2017-2020,3.2,WTMEC.COMBN,age,fib4_high_vs_low,liver_cap_any,3359,96531495.145299,25,quasibinomial (logit),0 (Intercept),-1.18262063528451,0.14391026970387,2.69728172283923e-08,-1.46468476390409,-0.900556506664923,2.65918659003205,0.116572838819687,3277,94782732.731762,0.6522,0.0098
gender,Female,2017-2020,3.2,WTMEC.COMBN,age,fib4_high_vs_low,liver_cap_any,3359,96531495.145299,25,quasibinomial (logit),1,-0.503790396377934,0.308940950509885,0.116572838819687,-1.10931465937731,0.10173386662144,2.65918659003205,0.116572838819687,82,1748762.413537,0.6522,0.0098
gender,Male,2017-2020,3.2,WTMEC.COMBN,age,fib4_high_vs_low,liver_cap_any,3107,89861696.036249,25,quasibinomial (logit),0 (Intercept),-0.488127412015181,0.206539141428581,0.0269378600106849,-0.892944129215199,-0.0833106948151625,15.0088451967796,0.000768601833047891,2954,87118973.786667,0.6275,0.0108
gender,Male,2017-2020,3.2,WTMEC.COMBN,age,fib4_high_vs_low,liver_cap_any,3107,89861696.036249,25,quasibinomial (logit),1,-1.08602088935773,0.280326748546832,0.000768601833047891,-1.63546131650952,-0.536580462205945,15.0088451967796,0.000768601833047891,153,2742722.249582,0.6275,0.0108
gender,Female,2017-2020,3.2,WTMEC.COMBN,age,fib4,liver_cap_mod_sev,3807,108429878.993923,25,quasibinomial (logit),fib4,-0.840733034715783,0.155942828774416,1.77652053421008e-05,-1.14638097911364,-0.535085090317928,,,3807,108429878.993923,0.6508,0.0089
gender,Male,2017-2020,3.2,WTMEC.COMBN,age,fib4,liver_cap_mod_sev,3699,105664356.090487,25,quasibinomial (logit),fib4,-0.227121845025599,0.140840192378798,0.120465355578857,-0.503168622088043,0.0489249320368437,,,3699,105664356.090487,0.5997,0.0093
gender,Female,2017-2020,3.2,WTMEC.COMBN,age,fib4_mod_vs_low,liver_cap_mod_sev,3725,106681116.580386,25,quasibinomial (logit),0 (Intercept),-1.57368530050697,0.149958214773973,3.05335592144047e-10,-1.86760340146396,-1.27976719954999,29.7823302127922,1.51111560190688e-05,3277,94782732.731762,0.6246,0.0092
gender,Female,2017-2020,3.2,WTMEC.COMBN,age,fib4_mod_vs_low,liver_cap_mod_sev,3725,106681116.580386,25,quasibinomial (logit),1,-0.714766435332355,0.130973916091749,1.51111560190688e-05,-0.971475310872183,-0.458057559792527,29.7823302127922,1.51111560190688e-05,448,11898383.848624,0.6246,0.0092
gender,Male,2017-2020,3.2,WTMEC.COMBN,age,fib4_mod_vs_low,liver_cap_mod_sev,3546,102921633.840905,25,quasibinomial (logit),0 (Intercept),-0.958642147845616,0.155549750276442,2.74950248037164e-06,-1.26351965838744,-0.653764637303789,2.8876540958937,0.102748337092412,2954,87118973.786667,0.5976,0.0095
gender,Male,2017-2020,3.2,WTMEC.COMBN,age,fib4_mod_vs_low,liver_cap_mod_sev,3546,102921633.840905,25,quasibinomial (logit),1,-0.231585767907157,0.136282245825164,0.102748337092412,-0.498698969724478,0.0355274339101648,2.8876540958937,0.102748337092412,592,15802660.054238,0.5976,0.0095
gender,Female,2017-2020,3.2,WTMEC.COMBN,age,fib4_high_vs_low,liver_cap_mod_sev,3359,96531495.145299,25,quasibinomial (logit),0 (Intercept),-1.57504178511572,0.145881877051298,1.76564955976261e-10,-1.86097026413626,-1.28911330609517,1.2152144937698,0.281703812165447,3277,94782732.731762,0.6294,0.0096
gender,Female,2017-2020,3.2,WTMEC.COMBN,age,fib4_high_vs_low,liver_cap_mod_sev,3359,96531495.145299,25,quasibinomial (logit),1,-0.358436224011085,0.325151246461962,0.281703812165447,-0.995732667076529,0.27886021905436,1.2152144937698,0.281703812165447,82,1748762.413537,0.6294,0.0096
gender,Male,2017-2020,3.2,WTMEC.COMBN,age,fib4_high_vs_low,liver_cap_mod_sev,3107,89861696.036249,25,quasibinomial (logit),0 (Intercept),-0.933652423322516,0.151086864935003,2.64282094991465e-06,-1.22978267859512,-0.63752216804991,16.1506951478608,0.000536887571716489,2954,87118973.786667,0.6114,0.0101
gender,Male,2017-2020,3.2,WTMEC.COMBN,age,fib4_high_vs_low,liver_cap_mod_sev,3107,89861696.036249,25,quasibinomial (logit),1,-0.8690128672719,0.216237293599921,0.000536887571716489,-1.29283796272774,-0.445187771816055,16.1506951478608,0.000536887571716489,153,2742722.249582,0.6114,0.0101
age_4lvl,under30y,2017-2020,3.2,WTMEC.COMBN,age+gender,fib4,liver_cap_any,1426,44821379.86331,25,quasibinomial (logit),fib4,-3.48331821637913,0.948100137612815,0.00133119275984914,-5.34159448610024,-1.62504194665801,,,1426,44821379.86331,0.6944,0.0141
age_4lvl,40to64y,2017-2020,3.2,WTMEC.COMBN,age+gender,fib4,liver_cap_any,3241,91218109.614376,25,quasibinomial (logit),fib4,-0.477510588964703,0.151771223366151,0.00468867728769895,-0.774982186762358,-0.180038991167047,,,3241,91218109.614376,0.5907,0.0111
age_4lvl,30to39y,2017-2020,3.2,WTMEC.COMBN,age+gender,fib4,liver_cap_any,1118,36931183.564354,25,quasibinomial (logit),fib4,-1.06283170719334,0.380597205064018,0.0106138465989361,-1.80880222911881,-0.316861185267863,,,1118,36931183.564354,0.6267,0.0168
age_4lvl,over65y,2017-2020,3.2,WTMEC.COMBN,age+gender,fib4,liver_cap_any,1721,41123562.04237,25,quasibinomial (logit),fib4,-0.0710817178495731,0.113633680905561,0.538056325043196,-0.293803732424473,0.151640296725327,,,1721,41123562.04237,0.5722,0.0149
age_4lvl,under30y,2017-2020,3.2,WTMEC.COMBN,age+gender,fib4_mod_vs_low,liver_cap_any,1424,44795487.891401,25,quasibinomial (logit),0 (Intercept),-1.72109877107838,0.468385255088203,0.00132946169977087,-2.63913387105126,-0.803063671105501,2.6292220314866,0.119158563815504,1411,44180630.55855,0.5814,0.0152
age_4lvl,under30y,2017-2020,3.2,WTMEC.COMBN,age+gender,fib4_mod_vs_low,liver_cap_any,1424,44795487.891401,25,quasibinomial (logit),1,-1.14963152143062,0.708998035276917,0.119158563815504,-2.53926767057338,0.240004627712137,2.6292220314866,0.119158563815504,13,614857.332851,0.5814,0.0152
age_4lvl,40to64y,2017-2020,3.2,WTMEC.COMBN,age+gender,fib4_mod_vs_low,liver_cap_any,3173,89820755.201326,25,quasibinomial (logit),0 (Intercept),-1.74953420353904,0.52827985371547,0.00317232519248343,-2.78496271682136,-0.714105690256718,49.7536765629446,4.46661256816546e-07,2492,70828395.059814,0.5845,0.0112
age_4lvl,40to64y,2017-2020,3.2,WTMEC.COMBN,age+gender,fib4_mod_vs_low,liver_cap_any,3173,89820755.201326,25,quasibinomial (logit),1,-0.852312108761364,0.120833142192192,4.46661256816546e-07,-1.08914506745806,-0.615479150064668,49.7536765629446,4.46661256816546e-07,681,18992360.141512,0.5845,0.0112
age_4lvl,30to39y,2017-2020,3.2,WTMEC.COMBN,age+gender,fib4_mod_vs_low,liver_cap_any,1116,36879713.936807,25,quasibinomial (logit),0 (Intercept),-2.82951616170448,0.717472956503152,0.000691771338087598,-4.23576315645066,-1.42326916695831,0.336917892780168,0.567512271761632,1091,36204476.382799,0.587,0.0172
age_4lvl,30to39y,2017-2020,3.2,WTMEC.COMBN,age+gender,fib4_mod_vs_low,liver_cap_any,1116,36879713.936807,25,quasibinomial (logit),1,0.324914097006684,0.559766000665108,0.567512271761632,-0.772227264296927,1.4220554583103,0.336917892780168,0.567512271761632,25,675237.554008,0.587,0.0172
age_4lvl,over65y,2017-2020,3.2,WTMEC.COMBN,age+gender,fib4_mod_vs_low,liver_cap_any,1558,38106793.391757,25,quasibinomial (logit),0 (Intercept),2.74337358813527,0.964111328286005,0.00940886962835219,0.8537153846947,4.63303179157584,0.167273842571065,0.686500287828471,1237,30688204.517266,0.5638,0.016
age_4lvl,over65y,2017-2020,3.2,WTMEC.COMBN,age+gender,fib4_mod_vs_low,liver_cap_any,1558,38106793.391757,25,quasibinomial (logit),1,-0.0756768958574278,0.185033043759913,0.686500287828471,-0.438341661626856,0.286987869912001,0.167273842571065,0.686500287828471,321,7418588.874491,0.5638,0.016
age_4lvl,under30y,2017-2020,3.2,WTMEC.COMBN,age+gender,fib4_high_vs_low,liver_cap_any,1413,44206522.530459,25,quasibinomial (logit),0 (Intercept),-1.63607071967591,0.47539680364851,0.00232867763937146,-2.56784845482699,-0.704292984524832,215.553847954145,7.5567620868439e-13,1411,44180630.55855,0.5817,0.0153
age_4lvl,under30y,2017-2020,3.2,WTMEC.COMBN,age+gender,fib4_high_vs_low,liver_cap_any,1413,44206522.530459,25,quasibinomial (logit),1,-12.0315355959978,0.819489078956813,7.55676208684393e-13,-13.6377341907531,-10.4253370012424,215.553847954145,7.5567620868439e-13,2,25891.971909,0.5817,0.0153
age_4lvl,40to64y,2017-2020,3.2,WTMEC.COMBN,age+gender,fib4_high_vs_low,liver_cap_any,2560,72225749.472864,25,quasibinomial (logit),0 (Intercept),-1.58712998754929,0.537034192379605,0.00731179999620346,-2.63971700461331,-0.53454297048526,2.97304836004704,0.0986872551448974,2492,70828395.059814,0.5819,0.0126
age_4lvl,40to64y,2017-2020,3.2,WTMEC.COMBN,age+gender,fib4_high_vs_low,liver_cap_any,2560,72225749.472864,25,quasibinomial (logit),1,-0.793538532052622,0.460221637110913,0.0986872551448974,-1.69557294079001,0.108495876684767,2.97304836004704,0.0986872551448974,68,1397354.41305,0.5819,0.0126
age_4lvl,30to39y,2017-2020,3.2,WTMEC.COMBN,age+gender,fib4_high_vs_low,liver_cap_any,1093,36255946.010346,25,quasibinomial (logit),0 (Intercept),-3.03919365147007,0.717612131318025,0.000339737527892783,-4.4457134288534,-1.63267387408674,313.745542864187,1.65877587214359e-14,1091,36204476.382799,0.5966,0.0173
age_4lvl,30to39y,2017-2020,3.2,WTMEC.COMBN,age+gender,fib4_high_vs_low,liver_cap_any,1093,36255946.010346,25,quasibinomial (logit),1,13.5190693583395,0.763234535950822,1.65877587214359e-14,12.0231296678759,15.0150090488031,313.745542864187,1.65877587214359e-14,2,51469.627547,0.5966,0.0173
age_4lvl,over65y,2017-2020,3.2,WTMEC.COMBN,age+gender,fib4_high_vs_low,liver_cap_any,1400,33704973.167879,25,quasibinomial (logit),0 (Intercept),3.1232065171829,0.998363692832112,0.00488996153586541,1.16641367923196,5.07999935513384,2.50135900337994,0.128019312593409,1237,30688204.517266,0.5736,0.0167
age_4lvl,over65y,2017-2020,3.2,WTMEC.COMBN,age+gender,fib4_high_vs_low,liver_cap_any,1400,33704973.167879,25,quasibinomial (logit),1,-0.414132400225321,0.261849166405958,0.128019312593409,-0.927356766380998,0.099091965930356,2.50135900337994,0.128019312593409,163,3016768.650613,0.5736,0.0167
age_4lvl,under30y,2017-2020,3.2,WTMEC.COMBN,age+gender,fib4,liver_cap_mod_sev,1426,44821379.86331,25,quasibinomial (logit),fib4,-3.97631648913742,1.04924282612714,0.00100591209274142,-6.03283242834662,-1.91980054992822,,,1426,44821379.86331,0.702,0.0154
age_4lvl,40to64y,2017-2020,3.2,WTMEC.COMBN,age+gender,fib4,liver_cap_mod_sev,3241,91218109.614376,25,quasibinomial (logit),fib4,-0.382840718712658,0.139309838499641,0.0117360673754113,-0.655888002171954,-0.109793435253361,,,3241,91218109.614376,0.5872,0.01
age_4lvl,30to39y,2017-2020,3.2,WTMEC.COMBN,age+gender,fib4,liver_cap_mod_sev,1118,36931183.564354,25,quasibinomial (logit),fib4,-1.85831965885116,0.423306240379332,0.000232699234071544,-2.68799988999465,-1.02863942770767,,,1118,36931183.564354,0.6622,0.0163
age_4lvl,over65y,2017-2020,3.2,WTMEC.COMBN,age+gender,fib4,liver_cap_mod_sev,1721,41123562.04237,25,quasibinomial (logit),fib4,-0.05556225346017,0.109302775787784,0.616279120623924,-0.269795694004227,0.158671187083887,,,1721,41123562.04237,0.5755,0.0138
age_4lvl,under30y,2017-2020,3.2,WTMEC.COMBN,age+gender,fib4_mod_vs_low,liver_cap_mod_sev,1424,44795487.891401,25,quasibinomial (logit),0 (Intercept),-2.22443092582003,0.721685631826587,0.00544605345438062,-3.63893476420014,-0.809927087439916,3.80822279135794,0.0638487793956797,1411,44180630.55855,0.5841,0.0165
age_4lvl,under30y,2017-2020,3.2,WTMEC.COMBN,age+gender,fib4_mod_vs_low,liver_cap_mod_sev,1424,44795487.891401,25,quasibinomial (logit),1,-1.39727568671851,0.716013034262416,0.0638487793956797,-2.80066123387284,0.0061098604358294,3.80822279135794,0.0638487793956797,13,614857.332851,0.5841,0.0165
age_4lvl,40to64y,2017-2020,3.2,WTMEC.COMBN,age+gender,fib4_mod_vs_low,liver_cap_mod_sev,3173,89820755.201326,25,quasibinomial (logit),0 (Intercept),-1.48076687904413,0.501507172347955,0.00735796579713241,-2.46372093684612,-0.497812821242137,26.4372374613914,3.74055593506724e-05,2492,70828395.059814,0.5767,0.0102
age_4lvl,40to64y,2017-2020,3.2,WTMEC.COMBN,age+gender,fib4_mod_vs_low,liver_cap_mod_sev,3173,89820755.201326,25,quasibinomial (logit),1,-0.612383260580418,0.1191009635005,3.74055593506724e-05,-0.845821149041399,-0.378945372119437,26.4372374613914,3.74055593506724e-05,681,18992360.141512,0.5767,0.0102
age_4lvl,30to39y,2017-2020,3.2,WTMEC.COMBN,age+gender,fib4_mod_vs_low,liver_cap_mod_sev,1116,36879713.936807,25,quasibinomial (logit),0 (Intercept),-3.60305330544578,1.00095338228239,0.00159293236566095,-5.56492193471927,-1.64118467617229,0.000166093144487062,0.989833537166744,1091,36204476.382799,0.6099,0.0169
age_4lvl,30to39y,2017-2020,3.2,WTMEC.COMBN,age+gender,fib4_mod_vs_low,liver_cap_mod_sev,1116,36879713.936807,25,quasibinomial (logit),1,-0.00845376436102462,0.655955359104648,0.989833537166744,-1.29412626820613,1.27721873948409,0.000166093144487062,0.989833537166744,25,675237.554008,0.6099,0.0169
age_4lvl,over65y,2017-2020,3.2,WTMEC.COMBN,age+gender,fib4_mod_vs_low,liver_cap_mod_sev,1558,38106793.391757,25,quasibinomial (logit),0 (Intercept),1.92794497155405,1.22520888145694,0.129860417923915,-0.47346443610155,4.32935437920965,1.12491114034859,0.300369086344527,1237,30688204.517266,0.5743,0.0145
age_4lvl,over65y,2017-2020,3.2,WTMEC.COMBN,age+gender,fib4_mod_vs_low,liver_cap_mod_sev,1558,38106793.391757,25,quasibinomial (logit),1,-0.150090808336083,0.141512560048763,0.300369086344527,-0.427455426031659,0.127273809359494,1.12491114034859,0.300369086344527,321,7418588.874491,0.5743,0.0145
age_4lvl,under30y,2017-2020,3.2,WTMEC.COMBN,age+gender,fib4_high_vs_low,liver_cap_mod_sev,1413,44206522.530459,25,quasibinomial (logit),0 (Intercept),-2.20346713574493,0.726421579820365,0.00610388186664757,-3.62725343219285,-0.779680839297016,190.269165952091,2.62046313336999e-12,1411,44180630.55855,0.585,0.0165
age_4lvl,under30y,2017-2020,3.2,WTMEC.COMBN,age+gender,fib4_high_vs_low,liver_cap_mod_sev,1413,44206522.530459,25,quasibinomial (logit),1,-11.4616281924294,0.830925541727731,2.62046313336999e-12,-13.0902422542157,-9.833014130643,190.269165952091,2.62046313336999e-12,2,25891.971909,0.585,0.0165
age_4lvl,40to64y,2017-2020,3.2,WTMEC.COMBN,age+gender,fib4_high_vs_low,liver_cap_mod_sev,2560,72225749.472864,25,quasibinomial (logit),0 (Intercept),-1.33872524069703,0.454654766763778,0.00749750788813966,-2.22984858355403,-0.447601897840022,0.798079978732075,0.381336800493954,2492,70828395.059814,0.5663,0.0114
age_4lvl,40to64y,2017-2020,3.2,WTMEC.COMBN,age+gender,fib4_high_vs_low,liver_cap_mod_sev,2560,72225749.472864,25,quasibinomial (logit),1,-0.35243537889766,0.394508432201901,0.381336800493954,-1.12567190601339,0.420801148218066,0.798079978732075,0.381336800493954,68,1397354.41305,0.5663,0.0114
age_4lvl,30to39y,2017-2020,3.2,WTMEC.COMBN,age+gender,fib4_high_vs_low,liver_cap_mod_sev,1093,36255946.010346,25,quasibinomial (logit),0 (Intercept),-3.71260547757879,0.958906943581592,0.000824262657135763,-5.59206308699871,-1.83314786815887,307.312776613834,2.05341893810655e-14,1091,36204476.382799,0.6156,0.017
age_4lvl,30to39y,2017-2020,3.2,WTMEC.COMBN,age+gender,fib4_high_vs_low,liver_cap_mod_sev,1093,36255946.010346,25,quasibinomial (logit),1,-12.7765872777616,0.728827175649401,2.05341893810655e-14,-14.2050885420344,-11.3480860134888,307.312776613834,2.05341893810655e-14,2,51469.627547,0.6156,0.017
age_4lvl,over65y,2017-2020,3.2,WTMEC.COMBN,age+gender,fib4_high_vs_low,liver_cap_mod_sev,1400,33704973.167879,25,quasibinomial (logit),0 (Intercept),2.41651579490093,1.19426950841555,0.0553449043367761,0.075747558406456,4.7572840313954,1.60339475793283,0.218666892914159,1237,30688204.517266,0.5706,0.0153
age_4lvl,over65y,2017-2020,3.2,WTMEC.COMBN,age+gender,fib4_high_vs_low,liver_cap_mod_sev,1400,33704973.167879,25,quasibinomial (logit),1,-0.36202235595157,0.285900661780516,0.218666892914159,-0.922387653041382,0.198342941138241,1.60339475793283,0.218666892914159,163,3016768.650613,0.5706,0.0153
racethn_combn,NHAsian,2017-2020,3.2,WTMEC.COMBN,age+gender,fib4,liver_cap_any,905,12302246.191337,24,quasibinomial (logit),fib4,-0.0266712749840251,0.0457038570144711,0.565727185032624,-0.116250834732388,0.0629082847643383,,,905,12302246.191337,0.6366,0.0191
racethn_combn,NHW,2017-2020,3.2,WTMEC.COMBN,age+gender,fib4,liver_cap_any,2605,134456372.365485,25,quasibinomial (logit),fib4,-0.545453352924387,0.171288539191326,0.00428654999372114,-0.881178889739387,-0.209727816109388,,,2605,134456372.365485,0.6503,0.0114
racethn_combn,Other/Multi-Racial,2017-2020,3.2,WTMEC.COMBN,age+gender,fib4,liver_cap_any,378,8964062.852653,25,quasibinomial (logit),fib4,-0.327821005459228,0.258085296723026,0.217282039899583,-0.83366818703636,0.178026176117904,,,378,8964062.852653,0.6605,0.0288
racethn_combn,Mexican-American,2017-2020,3.2,WTMEC.COMBN,age+gender,fib4,liver_cap_any,946,19113852.193894,20,quasibinomial (logit),fib4,-0.203739668760967,0.146218470643449,0.181453134355901,-0.490327871222127,0.0828485337001937,,,946,19113852.193894,0.6367,0.021
racethn_combn,NHB,2017-2020,3.2,WTMEC.COMBN,age+gender,fib4,liver_cap_any,1875,22725762.986532,25,quasibinomial (logit),fib4,-0.92473283571137,0.132348651984521,5.17261247231132e-07,-1.18413619360103,-0.665329477821709,,,1875,22725762.986532,0.6785,0.0125
racethn_combn,Other Hispanic,2017-2020,3.2,WTMEC.COMBN,age+gender,fib4,liver_cap_any,797,16531938.494509,24,quasibinomial (logit),fib4,-0.700009044752714,0.267926270244644,0.0162573922937447,-1.22514453443222,-0.174873555073212,,,797,16531938.494509,0.702,0.0199
racethn_combn,NHAsian,2017-2020,3.2,WTMEC.COMBN,age+gender,fib4_mod_vs_low,liver_cap_any,887,12098077.473005,24,quasibinomial (logit),0 (Intercept),-1.27735393205971,0.23353190921454,1.9946310950853e-05,-1.7350764741202,-0.819631389999206,1.93857925632226,0.17839242257558,764,10577618.040106,0.6398,0.0191
racethn_combn,NHAsian,2017-2020,3.2,WTMEC.COMBN,age+gender,fib4_mod_vs_low,liver_cap_any,887,12098077.473005,24,quasibinomial (logit),1,-0.338722158413846,0.243277434607181,0.17839242257558,-0.815545930243921,0.138101613416229,1.93857925632226,0.17839242257558,123,1520459.432899,0.6398,0.0191
racethn_combn,NHW,2017-2020,3.2,WTMEC.COMBN,age+gender,fib4_mod_vs_low,liver_cap_any,2498,131571771.386715,25,quasibinomial (logit),0 (Intercept),-1.34124724284112,0.228872248815233,6.75764012536915e-06,-1.78983685051898,-0.892657635163266,23.789414074341,7.09176720998e-05,2109,112227233.396554,0.6419,0.0118
racethn_combn,NHW,2017-2020,3.2,WTMEC.COMBN,age+gender,fib4_mod_vs_low,liver_cap_any,2498,131571771.386715,25,quasibinomial (logit),1,-0.522983089243033,0.107224930467489,7.09176720998e-05,-0.733143952959312,-0.312822225526753,23.789414074341,7.09176720998e-05,389,19344537.990161,0.6419,0.0118
racethn_combn,Other/Multi-Racial,2017-2020,3.2,WTMEC.COMBN,age+gender,fib4_mod_vs_low,liver_cap_any,364,8688575.110043,25,quasibinomial (logit),0 (Intercept),-1.27124413509899,0.514646338903018,0.0217367881786069,-2.2799509593489,-0.262537310849074,0.254817109639547,0.618722582135994,319,7668051.535997,0.6492,0.0296
racethn_combn,Other/Multi-Racial,2017-2020,3.2,WTMEC.COMBN,age+gender,fib4_mod_vs_low,liver_cap_any,364,8688575.110043,25,quasibinomial (logit),1,-0.266404370237471,0.527748554347982,0.618722582135994,-1.30079153675951,0.767982796284573,0.254817109639547,0.618722582135994,45,1020523.574046,0.6492,0.0296
racethn_combn,Mexican-American,2017-2020,3.2,WTMEC.COMBN,age+gender,fib4_mod_vs_low,liver_cap_any,931,18875331.415631,20,quasibinomial (logit),0 (Intercept),-0.46414624763025,0.260194787324478,0.0923096092660341,-0.974128030786227,0.0458355355257277,0.0862707444270447,0.772528481687499,825,17408987.847294,0.6362,0.0209
racethn_combn,Mexican-American,2017-2020,3.2,WTMEC.COMBN,age+gender,fib4_mod_vs_low,liver_cap_any,931,18875331.415631,20,quasibinomial (logit),1,0.118141974304639,0.402228140672394,0.772528481687499,-0.670225181413254,0.906509130022532,0.0862707444270447,0.772528481687499,106,1466343.568337,0.6362,0.0209
racethn_combn,NHB,2017-2020,3.2,WTMEC.COMBN,age+gender,fib4_mod_vs_low,liver_cap_any,1810,22102497.010791,25,quasibinomial (logit),0 (Intercept),-1.11976320567247,0.174844038010553,1.91645515736086e-06,-1.46245752017315,-0.777068891171781,37.5938829601463,3.59097575095207e-06,1526,19220950.471164,0.6519,0.0131
racethn_combn,NHB,2017-2020,3.2,WTMEC.COMBN,age+gender,fib4_mod_vs_low,liver_cap_any,1810,22102497.010791,25,quasibinomial (logit),1,-0.762922549475361,0.124429071069225,3.59097575095207e-06,-1.00680352877104,-0.519041570179679,37.5938829601463,3.59097575095207e-06,284,2881546.539627,0.6519,0.0131
racethn_combn,Other Hispanic,2017-2020,3.2,WTMEC.COMBN,age+gender,fib4_mod_vs_low,liver_cap_any,781,16266498.025106,23,quasibinomial (logit),0 (Intercept),-1.38293008765629,0.273368007661425,6.00419078840497e-05,-1.91873138267268,-0.847128792639894,2.19166967395614,0.15434068585865,688,14798865.227314,0.6882,0.0206
racethn_combn,Other Hispanic,2017-2020,3.2,WTMEC.COMBN,age+gender,fib4_mod_vs_low,liver_cap_any,781,16266498.025106,23,quasibinomial (logit),1,-0.54907959854296,0.370892249744085,0.15434068585865,-1.27602840804137,0.177869210955447,2.19166967395614,0.15434068585865,93,1467632.797792,0.6882,0.0206
racethn_combn,NHAsian,2017-2020,3.2,WTMEC.COMBN,age+gender,fib4_high_vs_low,liver_cap_any,782,10781786.758438,24,quasibinomial (logit),0 (Intercept),-1.32861276647729,0.247748927419418,2.55832240002347e-05,-1.81420066421935,-0.843024868735231,0.000489408385050218,0.982559038204231,764,10577618.040106,0.6527,0.0201
racethn_combn,NHAsian,2017-2020,3.2,WTMEC.COMBN,age+gender,fib4_high_vs_low,liver_cap_any,782,10781786.758438,24,quasibinomial (logit),1,-0.0161544890307768,0.730226387913966,0.982559038204231,-1.44739820934215,1.4150892312806,0.000489408385050218,0.982559038204231,18,204168.718332,0.6527,0.0201
racethn_combn,NHW,2017-2020,3.2,WTMEC.COMBN,age+gender,fib4_high_vs_low,liver_cap_any,2216,115111834.375324,25,quasibinomial (logit),0 (Intercept),-1.22261049613725,0.216939650107819,1.14753011403197e-05,-1.64781221034857,-0.79740878192592,7.46686657531564,0.0121553847568796,2109,112227233.396554,0.6396,0.0125
racethn_combn,NHW,2017-2020,3.2,WTMEC.COMBN,age+gender,fib4_high_vs_low,liver_cap_any,2216,115111834.375324,25,quasibinomial (logit),1,-0.901892309802087,0.330054370775405,0.0121553847568796,-1.54879887652188,-0.254985743082294,7.46686657531564,0.0121553847568796,107,2884600.97877,0.6396,0.0125
racethn_combn,Other/Multi-Racial,2017-2020,3.2,WTMEC.COMBN,age+gender,fib4_high_vs_low,liver_cap_any,333,7943539.278607,25,quasibinomial (logit),0 (Intercept),-1.35406801077445,0.529370665902012,0.0179390527510238,-2.3916345159424,-0.31650150560651,0.238793691795614,0.629914525974463,319,7668051.535997,0.6592,0.0305
racethn_combn,Other/Multi-Racial,2017-2020,3.2,WTMEC.COMBN,age+gender,fib4_high_vs_low,liver_cap_any,333,7943539.278607,25,quasibinomial (logit),1,-0.428454600159347,0.876785552778897,0.629914525974463,-2.14695428360599,1.29004508328729,0.238793691795614,0.629914525974463,14,275487.74261,0.6592,0.0305
racethn_combn,Mexican-American,2017-2020,3.2,WTMEC.COMBN,age+gender,fib4_high_vs_low,liver_cap_any,840,17647508.625557,20,quasibinomial (logit),0 (Intercept),-0.472141176566543,0.241301654760699,0.0670212252662388,-0.945092419897514,0.000810066764427242,0.0919024772933648,0.765450794888971,825,17408987.847294,0.6304,0.0218
racethn_combn,Mexican-American,2017-2020,3.2,WTMEC.COMBN,age+gender,fib4_high_vs_low,liver_cap_any,840,17647508.625557,20,quasibinomial (logit),1,0.173235434057078,0.571443266230654,0.765450794888971,-0.946793367755003,1.29326423586916,0.0919024772933648,0.765450794888971,15,238520.778263,0.6304,0.0218
racethn_combn,NHB,2017-2020,3.2,WTMEC.COMBN,age+gender,fib4_high_vs_low,liver_cap_any,1591,19844216.446905,23,quasibinomial (logit),0 (Intercept),-1.14880002841074,0.197358628372798,1.0753086759155e-05,-1.53562294002142,-0.761977116800053,20.5804137962683,0.000200913157310411,1526,19220950.471164,0.6694,0.0139
racethn_combn,NHB,2017-2020,3.2,WTMEC.COMBN,age+gender,fib4_high_vs_low,liver_cap_any,1591,19844216.446905,23,quasibinomial (logit),1,-1.46874979596537,0.323758193406913,0.00020091315731041,-2.10331585504292,-0.834183736887818,20.5804137962683,0.000200913157310411,65,623265.975741,0.6694,0.0139
racethn_combn,Other Hispanic,2017-2020,3.2,WTMEC.COMBN,age+gender,fib4_high_vs_low,liver_cap_any,704,15064305.696717,23,quasibinomial (logit),0 (Intercept),-1.59614095615894,0.26118823463428,5.68083115194894e-06,-2.10806989604213,-1.08421201627575,2.89681795111999,0.104248975097937,688,14798865.227314,0.7105,0.021
racethn_combn,Other Hispanic,2017-2020,3.2,WTMEC.COMBN,age+gender,fib4_high_vs_low,liver_cap_any,704,15064305.696717,23,quasibinomial (logit),1,-0.947261645644385,0.556556618465501,0.104248975097937,-2.03811261783677,0.143589326547996,2.89681795111999,0.104248975097937,16,265440.469403,0.7105,0.021
racethn_combn,NHAsian,2017-2020,3.2,WTMEC.COMBN,age+gender,fib4,liver_cap_mod_sev,905,12302246.191337,24,quasibinomial (logit),fib4,-0.00425222607379648,0.0498305503584508,0.932804426964024,-0.10192010477636,0.0934156526287671,,,905,12302246.191337,0.6291,0.0185
racethn_combn,NHW,2017-2020,3.2,WTMEC.COMBN,age+gender,fib4,liver_cap_mod_sev,2605,134456372.365485,25,quasibinomial (logit),fib4,-0.490582194622482,0.137299188030148,0.00169804963534266,-0.759688603161572,-0.221475786083392,,,2605,134456372.365485,0.6427,0.0107
racethn_combn,Other/Multi-Racial,2017-2020,3.2,WTMEC.COMBN,age+gender,fib4,liver_cap_mod_sev,378,8964062.852653,25,quasibinomial (logit),fib4,-0.255791237893363,0.293872474130491,0.393471893679538,-0.831781287189126,0.320198811402399,,,378,8964062.852653,0.6411,0.0282
racethn_combn,Mexican-American,2017-2020,3.2,WTMEC.COMBN,age+gender,fib4,liver_cap_mod_sev,946,19113852.193894,20,quasibinomial (logit),fib4,-0.484610047319698,0.200192477753988,0.0269705758377898,-0.876987303717516,-0.0922327909218808,,,946,19113852.193894,0.6344,0.0186
racethn_combn,NHB,2017-2020,3.2,WTMEC.COMBN,age+gender,fib4,liver_cap_mod_sev,1875,22725762.986532,25,quasibinomial (logit),fib4,-0.812406631932086,0.145021166420893,1.24308944602228e-05,-1.09664811811704,-0.528165145747135,,,1875,22725762.986532,0.656,0.0127
racethn_combn,Other Hispanic,2017-2020,3.2,WTMEC.COMBN,age+gender,fib4,liver_cap_mod_sev,797,16531938.494509,24,quasibinomial (logit),fib4,-0.491636385605256,0.294364996318094,0.10972720244043,-1.06859177838872,0.085319007178208,,,797,16531938.494509,0.66,0.0192
racethn_combn,NHAsian,2017-2020,3.2,WTMEC.COMBN,age+gender,fib4_mod_vs_low,liver_cap_mod_sev,887,12098077.473005,24,quasibinomial (logit),0 (Intercept),-1.7276548630859,0.186309556417483,7.14232828310947e-09,-2.09282159366416,-1.36248813250763,0.294075588378106,0.593329188709354,764,10577618.040106,0.633,0.0186
racethn_combn,NHAsian,2017-2020,3.2,WTMEC.COMBN,age+gender,fib4_mod_vs_low,liver_cap_mod_sev,887,12098077.473005,24,quasibinomial (logit),1,-0.165085662540829,0.304424688080853,0.593329188709354,-0.761758051179301,0.431586726097642,0.294075588378106,0.593329188709354,123,1520459.432899,0.633,0.0186
racethn_combn,NHW,2017-2020,3.2,WTMEC.COMBN,age+gender,fib4_mod_vs_low,liver_cap_mod_sev,2498,131571771.386715,25,quasibinomial (logit),0 (Intercept),-1.76286342504082,0.212491995818157,3.2117818111438e-08,-2.17934773684441,-1.34637911323724,14.2356839873292,0.00104744147419036,2109,112227233.396554,0.6344,0.011
racethn_combn,NHW,2017-2020,3.2,WTMEC.COMBN,age+gender,fib4_mod_vs_low,liver_cap_mod_sev,2498,131571771.386715,25,quasibinomial (logit),1,-0.414860099380169,0.109954370801214,0.00104744147419036,-0.630370666150548,-0.199349532609789,14.2356839873292,0.00104744147419036,389,19344537.990161,0.6344,0.011
racethn_combn,Other/Multi-Racial,2017-2020,3.2,WTMEC.COMBN,age+gender,fib4_mod_vs_low,liver_cap_mod_sev,364,8688575.110043,25,quasibinomial (logit),0 (Intercept),-1.51601554674312,0.384729873782596,0.000697280453520792,-2.27008609935701,-0.761944994129233,0.040356809673274,0.842630216299027,319,7668051.535997,0.6289,0.0291
racethn_combn,Other/Multi-Racial,2017-2020,3.2,WTMEC.COMBN,age+gender,fib4_mod_vs_low,liver_cap_mod_sev,364,8688575.110043,25,quasibinomial (logit),1,0.0960823885291043,0.478283476577637,0.842630216299027,-0.841353225563065,1.03351800262127,0.040356809673274,0.842630216299027,45,1020523.574046,0.6289,0.0291
racethn_combn,Mexican-American,2017-2020,3.2,WTMEC.COMBN,age+gender,fib4_mod_vs_low,liver_cap_mod_sev,931,18875331.415631,20,quasibinomial (logit),0 (Intercept),-0.924056201969824,0.344116467322089,0.015647585545025,-1.59852447792112,-0.24958792601853,3.36042289349446,0.0843524299788154,825,17408987.847294,0.631,0.0187
racethn_combn,Mexican-American,2017-2020,3.2,WTMEC.COMBN,age+gender,fib4_mod_vs_low,liver_cap_mod_sev,931,18875331.415631,20,quasibinomial (logit),1,-0.555618845750069,0.303095857339518,0.0843524299788154,-1.14968672613553,0.0384490346353863,3.36042289349446,0.0843524299788154,106,1466343.568337,0.631,0.0187
racethn_combn,NHB,2017-2020,3.2,WTMEC.COMBN,age+gender,fib4_mod_vs_low,liver_cap_mod_sev,1810,22102497.010791,25,quasibinomial (logit),0 (Intercept),-1.55531818765637,0.184026294836356,2.34420146370788e-08,-1.91600972553563,-1.19462664977712,19.3531109401711,0.000227524000396325,1526,19220950.471164,0.6283,0.0131
racethn_combn,NHB,2017-2020,3.2,WTMEC.COMBN,age+gender,fib4_mod_vs_low,liver_cap_mod_sev,1810,22102497.010791,25,quasibinomial (logit),1,-0.691400690139257,0.157164485669052,0.000227524000396325,-0.999443082050599,-0.383358298227915,19.3531109401711,0.000227524000396325,284,2881546.539627,0.6283,0.0131
racethn_combn,Other Hispanic,2017-2020,3.2,WTMEC.COMBN,age+gender,fib4_mod_vs_low,liver_cap_mod_sev,781,16266498.025106,23,quasibinomial (logit),0 (Intercept),-1.75430640358106,0.285534082421516,5.28812540037619e-06,-2.31395320512723,-1.19465960203489,4.11620871828412,0.055998007224088,688,14798865.227314,0.6534,0.0195
racethn_combn,Other Hispanic,2017-2020,3.2,WTMEC.COMBN,age+gender,fib4_mod_vs_low,liver_cap_mod_sev,781,16266498.025106,23,quasibinomial (logit),1,-0.655305663714512,0.322994574572992,0.0559980072240879,-1.28837502987758,-0.022236297551448,4.11620871828412,0.055998007224088,93,1467632.797792,0.6534,0.0195
racethn_combn,NHAsian,2017-2020,3.2,WTMEC.COMBN,age+gender,fib4_high_vs_low,liver_cap_mod_sev,782,10781786.758438,24,quasibinomial (logit),0 (Intercept),-1.81996334493632,0.212210731702338,2.65304947184084e-08,-2.2358963790729,-1.40403031079974,0.000884279081528155,0.976557740761817,764,10577618.040106,0.649,0.0197
racethn_combn,NHAsian,2017-2020,3.2,WTMEC.COMBN,age+gender,fib4_high_vs_low,liver_cap_mod_sev,782,10781786.758438,24,quasibinomial (logit),1,-0.022386646904691,0.752825590775838,0.976557740761817,-1.49792480482533,1.45315151101595,0.000884279081528155,0.976557740761817,18,204168.718332,0.649,0.0197
racethn_combn,NHW,2017-2020,3.2,WTMEC.COMBN,age+gender,fib4_high_vs_low,liver_cap_mod_sev,2216,115111834.375324,25,quasibinomial (logit),0 (Intercept),-1.67507615436401,0.195933244400859,1.92683398050908e-08,-2.0591053133897,-1.29104699533833,7.55382658109069,0.0117281624323443,2109,112227233.396554,0.6324,0.0117
racethn_combn,NHW,2017-2020,3.2,WTMEC.COMBN,age+gender,fib4_high_vs_low,liver_cap_mod_sev,2216,115111834.375324,25,quasibinomial (logit),1,-0.778928870814002,0.283409429645857,0.0117281624323443,-1.33441135291988,-0.223446388708122,7.55382658109069,0.0117281624323443,107,2884600.97877,0.6324,0.0117
racethn_combn,Other/Multi-Racial,2017-2020,3.2,WTMEC.COMBN,age+gender,fib4_high_vs_low,liver_cap_mod_sev,333,7943539.278607,25,quasibinomial (logit),0 (Intercept),-1.53111195158014,0.401177624879341,0.000942471794844018,-2.31742009634365,-0.744803806816633,0.00028624941230338,0.986653812150345,319,7668051.535997,0.6391,0.0303
racethn_combn,Other/Multi-Racial,2017-2020,3.2,WTMEC.COMBN,age+gender,fib4_high_vs_low,liver_cap_mod_sev,333,7943539.278607,25,quasibinomial (logit),1,0.0162840253196555,0.962475020994978,0.986653812150345,-1.8701670158305,1.90273506646981,0.00028624941230338,0.986653812150345,14,275487.74261,0.6391,0.0303
racethn_combn,Mexican-American,2017-2020,3.2,WTMEC.COMBN,age+gender,fib4_high_vs_low,liver_cap_mod_sev,840,17647508.625557,20,quasibinomial (logit),0 (Intercept),-0.863247172927759,0.363440148052952,0.0295703923192969,-1.57558986311154,-0.150904482743974,1.29310652736905,0.271251239747897,825,17408987.847294,0.6295,0.0197
racethn_combn,Mexican-American,2017-2020,3.2,WTMEC.COMBN,age+gender,fib4_high_vs_low,liver_cap_mod_sev,840,17647508.625557,20,quasibinomial (logit),1,-0.65287760835382,0.574135792048091,0.271251239747897,-1.77818376076808,0.472428544060439,1.29310652736905,0.271251239747897,15,238520.778263,0.6295,0.0197
racethn_combn,NHB,2017-2020,3.2,WTMEC.COMBN,age+gender,fib4_high_vs_low,liver_cap_mod_sev,1591,19844216.446905,23,quasibinomial (logit),0 (Intercept),-1.55526697298672,0.177115875620873,2.68455307252301e-08,-1.90241408920363,-1.20811985676981,13.6913101744342,0.00141663455495866,1526,19220950.471164,0.6395,0.0139
racethn_combn,NHB,2017-2020,3.2,WTMEC.COMBN,age+gender,fib4_high_vs_low,liver_cap_mod_sev,1591,19844216.446905,23,quasibinomial (logit),1,-1.11172957438392,0.300453075745811,0.00141663455495866,-1.70061760284571,-0.52284154592213,13.6913101744342,0.00141663455495866,65,623265.975741,0.6395,0.0139
racethn_combn,Other Hispanic,2017-2020,3.2,WTMEC.COMBN,age+gender,fib4_high_vs_low,liver_cap_mod_sev,704,15064305.696717,23,quasibinomial (logit),0 (Intercept),-1.91847576870132,0.296608241266004,2.62872447925822e-06,-2.49982792158269,-1.33712361581996,0.0162196813034426,0.899930029676464,688,14798865.227314,0.6712,0.0202
racethn_combn,Other Hispanic,2017-2020,3.2,WTMEC.COMBN,age+gender,fib4_high_vs_low,liver_cap_mod_sev,704,15064305.696717,23,quasibinomial (logit),1,0.0724573524889886,0.568933233218486,0.899930029676464,-1.04265178461924,1.18756648959722,0.0162196813034426,0.899930029676464,16,265440.469403,0.6712,0.0202
educ_level,College graduate or above,2017-2020,3.2,WTMEC.COMBN,age+gender,fib4,liver_cap_any,1783,66360765.875522,25,quasibinomial (logit),fib4,-0.815820666290865,0.150206727859939,1.86630732735158e-05,-1.11022585289635,-0.521415479685385,,,1783,66360765.875522,0.6714,0.0131
educ_level,9-11th grade,2017-2020,3.2,WTMEC.COMBN,age+gender,fib4,liver_cap_any,775,15032902.54452,25,quasibinomial (logit),fib4,-0.883713114220031,0.225726016701327,0.000741908750394368,-1.32613610695463,-0.44129012148543,,,775,15032902.54452,0.6249,0.0213
educ_level,Some college or AA degree,2017-2020,3.2,WTMEC.COMBN,age+gender,fib4,liver_cap_any,2321,63040739.124569,25,quasibinomial (logit),fib4,-0.285596102258832,0.181331809268348,0.129530483715446,-0.641006448424793,0.06981424390713,,,2321,63040739.124569,0.6179,0.0123
educ_level,HS graduate or GED,2017-2020,3.2,WTMEC.COMBN,age+gender,fib4,liver_cap_any,1722,55804235.999403,25,quasibinomial (logit),fib4,-0.478225886322384,0.152880974959233,0.00489262676066111,-0.777872597242481,-0.178579175402288,,,1722,55804235.999403,0.6324,0.0143
educ_level,Less than 9th grade,2017-2020,3.2,WTMEC.COMBN,age+gender,fib4,liver_cap_any,547,7578231.843613,25,quasibinomial (logit),fib4,0.0110837146704563,0.0426915196597787,0.797568454545025,-0.07259166386271,0.0947590932036226,,,547,7578231.843613,0.4941,0.0296
educ_level,College graduate or above,2017-2020,3.2,WTMEC.COMBN,age+gender,fib4_mod_vs_low,liver_cap_any,1731,65194174.581151,25,quasibinomial (logit),0 (Intercept),-1.53320877052459,0.29690881295476,3.54569007032811e-05,-2.11515004391592,-0.95126749713326,21.6694777138478,0.000121840375824853,1468,56575224.985385,0.6556,0.0135
educ_level,College graduate or above,2017-2020,3.2,WTMEC.COMBN,age+gender,fib4_mod_vs_low,liver_cap_any,1731,65194174.581151,25,quasibinomial (logit),1,-0.901896695523916,0.193745923601159,0.000121840375824853,-1.28163870578219,-0.522154685265645,21.6694777138478,0.000121840375824853,263,8618949.595766,0.6556,0.0135
educ_level,9-11th grade,2017-2020,3.2,WTMEC.COMBN,age+gender,fib4_mod_vs_low,liver_cap_any,744,14579571.811781,25,quasibinomial (logit),0 (Intercept),-0.955843371126095,0.310531479887405,0.0054994791085472,-1.56448507170541,-0.347201670546782,1.89303203158341,0.182706836982772,638,12235335.977174,0.5955,0.0222
educ_level,9-11th grade,2017-2020,3.2,WTMEC.COMBN,age+gender,fib4_mod_vs_low,liver_cap_any,744,14579571.811781,25,quasibinomial (logit),1,-0.504724784886802,0.366839126199231,0.182706836982772,-1.22372947223729,0.214279902463691,1.89303203158341,0.182706836982772,106,2344235.834607,0.5955,0.0222
educ_level,Some college or AA degree,2017-2020,3.2,WTMEC.COMBN,age+gender,fib4_mod_vs_low,liver_cap_any,2251,61677085.563379,25,quasibinomial (logit),0 (Intercept),-0.808174226640023,0.181436707107835,0.000198874042283229,-1.16379017257138,-0.452558280708667,5.96320757798853,0.0231062565642352,1933,53589019.636432,0.6157,0.0125
educ_level,Some college or AA degree,2017-2020,3.2,WTMEC.COMBN,age+gender,fib4_mod_vs_low,liver_cap_any,2251,61677085.563379,25,quasibinomial (logit),1,-0.475422777238057,0.194688375368136,0.0231062565642352,-0.857011992959605,-0.0938335615165102,5.96320757798853,0.0231062565642352,318,8088065.926947,0.6157,0.0125
educ_level,HS graduate or GED,2017-2020,3.2,WTMEC.COMBN,age+gender,fib4_mod_vs_low,liver_cap_any,1657,54448747.219105,25,quasibinomial (logit),0 (Intercept),-0.888591420294424,0.252681257058677,0.00194481276336386,-1.38384668412943,-0.393336156459417,0.115989713783326,0.736656072076714,1411,47196409.929743,0.6214,0.0148
educ_level,HS graduate or GED,2017-2020,3.2,WTMEC.COMBN,age+gender,fib4_mod_vs_low,liver_cap_any,1657,54448747.219105,25,quasibinomial (logit),1,-0.052985574665706,0.155577901963816,0.736656072076714,-0.357918262514786,0.251947113183374,0.115989713783326,0.736656072076714,246,7252337.289362,0.6214,0.0148
educ_level,Less than 9th grade,2017-2020,3.2,WTMEC.COMBN,age+gender,fib4_mod_vs_low,liver_cap_any,531,7438021.720884,25,quasibinomial (logit),0 (Intercept),0.0866301472474239,0.36566925816747,0.814919859840125,-0.630081598760818,0.803341893255666,0.86686481991008,0.361929972116275,429,6123014.844457,0.5222,0.029
educ_level,Less than 9th grade,2017-2020,3.2,WTMEC.COMBN,age+gender,fib4_mod_vs_low,liver_cap_any,531,7438021.720884,25,quasibinomial (logit),1,-0.383798435189951,0.412218530318273,0.361929972116275,-1.19174675461377,0.424149884233864,0.86686481991008,0.361929972116275,102,1315006.876427,0.5222,0.029
educ_level,College graduate or above,2017-2020,3.2,WTMEC.COMBN,age+gender,fib4_high_vs_low,liver_cap_any,1520,57741816.279756,25,quasibinomial (logit),0 (Intercept),-1.49189893399107,0.282032540611546,2.61914977097069e-05,-2.0446827135897,-0.939115154392436,2.33398609247538,0.140828184131583,1468,56575224.985385,0.6555,0.0144
educ_level,College graduate or above,2017-2020,3.2,WTMEC.COMBN,age+gender,fib4_high_vs_low,liver_cap_any,1520,57741816.279756,25,quasibinomial (logit),1,-0.783824564089439,0.513061867556883,0.140828184131583,-1.78942582450093,0.221776696322053,2.33398609247538,0.140828184131583,52,1166591.294371,0.6555,0.0144
educ_level,9-11th grade,2017-2020,3.2,WTMEC.COMBN,age+gender,fib4_high_vs_low,liver_cap_any,669,12688666.709913,25,quasibinomial (logit),0 (Intercept),-0.989610207697961,0.311443993857454,0.0043569294556821,-1.60004043565857,-0.379179979737352,26.586502559102,3.61207106395969e-05,638,12235335.977174,0.6237,0.0236
educ_level,9-11th grade,2017-2020,3.2,WTMEC.COMBN,age+gender,fib4_high_vs_low,liver_cap_any,669,12688666.709913,25,quasibinomial (logit),1,-1.83012745979375,0.35493655718976,3.61207106395969e-05,-2.52580311188568,-1.13445180770182,26.586502559102,3.61207106395969e-05,31,453330.732739,0.6237,0.0236
educ_level,Some college or AA degree,2017-2020,3.2,WTMEC.COMBN,age+gender,fib4_high_vs_low,liver_cap_any,2003,54952673.197622,25,quasibinomial (logit),0 (Intercept),-0.724286217824506,0.172735521101486,0.000376551411280099,-1.06284783918342,-0.385724596465594,1.7102892291328,0.204449512614256,1933,53589019.636432,0.6171,0.0134
educ_level,Some college or AA degree,2017-2020,3.2,WTMEC.COMBN,age+gender,fib4_high_vs_low,liver_cap_any,2003,54952673.197622,25,quasibinomial (logit),1,-0.375674942026347,0.287261515749078,0.204449512614256,-0.938707512894539,0.187357628841846,1.7102892291328,0.204449512614256,70,1363653.56119,0.6171,0.0134
educ_level,HS graduate or GED,2017-2020,3.2,WTMEC.COMBN,age+gender,fib4_high_vs_low,liver_cap_any,1476,48551898.710041,25,quasibinomial (logit),0 (Intercept),-0.777109158580779,0.26620208488352,0.00794618071029327,-1.29886524495248,-0.25535307220908,6.28819401603863,0.020030519041066,1411,47196409.929743,0.6341,0.0153
educ_level,HS graduate or GED,2017-2020,3.2,WTMEC.COMBN,age+gender,fib4_high_vs_low,liver_cap_any,1476,48551898.710041,25,quasibinomial (logit),1,-1.09708583246952,0.437499579787925,0.020030519041066,-1.95458500885385,-0.239586656085183,6.28819401603863,0.020030519041066,65,1355488.780298,0.6341,0.0153
educ_level,Less than 9th grade,2017-2020,3.2,WTMEC.COMBN,age+gender,fib4_high_vs_low,liver_cap_any,445,6263224.967186,25,quasibinomial (logit),0 (Intercept),-0.120141478654606,0.421942905967246,0.778511042534892,-0.947149574350408,0.706866617041195,0.89329919700987,0.35485042066683,429,6123014.844457,0.5512,0.0321
educ_level,Less than 9th grade,2017-2020,3.2,WTMEC.COMBN,age+gender,fib4_high_vs_low,liver_cap_any,445,6263224.967186,25,quasibinomial (logit),1,-0.67969403831316,0.719142555251772,0.35485042066683,-2.08921344660663,0.729825369980312,0.89329919700987,0.35485042066683,16,140210.122729,0.5512,0.0321
educ_level,College graduate or above,2017-2020,3.2,WTMEC.COMBN,age+gender,fib4,liver_cap_mod_sev,1783,66360765.875522,25,quasibinomial (logit),fib4,-0.777976291262065,0.138066893915581,1.15008685048498e-05,-1.0485874033366,-0.507365179187526,,,1783,66360765.875522,0.6576,0.0129
educ_level,9-11th grade,2017-2020,3.2,WTMEC.COMBN,age+gender,fib4,liver_cap_mod_sev,775,15032902.54452,25,quasibinomial (logit),fib4,-1.04308480869422,0.289914586966851,0.00159953931674104,-1.61131739914925,-0.474852218239196,,,775,15032902.54452,0.6251,0.02
educ_level,Some college or AA degree,2017-2020,3.2,WTMEC.COMBN,age+gender,fib4,liver_cap_mod_sev,2321,63040739.124569,25,quasibinomial (logit),fib4,-0.336628970979453,0.22760283298543,0.153312098857541,-0.782730523630897,0.10947258167199,,,2321,63040739.124569,0.6282,0.0115
educ_level,HS graduate or GED,2017-2020,3.2,WTMEC.COMBN,age+gender,fib4,liver_cap_mod_sev,1722,55804235.999403,25,quasibinomial (logit),fib4,-0.282085235107855,0.113737690729178,0.0212686354707634,-0.505011108937044,-0.0591593612786662,,,1722,55804235.999403,0.588,0.0136
educ_level,Less than 9th grade,2017-2020,3.2,WTMEC.COMBN,age+gender,fib4,liver_cap_mod_sev,547,7578231.843613,25,quasibinomial (logit),fib4,0.0105848176563191,0.0444917090209844,0.814156222048227,-0.0766189320248103,0.0977885673374485,,,547,7578231.843613,0.5238,0.0252
educ_level,College graduate or above,2017-2020,3.2,WTMEC.COMBN,age+gender,fib4_mod_vs_low,liver_cap_mod_sev,1731,65194174.581151,25,quasibinomial (logit),0 (Intercept),-2.07457934503836,0.269310967236107,1.09914033274158e-07,-2.60242884082113,-1.54672984925559,19.2777023664679,0.000232343791491381,1468,56575224.985385,0.6407,0.0132
educ_level,College graduate or above,2017-2020,3.2,WTMEC.COMBN,age+gender,fib4_mod_vs_low,liver_cap_mod_sev,1731,65194174.581151,25,quasibinomial (logit),1,-0.722166563038175,0.164478728844229,0.000232343791491381,-1.04454487157286,-0.399788254503486,19.2777023664679,0.000232343791491381,263,8618949.595766,0.6407,0.0132
educ_level,9-11th grade,2017-2020,3.2,WTMEC.COMBN,age+gender,fib4_mod_vs_low,liver_cap_mod_sev,744,14579571.811781,25,quasibinomial (logit),0 (Intercept),-1.32506219430392,0.339312927519499,0.000759901851820144,-1.99011553224214,-0.660008856365704,8.26739148552809,0.00878906703582037,638,12235335.977174,0.6031,0.0206
educ_level,9-11th grade,2017-2020,3.2,WTMEC.COMBN,age+gender,fib4_mod_vs_low,liver_cap_mod_sev,744,14579571.811781,25,quasibinomial (logit),1,-1.02033437352936,0.354860995053014,0.00878906703582037,-1.71586192383327,-0.324806823225454,8.26739148552809,0.00878906703582037,106,2344235.834607,0.6031,0.0206
educ_level,Some college or AA degree,2017-2020,3.2,WTMEC.COMBN,age+gender,fib4_mod_vs_low,liver_cap_mod_sev,2251,61677085.563379,25,quasibinomial (logit),0 (Intercept),-1.48324906805671,0.181358626930113,4.08424423658944e-08,-1.83871197683973,-1.12778615927369,7.56329891781774,0.0116826408643238,1933,53589019.636432,0.6257,0.0117
educ_level,Some college or AA degree,2017-2020,3.2,WTMEC.COMBN,age+gender,fib4_mod_vs_low,liver_cap_mod_sev,2251,61677085.563379,25,quasibinomial (logit),1,-0.569352058785278,0.207026177242002,0.0116826408643238,-0.975123366179601,-0.163580751390955,7.56329891781774,0.0116826408643238,318,8088065.926947,0.6257,0.0117
educ_level,HS graduate or GED,2017-2020,3.2,WTMEC.COMBN,age+gender,fib4_mod_vs_low,liver_cap_mod_sev,1657,54448747.219105,25,quasibinomial (logit),0 (Intercept),-0.986636157296943,0.271185289144038,0.00145128329254701,-1.51815932401926,-0.455112990574629,1.36970981615432,0.254383985168864,1411,47196409.929743,0.5765,0.014
educ_level,HS graduate or GED,2017-2020,3.2,WTMEC.COMBN,age+gender,fib4_mod_vs_low,liver_cap_mod_sev,1657,54448747.219105,25,quasibinomial (logit),1,0.21707492275254,0.185479267054614,0.254383985168864,-0.146464440674504,0.580614286179584,1.36970981615432,0.254383985168864,246,7252337.289362,0.5765,0.014
educ_level,Less than 9th grade,2017-2020,3.2,WTMEC.COMBN,age+gender,fib4_mod_vs_low,liver_cap_mod_sev,531,7438021.720884,25,quasibinomial (logit),0 (Intercept),-0.377964006880443,0.338111306964414,0.275682142151777,-1.04066216853069,0.284734154769807,4.320221885114,0.0495322582617996,429,6123014.844457,0.5652,0.0252
educ_level,Less than 9th grade,2017-2020,3.2,WTMEC.COMBN,age+gender,fib4_mod_vs_low,liver_cap_mod_sev,531,7438021.720884,25,quasibinomial (logit),1,-0.64963012772016,0.312545414505624,0.0495322582617996,-1.26221914015118,-0.0370411152891361,4.320221885114,0.0495322582617996,102,1315006.876427,0.5652,0.0252
educ_level,College graduate or above,2017-2020,3.2,WTMEC.COMBN,age+gender,fib4_high_vs_low,liver_cap_mod_sev,1520,57741816.279756,25,quasibinomial (logit),0 (Intercept),-1.92493962503701,0.273383442416241,4.5908403612887e-07,-2.46077117217284,-1.38910807790117,1.73785160019444,0.200972458129998,1468,56575224.985385,0.6335,0.0142
educ_level,College graduate or above,2017-2020,3.2,WTMEC.COMBN,age+gender,fib4_high_vs_low,liver_cap_mod_sev,1520,57741816.279756,25,quasibinomial (logit),1,-0.573242013432146,0.43484218434398,0.200972458129998,-1.42553269474635,0.279048667882055,1.73785160019444,0.200972458129998,52,1166591.294371,0.6335,0.0142
educ_level,9-11th grade,2017-2020,3.2,WTMEC.COMBN,age+gender,fib4_high_vs_low,liver_cap_mod_sev,669,12688666.709913,25,quasibinomial (logit),0 (Intercept),-1.39551740459596,0.368159021531638,0.00100389359533192,-2.11710908679797,-0.67392572239395,36.7369874243208,4.22709014018547e-06,638,12235335.977174,0.6085,0.0218
educ_level,9-11th grade,2017-2020,3.2,WTMEC.COMBN,age+gender,fib4_high_vs_low,liver_cap_mod_sev,669,12688666.709913,25,quasibinomial (logit),1,-1.77410166805122,0.292702703963379,4.22709014018547e-06,-2.34779896781945,-1.200404368283,36.7369874243208,4.22709014018547e-06,31,453330.732739,0.6085,0.0218
educ_level,Some college or AA degree,2017-2020,3.2,WTMEC.COMBN,age+gender,fib4_high_vs_low,liver_cap_mod_sev,2003,54952673.197622,25,quasibinomial (logit),0 (Intercept),-1.45280547414613,0.175451045834395,3.31639095056024e-08,-1.79668952398155,-1.10892142431072,1.53426402133381,0.228527626908292,1933,53589019.636432,0.6266,0.0124
educ_level,Some college or AA degree,2017-2020,3.2,WTMEC.COMBN,age+gender,fib4_high_vs_low,liver_cap_mod_sev,2003,54952673.197622,25,quasibinomial (logit),1,-0.41703274027195,0.336682157334511,0.228527626908292,-1.07692976864759,0.242864288103692,1.53426402133381,0.228527626908292,70,1363653.56119,0.6266,0.0124
educ_level,HS graduate or GED,2017-2020,3.2,WTMEC.COMBN,age+gender,fib4_high_vs_low,liver_cap_mod_sev,1476,48551898.710041,25,quasibinomial (logit),0 (Intercept),-0.935288353627959,0.269418950105111,0.00216722028068991,-1.46334949583398,-0.407227211421942,3.15319964964287,0.089614127601122,1411,47196409.929743,0.5893,0.0147
educ_level,HS graduate or GED,2017-2020,3.2,WTMEC.COMBN,age+gender,fib4_high_vs_low,liver_cap_mod_sev,1476,48551898.710041,25,quasibinomial (logit),1,-0.711692469430771,0.400789777258273,0.089614127601122,-1.49724043285699,0.073855493995443,3.15319964964287,0.089614127601122,65,1355488.780298,0.5893,0.0147
educ_level,Less than 9th grade,2017-2020,3.2,WTMEC.COMBN,age+gender,fib4_high_vs_low,liver_cap_mod_sev,445,6263224.967186,25,quasibinomial (logit),0 (Intercept),-0.530055974610925,0.348715203571475,0.142747214156402,-1.21353777361102,0.153425824389166,1.20827822670614,0.283557321496195,429,6123014.844457,0.565,0.0279
educ_level,Less than 9th grade,2017-2020,3.2,WTMEC.COMBN,age+gender,fib4_high_vs_low,liver_cap_mod_sev,445,6263224.967186,25,quasibinomial (logit),1,-0.671465795472845,0.610858216455039,0.283557321496195,-1.86874789972472,0.525816308779032,1.20827822670614,0.283557321496195,16,140210.122729,0.565,0.0279
inc_to_pov_level,High income,2017-2020,3.2,WTMEC.COMBN,age+gender,fib4,liver_cap_any,1780,76871828.103863,25,quasibinomial (logit),fib4,-0.46626456975441,0.258314843753642,0.0847772019554763,-0.972561663511548,0.0400325240027278,,,1780,76871828.103863,0.6662,0.0135
inc_to_pov_level,Low income,2017-2020,3.2,WTMEC.COMBN,age+gender,fib4,liver_cap_any,1288,24693516.276176,25,quasibinomial (logit),fib4,-0.616034911280516,0.194576183807983,0.00447586306046292,-0.997404231544162,-0.234665591016871,,,1288,24693516.276176,0.666,0.0155
inc_to_pov_level,Middle income,2017-2020,3.2,WTMEC.COMBN,age+gender,fib4,liver_cap_any,3427,88953538.995634,25,quasibinomial (logit),fib4,-0.363777890024074,0.207883499325277,0.0940704860096028,-0.771229548701617,0.0436737686534692,,,3427,88953538.995634,0.6235,0.0101
inc_to_pov_level,High income,2017-2020,3.2,WTMEC.COMBN,age+gender,fib4_mod_vs_low,liver_cap_any,1727,75502428.93997,25,quasibinomial (logit),0 (Intercept),-1.8021428947555,0.367936004597997,6.7467931180365e-05,-2.52329746376757,-1.08098832574342,9.82121589806565,0.0048266968393367,1460,64827359.220238,0.6623,0.0138
inc_to_pov_level,High income,2017-2020,3.2,WTMEC.COMBN,age+gender,fib4_mod_vs_low,liver_cap_any,1727,75502428.93997,25,quasibinomial (logit),1,-0.583690389970434,0.186251557839891,0.0048266968393367,-0.948743443336621,-0.218637336604248,9.82121589806565,0.0048266968393367,267,10675069.719732,0.6623,0.0138
inc_to_pov_level,Low income,2017-2020,3.2,WTMEC.COMBN,age+gender,fib4_mod_vs_low,liver_cap_any,1253,24220930.253741,25,quasibinomial (logit),0 (Intercept),-1.09111694492627,0.220134991947956,5.85279611351484e-05,-1.52258152914426,-0.659652360708276,3.04768319355757,0.0948045378906663,1092,21686199.967079,0.6507,0.016
inc_to_pov_level,Low income,2017-2020,3.2,WTMEC.COMBN,age+gender,fib4_mod_vs_low,liver_cap_any,1253,24220930.253741,25,quasibinomial (logit),1,-0.385067196037029,0.220572625403979,0.0948045378906663,-0.817389541828829,0.0472551497547705,3.04768319355757,0.0948045378906663,161,2534730.286662,0.6507,0.016
inc_to_pov_level,Middle income,2017-2020,3.2,WTMEC.COMBN,age+gender,fib4_mod_vs_low,liver_cap_any,3317,86970117.655823,25,quasibinomial (logit),0 (Intercept),-0.693984852216947,0.201900541185739,0.00235231906930051,-1.089709912941,-0.298259791492898,3.56340041566687,0.0723284128420608,2825,75301142.042665,0.6137,0.0104
inc_to_pov_level,Middle income,2017-2020,3.2,WTMEC.COMBN,age+gender,fib4_mod_vs_low,liver_cap_any,3317,86970117.655823,25,quasibinomial (logit),1,-0.392866300458178,0.208119351542871,0.0723284128420608,-0.800780229482206,0.0150476285658493,3.56340041566687,0.0723284128420608,492,11668975.613158,0.6137,0.0104
inc_to_pov_level,High income,2017-2020,3.2,WTMEC.COMBN,age+gender,fib4_high_vs_low,liver_cap_any,1513,66196758.384131,25,quasibinomial (logit),0 (Intercept),-1.74581167417825,0.361287390472891,7.91573871776077e-05,-2.45393495950512,-1.03768838885139,0.738046635176208,0.399551640487751,1460,64827359.220238,0.6625,0.0147
inc_to_pov_level,High income,2017-2020,3.2,WTMEC.COMBN,age+gender,fib4_high_vs_low,liver_cap_any,1513,66196758.384131,25,quasibinomial (logit),1,-0.510460187040413,0.594182659065909,0.399551640487751,-1.67505819880959,0.654137824728768,0.738046635176208,0.399551640487751,53,1369399.163893,0.6625,0.0147
inc_to_pov_level,Low income,2017-2020,3.2,WTMEC.COMBN,age+gender,fib4_high_vs_low,liver_cap_any,1127,22158785.989514,25,quasibinomial (logit),0 (Intercept),-1.13691491325981,0.224034418006858,4.39711453498417e-05,-1.57602237255325,-0.697807453966365,5.89091217416035,0.0238600710746713,1092,21686199.967079,0.67,0.0165
inc_to_pov_level,Low income,2017-2020,3.2,WTMEC.COMBN,age+gender,fib4_high_vs_low,liver_cap_any,1127,22158785.989514,25,quasibinomial (logit),1,-1.21890648955721,0.502202783229329,0.0238600710746713,-2.20322394468669,-0.234589034427723,5.89091217416035,0.0238600710746713,35,472586.022435,0.67,0.0165
inc_to_pov_level,Middle income,2017-2020,3.2,WTMEC.COMBN,age+gender,fib4_high_vs_low,liver_cap_any,2935,77284563.382476,25,quasibinomial (logit),0 (Intercept),-0.597863749127978,0.187335202526507,0.00421650850691352,-0.965040746079931,-0.230686752176024,5.17952711460625,0.0329447092835586,2825,75301142.042665,0.6227,0.0109
inc_to_pov_level,Middle income,2017-2020,3.2,WTMEC.COMBN,age+gender,fib4_high_vs_low,liver_cap_any,2935,77284563.382476,25,quasibinomial (logit),1,-0.853813367063424,0.375161180923891,0.0329447092835586,-1.58912928167425,-0.118497452452597,5.17952711460625,0.0329447092835586,110,1983421.339811,0.6227,0.0109
inc_to_pov_level,High income,2017-2020,3.2,WTMEC.COMBN,age+gender,fib4,liver_cap_mod_sev,1780,76871828.103863,25,quasibinomial (logit),fib4,-0.464964161844805,0.237736739992917,0.0633064669601203,-0.930928172230922,0.000999848541312132,,,1780,76871828.103863,0.6582,0.0128
inc_to_pov_level,Low income,2017-2020,3.2,WTMEC.COMBN,age+gender,fib4,liver_cap_mod_sev,1288,24693516.276176,25,quasibinomial (logit),fib4,-0.722566962368379,0.237038075595828,0.00589460815154875,-1.1871615905362,-0.257972334200556,,,1288,24693516.276176,0.6463,0.0153
inc_to_pov_level,Middle income,2017-2020,3.2,WTMEC.COMBN,age+gender,fib4,liver_cap_mod_sev,3427,88953538.995634,25,quasibinomial (logit),fib4,-0.337022474902936,0.179504820223502,0.0737704326483067,-0.688851922541001,0.014806972735129,,,3427,88953538.995634,0.6113,0.0096
inc_to_pov_level,High income,2017-2020,3.2,WTMEC.COMBN,age+gender,fib4_mod_vs_low,liver_cap_mod_sev,1727,75502428.93997,25,quasibinomial (logit),0 (Intercept),-2.21253475420561,0.299386936738671,2.1450823062512e-07,-2.79933315021341,-1.62573635819782,8.36385858961886,0.00845859097332338,1460,64827359.220238,0.6536,0.0131
inc_to_pov_level,High income,2017-2020,3.2,WTMEC.COMBN,age+gender,fib4_mod_vs_low,liver_cap_mod_sev,1727,75502428.93997,25,quasibinomial (logit),1,-0.620843227221852,0.214673584044222,0.00845859097332338,-1.04160345194853,-0.200083002495177,8.36385858961886,0.00845859097332338,267,10675069.719732,0.6536,0.0131
inc_to_pov_level,Low income,2017-2020,3.2,WTMEC.COMBN,age+gender,fib4_mod_vs_low,liver_cap_mod_sev,1253,24220930.253741,25,quasibinomial (logit),0 (Intercept),-1.44965232576377,0.189562199981895,1.23737296657283e-07,-1.82119423772828,-1.07811041379925,3.43453830527519,0.0773069982272076,1092,21686199.967079,0.6274,0.0157
inc_to_pov_level,Low income,2017-2020,3.2,WTMEC.COMBN,age+gender,fib4_mod_vs_low,liver_cap_mod_sev,1253,24220930.253741,25,quasibinomial (logit),1,-0.485204766964905,0.26181280087734,0.0773069982272076,-0.99835785668449,0.027948322754681,3.43453830527519,0.0773069982272076,161,2534730.286662,0.6274,0.0157
inc_to_pov_level,Middle income,2017-2020,3.2,WTMEC.COMBN,age+gender,fib4_mod_vs_low,liver_cap_mod_sev,3317,86970117.655823,25,quasibinomial (logit),0 (Intercept),-1.13908227237374,0.203129710804053,1.22646889656191e-05,-1.53721650554969,-0.740948039197801,3.05095185043423,0.0946385972744654,2825,75301142.042665,0.6,0.0098
inc_to_pov_level,Middle income,2017-2020,3.2,WTMEC.COMBN,age+gender,fib4_mod_vs_low,liver_cap_mod_sev,3317,86970117.655823,25,quasibinomial (logit),1,-0.315102677763554,0.180399120952043,0.0946385972744654,-0.668684954829558,0.0384795993024504,3.05095185043423,0.0946385972744654,492,11668975.613158,0.6,0.0098
inc_to_pov_level,High income,2017-2020,3.2,WTMEC.COMBN,age+gender,fib4_high_vs_low,liver_cap_mod_sev,1513,66196758.384131,25,quasibinomial (logit),0 (Intercept),-2.13541083728332,0.302612986663506,4.43775163283318e-07,-2.72853229114379,-1.54228938342285,0.587895349911555,0.451384182161063,1460,64827359.220238,0.6478,0.014
inc_to_pov_level,High income,2017-2020,3.2,WTMEC.COMBN,age+gender,fib4_high_vs_low,liver_cap_mod_sev,1513,66196758.384131,25,quasibinomial (logit),1,-0.312147281721017,0.407107913835066,0.451384182161063,-1.11007879283775,0.485784229395712,0.587895349911555,0.451384182161063,53,1369399.163893,0.6478,0.014
inc_to_pov_level,Low income,2017-2020,3.2,WTMEC.COMBN,age+gender,fib4_high_vs_low,liver_cap_mod_sev,1127,22158785.989514,25,quasibinomial (logit),0 (Intercept),-1.50093395477796,0.199395699465113,1.59766245455846e-07,-1.89174952572958,-1.11011838382634,4.27412098729382,0.0506594946680251,1092,21686199.967079,0.648,0.0164
inc_to_pov_level,Low income,2017-2020,3.2,WTMEC.COMBN,age+gender,fib4_high_vs_low,liver_cap_mod_sev,1127,22158785.989514,25,quasibinomial (logit),1,-0.955215733279587,0.462038389401311,0.0506594946680251,-1.86081097650616,-0.0496204900530185,4.27412098729382,0.0506594946680251,35,472586.022435,0.648,0.0164
inc_to_pov_level,Middle income,2017-2020,3.2,WTMEC.COMBN,age+gender,fib4_high_vs_low,liver_cap_mod_sev,2935,77284563.382476,25,quasibinomial (logit),0 (Intercept),-1.07924223185887,0.197498098591773,1.72388612916505e-05,-1.46633850509874,-0.692145958618996,8.79477802099595,0.00714098535720609,2825,75301142.042665,0.611,0.0103
inc_to_pov_level,Middle income,2017-2020,3.2,WTMEC.COMBN,age+gender,fib4_high_vs_low,liver_cap_mod_sev,2935,77284563.382476,25,quasibinomial (logit),1,-0.875667937983639,0.295275223825662,0.00714098535720609,-1.45440737668194,-0.296928499285341,8.79477802099595,0.00714098535720609,110,1983421.339811,0.611,0.0103
employ_status,Full-time employed,2017-2020,3.2,WTMEC.COMBN,age+gender,fib4,liver_cap_any,3609,117613153.524093,25,quasibinomial (logit),fib4,-0.913632245789581,0.22729943203675,0.00057512930791284,-1.35913913258161,-0.468125358997552,,,3609,117613153.524093,0.6635,0.0094
employ_status,Unemployed,2017-2020,3.2,WTMEC.COMBN,age+gender,fib4,liver_cap_any,2940,69564502.633891,25,quasibinomial (logit),fib4,-0.172843053055696,0.141287260362993,0.234141705275376,-0.449766083367163,0.104079977255771,,,2940,69564502.633891,0.5896,0.0114
employ_status,Part-time employed,2017-2020,3.2,WTMEC.COMBN,age+gender,fib4,liver_cap_any,799,23699150.377583,25,quasibinomial (logit),fib4,-0.821942212028239,0.220312966981586,0.00116029466337274,-1.25375562731215,-0.39012879674433,,,799,23699150.377583,0.681,0.019
employ_status,Student,2017-2020,3.2,WTMEC.COMBN,age+gender,fib4,liver_cap_any,155,3159989.234178,21,quasibinomial (logit),fib4,-1.14086585118078,0.962703963965707,0.251402883788967,-3.02776562055357,0.746033918192004,,,155,3159989.234178,0.6134,0.0466
employ_status,Full-time employed,2017-2020,3.2,WTMEC.COMBN,age+gender,fib4_mod_vs_low,liver_cap_any,3563,116651969.210131,25,quasibinomial (logit),0 (Intercept),-1.29465305070441,0.286603686360164,0.000170545617571952,-1.85639627597033,-0.732909825438488,30.3152621340337,1.56202370813277e-05,3142,103147653.465362,0.6399,0.0096
employ_status,Full-time employed,2017-2020,3.2,WTMEC.COMBN,age+gender,fib4_mod_vs_low,liver_cap_any,3563,116651969.210131,25,quasibinomial (logit),1,-0.752198275373396,0.136616032709301,1.56202370813277e-05,-1.01996569948363,-0.484430851263166,30.3152621340337,1.56202370813277e-05,421,13504315.744769,0.6399,0.0096
employ_status,Unemployed,2017-2020,3.2,WTMEC.COMBN,age+gender,fib4_mod_vs_low,liver_cap_any,2776,66553272.897716,25,quasibinomial (logit),0 (Intercept),-1.06938775521401,0.183655513394104,7.3790067806238e-06,-1.42935256146646,-0.709422948961572,5.93057326587888,0.023443184522952,2249,54703993.441033,0.5936,0.0118
employ_status,Unemployed,2017-2020,3.2,WTMEC.COMBN,age+gender,fib4_mod_vs_low,liver_cap_any,2776,66553272.897716,25,quasibinomial (logit),1,-0.280044829592535,0.114995069760368,0.023443184522952,-0.505435166322856,-0.0546544928622142,5.93057326587888,0.023443184522952,527,11849279.456683,0.5936,0.0118
employ_status,Part-time employed,2017-2020,3.2,WTMEC.COMBN,age+gender,fib4_mod_vs_low,liver_cap_any,774,23180079.764601,25,quasibinomial (logit),0 (Intercept),-1.32678385627576,0.199086988642216,1.06272836542184e-06,-1.7169943540145,-0.936573358537016,3.08539880889258,0.092910187424179,685,20883724.50697,0.6646,0.0196
employ_status,Part-time employed,2017-2020,3.2,WTMEC.COMBN,age+gender,fib4_mod_vs_low,liver_cap_any,774,23180079.764601,25,quasibinomial (logit),1,-0.400943804419413,0.228258969974781,0.092910187424179,-0.848331385569984,0.0464437767311576,3.08539880889258,0.092910187424179,89,2296355.257631,0.6646,0.0196
employ_status,Student,2017-2020,3.2,WTMEC.COMBN,age+gender,fib4_mod_vs_low,liver_cap_any,155,3159989.234178,21,quasibinomial (logit),0 (Intercept),-1.84694031464874,0.907663050476916,0.0568687400517175,-3.6259598935835,-0.0679207357139864,2.31497712919808,0.14550643198978,152,3108895.790399,0.5892,0.0466
employ_status,Student,2017-2020,3.2,WTMEC.COMBN,age+gender,fib4_mod_vs_low,liver_cap_any,155,3159989.234178,21,quasibinomial (logit),1,-1.94993679749943,1.28158431220089,0.14550643198978,-4.46184204941318,0.561968454414323,2.31497712919808,0.14550643198978,3,51093.443779,0.5892,0.0466
employ_status,Full-time employed,2017-2020,3.2,WTMEC.COMBN,age+gender,fib4_high_vs_low,liver_cap_any,3188,104108837.779324,25,quasibinomial (logit),0 (Intercept),-1.23609730750244,0.273666267555813,0.000170719972413687,-1.77248319191183,-0.699711423093043,3.17454392586927,0.0886047067591692,3142,103147653.465362,0.6466,0.0101
employ_status,Full-time employed,2017-2020,3.2,WTMEC.COMBN,age+gender,fib4_high_vs_low,liver_cap_any,3188,104108837.779324,25,quasibinomial (logit),1,-1.04016032014873,0.583793979598494,0.0886047067591693,-2.18439652016178,0.104075879864318,3.17454392586927,0.0886047067591692,46,961184.313962,0.6466,0.0101
employ_status,Unemployed,2017-2020,3.2,WTMEC.COMBN,age+gender,fib4_high_vs_low,liver_cap_any,2413,57715223.177208,25,quasibinomial (logit),0 (Intercept),-1.06909859726695,0.181453860994497,6.27492485040093e-06,-1.42474816481617,-0.713449029717737,11.7194326296884,0.00243176701432054,2249,54703993.441033,0.61,0.0126
employ_status,Unemployed,2017-2020,3.2,WTMEC.COMBN,age+gender,fib4_high_vs_low,liver_cap_any,2413,57715223.177208,25,quasibinomial (logit),1,-0.793705061617114,0.231849336031413,0.00243176701432054,-1.24812976023868,-0.339280362995545,11.7194326296884,0.00243176701432054,164,3011229.736175,0.61,0.0126
employ_status,Part-time employed,2017-2020,3.2,WTMEC.COMBN,age+gender,fib4_high_vs_low,liver_cap_any,710,21402795.119952,25,quasibinomial (logit),0 (Intercept),-1.25302100377154,0.193857258730612,1.67416064172213e-06,-1.63298123088354,-0.87306077665954,0.0009282518137195,0.97596914307858,685,20883724.50697,0.6704,0.0203
employ_status,Part-time employed,2017-2020,3.2,WTMEC.COMBN,age+gender,fib4_high_vs_low,liver_cap_any,710,21402795.119952,25,quasibinomial (logit),1,-0.0141203117974237,0.463459067473167,0.97596914307858,-0.922500084044831,0.894259460449984,0.0009282518137195,0.97596914307858,25,519070.612982,0.6704,0.0203
employ_status,Full-time employed,2017-2020,3.2,WTMEC.COMBN,age+gender,fib4,liver_cap_mod_sev,3609,117613153.524093,25,quasibinomial (logit),fib4,-1.00631050598705,0.226440129318346,0.000203920167164734,-1.45013315945101,-0.562487852523095,,,3609,117613153.524093,0.6648,0.009
employ_status,Unemployed,2017-2020,3.2,WTMEC.COMBN,age+gender,fib4,liver_cap_mod_sev,2940,69564502.633891,25,quasibinomial (logit),fib4,-0.108737969055529,0.114005638210402,0.350550806496115,-0.332189019947917,0.11471308183686,,,2940,69564502.633891,0.5709,0.0105
employ_status,Part-time employed,2017-2020,3.2,WTMEC.COMBN,age+gender,fib4,liver_cap_mod_sev,799,23699150.377583,25,quasibinomial (logit),fib4,-0.677141968530036,0.230255146860518,0.00756092576613384,-1.12844205637665,-0.22584188068342,,,799,23699150.377583,0.6713,0.0191
employ_status,Student,2017-2020,3.2,WTMEC.COMBN,age+gender,fib4,liver_cap_mod_sev,155,3159989.234178,21,quasibinomial (logit),fib4,-2.13589534721164,1.26600168085249,0.108833111255143,-4.61725864168253,0.345467947259245,,,155,3159989.234178,0.6255,0.058
employ_status,Full-time employed,2017-2020,3.2,WTMEC.COMBN,age+gender,fib4_mod_vs_low,liver_cap_mod_sev,3563,116651969.210131,25,quasibinomial (logit),0 (Intercept),-1.7477971813785,0.238037226534911,2.37777174711461e-07,-2.21435014538693,-1.28124421737007,17.8996979929575,0.000343363049585931,3142,103147653.465362,0.6367,0.0092
employ_status,Full-time employed,2017-2020,3.2,WTMEC.COMBN,age+gender,fib4_mod_vs_low,liver_cap_mod_sev,3563,116651969.210131,25,quasibinomial (logit),1,-0.65736404355738,0.155375698346747,0.000343363049585931,-0.961900412317003,-0.352827674797756,17.8996979929575,0.000343363049585931,421,13504315.744769,0.6367,0.0092
employ_status,Unemployed,2017-2020,3.2,WTMEC.COMBN,age+gender,fib4_mod_vs_low,liver_cap_mod_sev,2776,66553272.897716,25,quasibinomial (logit),0 (Intercept),-1.19265074981959,0.15698261943236,1.37621021814754e-07,-1.50033668390702,-0.884964815732163,3.12907372936597,0.0907711883731312,2249,54703993.441033,0.577,0.0108
employ_status,Unemployed,2017-2020,3.2,WTMEC.COMBN,age+gender,fib4_mod_vs_low,liver_cap_mod_sev,2776,66553272.897716,25,quasibinomial (logit),1,-0.201091964739983,0.113680720941487,0.0907711883731312,-0.423906177785298,0.0217222483053313,3.12907372936597,0.0907711883731312,527,11849279.456683,0.577,0.0108
employ_status,Part-time employed,2017-2020,3.2,WTMEC.COMBN,age+gender,fib4_mod_vs_low,liver_cap_mod_sev,774,23180079.764601,25,quasibinomial (logit),0 (Intercept),-1.88017295079839,0.288669645575522,1.49558969486893e-06,-2.44596545612641,-1.31438044547036,2.06774821072488,0.16451711863782,685,20883724.50697,0.6624,0.0195
employ_status,Part-time employed,2017-2020,3.2,WTMEC.COMBN,age+gender,fib4_mod_vs_low,liver_cap_mod_sev,774,23180079.764601,25,quasibinomial (logit),1,-0.531365847156755,0.369525837888378,0.16451711863782,-1.25563648941798,0.192904795104465,2.06774821072488,0.16451711863782,89,2296355.257631,0.6624,0.0195
employ_status,Student,2017-2020,3.2,WTMEC.COMBN,age+gender,fib4_mod_vs_low,liver_cap_mod_sev,155,3159989.234178,21,quasibinomial (logit),0 (Intercept),-3.24875094954712,0.82095605448257,0.000923679502223679,-4.85782481633296,-1.63967708276128,323.500811054556,5.96704447971383e-13,152,3108895.790399,0.6293,0.0561
employ_status,Student,2017-2020,3.2,WTMEC.COMBN,age+gender,fib4_mod_vs_low,liver_cap_mod_sev,155,3159989.234178,21,quasibinomial (logit),1,-15.5604837526005,0.865138038444721,5.96704447971386e-13,-17.2561543079521,-13.8648131972488,323.500811054556,5.96704447971383e-13,3,51093.443779,0.6293,0.0561
employ_status,Full-time employed,2017-2020,3.2,WTMEC.COMBN,age+gender,fib4_high_vs_low,liver_cap_mod_sev,3188,104108837.779324,25,quasibinomial (logit),0 (Intercept),-1.68181713777398,0.230502990195641,2.62830107309694e-07,-2.13360299855743,-1.23003127699052,2.84875274560894,0.105572747108915,3142,103147653.465362,0.6375,0.0097
employ_status,Full-time employed,2017-2020,3.2,WTMEC.COMBN,age+gender,fib4_high_vs_low,liver_cap_mod_sev,3188,104108837.779324,25,quasibinomial (logit),1,-0.882121779300516,0.522638220427824,0.105572747108915,-1.90649269133905,0.14224913273802,2.84875274560894,0.105572747108915,46,961184.313962,0.6375,0.0097
employ_status,Unemployed,2017-2020,3.2,WTMEC.COMBN,age+gender,fib4_high_vs_low,liver_cap_mod_sev,2413,57715223.177208,25,quasibinomial (logit),0 (Intercept),-1.20950041428194,0.136098535662287,9.87200469370034e-09,-1.47625354418002,-0.942747284383854,4.9520379021584,0.0366253877920518,2249,54703993.441033,0.5869,0.0115
employ_status,Unemployed,2017-2020,3.2,WTMEC.COMBN,age+gender,fib4_high_vs_low,liver_cap_mod_sev,2413,57715223.177208,25,quasibinomial (logit),1,-0.500263143352636,0.224805290513668,0.0366253877920518,-0.940881512759426,-0.0596447739458458,4.9520379021584,0.0366253877920518,164,3011229.736175,0.5869,0.0115
employ_status,Part-time employed,2017-2020,3.2,WTMEC.COMBN,age+gender,fib4_high_vs_low,liver_cap_mod_sev,710,21402795.119952,25,quasibinomial (logit),0 (Intercept),-1.83442773372513,0.300205266936077,3.76839288070331e-06,-2.42283005691984,-1.24602541053042,1.03081978729568,0.321002727183656,685,20883724.50697,0.6652,0.0204
employ_status,Part-time employed,2017-2020,3.2,WTMEC.COMBN,age+gender,fib4_high_vs_low,liver_cap_mod_sev,710,21402795.119952,25,quasibinomial (logit),1,-0.651642803385937,0.641827365475641,0.321002727183656,-1.90962443971819,0.606338832946319,1.03081978729568,0.321002727183656,25,519070.612982,0.6652,0.0204
