strata_var,strata_level,cycle_yrs,n_yrs.,survweight.,model_covars,exposure,outcome,n_total_raw,n_total_weighted,model_df,model_type,exp_level,beta,se,pval,low95CI,up95CI,fstat,f_pval,n_exp_raw,n_exp_weighted,modR2,rmse
None,none,2017-2020,3.2,WTMEC.COMBN,age+gender,fib4,liver_cap,7707,219378559.618537,25,gaussian (identity),fib4,-9.91667695188044,3.42300482992319,0.0083614744739855,-16.6257664185299,-3.20758748523099,,,7707,219378559.618537,0.073,60.7761
None,none,2017-2020,3.2,WTMEC.COMBN,age+gender,fib4_mod_vs_low,liver_cap,7464,214732533.081187,25,gaussian (identity),0 (Intercept),215.029867765598,4.21560590930616,2.43132128208737e-24,206.767280183358,223.292455347838,30.6739921892457,1.44579517265518e-05,6388,186389879.605206,0.0728,60.8359
None,none,2017-2020,3.2,WTMEC.COMBN,age+gender,fib4_mod_vs_low,liver_cap,7464,214732533.081187,25,gaussian (identity),1,-14.5972377274179,2.6356365987469,1.44579517265518e-05,-19.7630854609618,-9.43138999387397,30.6739921892457,1.44579517265518e-05,1076,28342653.475981,0.0728,60.8359
None,none,2017-2020,3.2,WTMEC.COMBN,age+gender,fib4_high_vs_low,liver_cap,6631,191035906.142556,25,gaussian (identity),0 (Intercept),215.662193979389,4.12628482608135,1.42887699991048e-24,207.574675720269,223.749712238508,11.177583963375,0.00294330837460748,6388,186389879.605206,0.0729,60.9413
None,none,2017-2020,3.2,WTMEC.COMBN,age+gender,fib4_high_vs_low,liver_cap,6631,191035906.142556,25,gaussian (identity),1,-21.2530505467095,6.35692817770491,0.00294330837460748,-33.7126297750111,-8.79347131840788,11.177583963375,0.00294330837460748,243,4646026.53735,0.0729,60.9413
gender,Female,2017-2020,3.2,WTMEC.COMBN,age,fib4,liver_cap,3905,111266944.596158,25,gaussian (identity),fib4,-20.8038707627098,3.17757976212387,1.11206205069062e-06,-27.0319270964726,-14.575814428947,,,3905,111266944.596158,0.075,59.5217
gender,Male,2017-2020,3.2,WTMEC.COMBN,age,fib4,liver_cap,3802,108111615.022379,25,gaussian (identity),fib4,-5.40261383178936,2.79065010294985,0.0652560792411486,-10.8722880335711,0.0670603699923467,,,3802,108111615.022379,0.0374,61.7252
gender,Female,2017-2020,3.2,WTMEC.COMBN,age,fib4_mod_vs_low,liver_cap,3821,109438430.957513,25,gaussian (identity),0 (Intercept),212.004498141669,4.60012746744841,3.65053120565456e-24,202.98824830547,221.020747977868,34.1662592137356,5.88631567149471e-06,3357,97296417.935185,0.0645,59.9101
gender,Female,2017-2020,3.2,WTMEC.COMBN,age,fib4_mod_vs_low,liver_cap,3821,109438430.957513,25,gaussian (identity),1,-21.5539182869855,3.68746168421322,5.88631567149469e-06,-28.7813431880434,-14.3264933859275,34.1662592137356,5.88631567149471e-06,464,12142013.022328,0.0645,59.9101
gender,Male,2017-2020,3.2,WTMEC.COMBN,age,fib4_mod_vs_low,liver_cap,3643,105294102.123674,25,gaussian (identity),0 (Intercept),239.768871893337,4.96806228147188,1.27697237059107e-24,230.031469821652,249.506273965022,6.96667025161368,0.0146532343200772,3031,89093461.670021,0.0394,61.7052
gender,Male,2017-2020,3.2,WTMEC.COMBN,age,fib4_mod_vs_low,liver_cap,3643,105294102.123674,25,gaussian (identity),1,-8.78997039873216,3.33023426590674,0.0146532343200772,-15.3172295599094,-2.26271123755495,6.96667025161368,0.0146532343200772,612,16200640.453653,0.0394,61.7052
gender,Female,2017-2020,3.2,WTMEC.COMBN,age,fib4_high_vs_low,liver_cap,3441,99124931.57383,25,gaussian (identity),0 (Intercept),211.855990323273,4.5848073890168,3.4379841787205e-24,202.8697678408,220.842212805746,5.90239216686315,0.0233387205257317,3357,97296417.935185,0.0667,60.3441
gender,Female,2017-2020,3.2,WTMEC.COMBN,age,fib4_high_vs_low,liver_cap,3441,99124931.57383,25,gaussian (identity),1,-18.3334244817479,7.54622175278457,0.0233387205257317,-33.1240191172057,-3.54282984629013,5.90239216686315,0.0233387205257317,84,1828513.638645,0.0667,60.3441
gender,Male,2017-2020,3.2,WTMEC.COMBN,age,fib4_high_vs_low,liver_cap,3190,91910974.568726,25,gaussian (identity),0 (Intercept),239.879329298965,4.88124593882093,8.45573248255394e-25,230.312087258876,249.446571339054,7.48849182605403,0.0117606082247396,3031,89093461.670021,0.0416,61.5374
gender,Male,2017-2020,3.2,WTMEC.COMBN,age,fib4_high_vs_low,liver_cap,3190,91910974.568726,25,gaussian (identity),1,-21.9297938863064,8.01377915326435,0.0117606082247396,-37.6368010267045,-6.22278674590831,7.48849182605403,0.0117606082247396,159,2817512.898705,0.0416,61.5374
age_4lvl,under30y,2017-2020,3.2,WTMEC.COMBN,age+gender,fib4,liver_cap,1444,45335679.254935,25,gaussian (identity),fib4,-60.7183908370312,13.2370957352079,0.000143842121974005,-86.6630984780387,-34.7736831960237,,,1444,45335679.254935,0.0897,57.8929
age_4lvl,40to64y,2017-2020,3.2,WTMEC.COMBN,age+gender,fib4,liver_cap,3336,93799496.137793,25,gaussian (identity),fib4,-8.74257446768275,2.55950714531837,0.00247656029808752,-13.7592084725068,-3.72594046285874,,,3336,93799496.137793,0.0476,59.9494
age_4lvl,30to39y,2017-2020,3.2,WTMEC.COMBN,age+gender,fib4,liver_cap,1134,37545135.950357,25,gaussian (identity),fib4,-38.1190912653374,10.8261392135713,0.00192449321433497,-59.3383241239371,-16.8998584067377,,,1134,37545135.950357,0.0709,61.9664
age_4lvl,over65y,2017-2020,3.2,WTMEC.COMBN,age+gender,fib4,liver_cap,1793,42698248.275452,25,gaussian (identity),fib4,-2.90012275743729,2.47589159578387,0.253990820542415,-7.75287028517368,1.9526247702991,,,1793,42698248.275452,0.0298,58.912
age_4lvl,under30y,2017-2020,3.2,WTMEC.COMBN,age+gender,fib4_mod_vs_low,liver_cap,1442,45309787.283026,25,gaussian (identity),0 (Intercept),181.302015535113,18.6850319529651,2.08314271647553e-09,144.679352907302,217.924678162925,1.97107554894476,0.17429342374055,1429,44694929.950175,0.0423,59.3963
age_4lvl,under30y,2017-2020,3.2,WTMEC.COMBN,age+gender,fib4_mod_vs_low,liver_cap,1442,45309787.283026,25,gaussian (identity),1,-21.3426144904601,15.2018339544895,0.17429342374055,-51.1382090412597,8.45298006033937,1.97107554894476,0.17429342374055,13,614857.332851,0.0423,59.3963
age_4lvl,40to64y,2017-2020,3.2,WTMEC.COMBN,age+gender,fib4_mod_vs_low,liver_cap,3265,92356617.57529,25,gaussian (identity),0 (Intercept),216.022821112893,14.448576556224,5.24542005404375e-13,187.703611062694,244.342031163092,41.9616105092123,1.62110050582341e-06,2563,73057822.749062,0.0568,59.6178
age_4lvl,40to64y,2017-2020,3.2,WTMEC.COMBN,age+gender,fib4_mod_vs_low,liver_cap,3265,92356617.57529,25,gaussian (identity),1,-20.4213715690312,3.15252713414902,1.62110050582341e-06,-26.6003247519633,-14.2424183860991,41.9616105092123,1.62110050582341e-06,702,19298794.826228,0.0568,59.6178
age_4lvl,30to39y,2017-2020,3.2,WTMEC.COMBN,age+gender,fib4_mod_vs_low,liver_cap,1132,37493666.32281,25,gaussian (identity),0 (Intercept),151.008376570373,19.8737412020802,1.37315380233179e-07,112.055843814296,189.960909326451,0.170777714675067,0.683421854293061,1107,36818428.768802,0.0482,62.7614
age_4lvl,30to39y,2017-2020,3.2,WTMEC.COMBN,age+gender,fib4_mod_vs_low,liver_cap,1132,37493666.32281,25,gaussian (identity),1,7.15935882256896,17.3244130927714,0.683421854293062,-26.7964908392631,41.115208484401,0.170777714675067,0.683421854293061,25,675237.554008,0.0482,62.7614
age_4lvl,over65y,2017-2020,3.2,WTMEC.COMBN,age+gender,fib4_mod_vs_low,liver_cap,1625,39572461.900061,25,gaussian (identity),0 (Intercept),378.660419992327,33.120105990806,1.00140885948953e-10,313.745012250348,443.575827734307,1.94435693182862,0.177119365250717,1289,31818698.137167,0.0274,58.9669
age_4lvl,over65y,2017-2020,3.2,WTMEC.COMBN,age+gender,fib4_mod_vs_low,liver_cap,1625,39572461.900061,25,gaussian (identity),1,-7.36953448154145,5.28508600280725,0.177119365250717,-17.7283030470437,2.98923408396075,1.94435693182862,0.177119365250717,336,7753763.762894,0.0274,58.9669
age_4lvl,under30y,2017-2020,3.2,WTMEC.COMBN,age+gender,fib4_high_vs_low,liver_cap,1431,44720821.922084,25,gaussian (identity),0 (Intercept),183.706626715951,19.0437151283773,2.31377881456078e-09,146.380945064332,221.032308367571,0.688705305455171,0.415519919501778,1429,44694929.950175,0.0411,59.4279
age_4lvl,under30y,2017-2020,3.2,WTMEC.COMBN,age+gender,fib4_high_vs_low,liver_cap,1431,44720821.922084,25,gaussian (identity),1,-15.2124916164052,18.330893642344,0.415519919501778,-51.1410431553994,20.7160599225891,0.688705305455171,0.415519919501778,2,25891.971909,0.0411,59.4279
age_4lvl,40to64y,2017-2020,3.2,WTMEC.COMBN,age+gender,fib4_high_vs_low,liver_cap,2634,74500701.311565,25,gaussian (identity),0 (Intercept),222.65631122117,13.1682753021078,4.311945435569e-14,196.846491629039,248.466130813301,0.236345697371833,0.631665379575196,2563,73057822.749062,0.0391,59.715
age_4lvl,40to64y,2017-2020,3.2,WTMEC.COMBN,age+gender,fib4_high_vs_low,liver_cap,2634,74500701.311565,25,gaussian (identity),1,-5.70547602026942,11.7359441522774,0.631665379575196,-28.7079265587331,17.2969745181943,0.236345697371833,0.631665379575196,71,1442878.562503,0.0391,59.715
age_4lvl,30to39y,2017-2020,3.2,WTMEC.COMBN,age+gender,fib4_high_vs_low,liver_cap,1109,36869898.396349,25,gaussian (identity),0 (Intercept),146.264558870391,19.0414735166106,1.15132562355532e-07,108.943270777834,183.585846962948,13.8342514395951,0.00119262485903436,1107,36818428.768802,0.0528,62.5085
age_4lvl,30to39y,2017-2020,3.2,WTMEC.COMBN,age+gender,fib4_high_vs_low,liver_cap,1109,36869898.396349,25,gaussian (identity),1,17.3777813485982,4.67214697401417,0.00119262485903436,8.2203732795304,26.5351894176659,13.8342514395951,0.00119262485903436,2,51469.627547,0.0528,62.5085
age_4lvl,over65y,2017-2020,3.2,WTMEC.COMBN,age+gender,fib4_high_vs_low,liver_cap,1457,34944484.512558,25,gaussian (identity),0 (Intercept),396.399371662439,31.97420762311,2.12090550057385e-11,333.729924721143,459.068818603734,2.36242825525893,0.138547474710046,1289,31818698.137167,0.0333,58.7984
age_4lvl,over65y,2017-2020,3.2,WTMEC.COMBN,age+gender,fib4_high_vs_low,liver_cap,1457,34944484.512558,25,gaussian (identity),1,-10.8499941247205,7.05911389211256,0.138547474710046,-24.6858573532611,2.98586910382016,2.36242825525893,0.138547474710046,168,3125786.375391,0.0333,58.7984
racethn_combn,NHAsian,2017-2020,3.2,WTMEC.COMBN,age+gender,fib4,liver_cap,921,12511171.091774,24,gaussian (identity),fib4,-1.3612638015533,1.40826291604325,0.344732071351173,-4.12145911699807,1.39893151389147,,,921,12511171.091774,0.095,56.0731
racethn_combn,NHW,2017-2020,3.2,WTMEC.COMBN,age+gender,fib4,liver_cap,2689,138281171.290024,25,gaussian (identity),fib4,-13.541008173914,3.58548465882896,0.00103834232519363,-20.5685581052188,-6.51345824260928,,,2689,138281171.290024,0.0852,60.3845
racethn_combn,Other/Multi-Racial,2017-2020,3.2,WTMEC.COMBN,age+gender,fib4,liver_cap,383,9113834.601934,25,gaussian (identity),fib4,-0.832994863922451,11.8507705659516,0.944597597037476,-24.0605051731876,22.3945154453427,,,383,9113834.601934,0.0679,59.4622
racethn_combn,Mexican-American,2017-2020,3.2,WTMEC.COMBN,age+gender,fib4,liver_cap,968,19441496.56284,20,gaussian (identity),fib4,-9.78430772179596,4.09764369279884,0.028829306245699,-17.8156893596817,-1.75292608391024,,,968,19441496.56284,0.0609,59.8683
racethn_combn,NHB,2017-2020,3.2,WTMEC.COMBN,age+gender,fib4,liver_cap,1931,23232677.148005,25,gaussian (identity),fib4,-18.9218857606332,2.2108934394484,1.8914463705771e-08,-23.2552369019521,-14.5885346193144,,,1931,23232677.148005,0.0755,59.2749
racethn_combn,Other Hispanic,2017-2020,3.2,WTMEC.COMBN,age+gender,fib4,liver_cap,815,16798208.92396,24,gaussian (identity),fib4,-13.6211043807997,6.21407601987145,0.0397911599116391,-25.8006933797477,-1.44151538185163,,,815,16798208.92396,0.0953,62.7153
racethn_combn,NHAsian,2017-2020,3.2,WTMEC.COMBN,age+gender,fib4_mod_vs_low,liver_cap,902,12297768.653784,24,gaussian (identity),0 (Intercept),207.768268310722,5.5409036704706,1.00075411787803e-20,196.9080971166,218.628439504844,2.91563046711083,0.102468557986496,776,10750982.957344,0.0984,56.0194
racethn_combn,NHAsian,2017-2020,3.2,WTMEC.COMBN,age+gender,fib4_mod_vs_low,liver_cap,902,12297768.653784,24,gaussian (identity),1,-10.573932003917,6.19256071673054,0.102468557986496,-22.7113510087089,1.56348700087482,2.91563046711083,0.102468557986496,126,1546785.69644,0.0984,56.0194
racethn_combn,NHW,2017-2020,3.2,WTMEC.COMBN,age+gender,fib4_mod_vs_low,liver_cap,2580,135326524.223481,25,gaussian (identity),0 (Intercept),212.073303577778,6.68981440640259,7.40825466672097e-20,198.961267341229,225.185339814327,21.1289735619073,0.000140498681381462,2178,115548409.621338,0.0832,60.6115
racethn_combn,NHW,2017-2020,3.2,WTMEC.COMBN,age+gender,fib4_mod_vs_low,liver_cap,2580,135326524.223481,25,gaussian (identity),1,-13.9144613807423,3.02710300993657,0.000140498681381462,-19.847583280218,-7.9813394812666,21.1289735619073,0.000140498681381462,402,19778114.602143,0.0832,60.6115
racethn_combn,Other/Multi-Racial,2017-2020,3.2,WTMEC.COMBN,age+gender,fib4_mod_vs_low,liver_cap,369,8838346.859324,25,gaussian (identity),0 (Intercept),223.280095060839,11.8145759885849,4.33769621815376e-15,200.123526123213,246.436663998466,0.146348295254906,0.705720718953754,323,7811373.061161,0.0602,58.6443
racethn_combn,Other/Multi-Racial,2017-2020,3.2,WTMEC.COMBN,age+gender,fib4_mod_vs_low,liver_cap,369,8838346.859324,25,gaussian (identity),1,-6.04525140305669,15.8023083736418,0.705720718953754,-37.0177758153946,24.9272730092813,0.146348295254906,0.705720718953754,46,1026973.798163,0.0602,58.6443
racethn_combn,Mexican-American,2017-2020,3.2,WTMEC.COMBN,age+gender,fib4_mod_vs_low,liver_cap,951,19173650.539648,20,gaussian (identity),0 (Intercept),238.669414534054,8.67115981623441,1.53569042555933e-15,221.673941294235,255.664887773873,0.795621383928243,0.384857562757822,841,17664383.206928,0.0582,60.0671
racethn_combn,Mexican-American,2017-2020,3.2,WTMEC.COMBN,age+gender,fib4_mod_vs_low,liver_cap,951,19173650.539648,20,gaussian (identity),1,-5.76636521665932,6.46470812470756,0.384857562757822,-18.4371931410861,6.9044627077675,0.795621383928243,0.384857562757822,110,1509267.33272,0.0582,60.0671
racethn_combn,NHB,2017-2020,3.2,WTMEC.COMBN,age+gender,fib4_mod_vs_low,liver_cap,1865,22591839.060142,25,gaussian (identity),0 (Intercept),206.143154613773,4.95462110419053,2.05655545055238e-22,196.432097249559,215.854211977986,23.2304106290827,8.15803989472715e-05,1570,19632308.668269,0.0662,59.6099
racethn_combn,NHB,2017-2020,3.2,WTMEC.COMBN,age+gender,fib4_mod_vs_low,liver_cap,1865,22591839.060142,25,gaussian (identity),1,-21.3839815898244,4.4367006628271,8.15803989472715e-05,-30.0799148889655,-12.6880482906833,23.2304106290827,8.15803989472715e-05,295,2959530.391873,0.0662,59.6099
racethn_combn,Other Hispanic,2017-2020,3.2,WTMEC.COMBN,age+gender,fib4_mod_vs_low,liver_cap,797,16504403.744808,23,gaussian (identity),0 (Intercept),202.552919339535,11.096362071616,6.13013133936927e-14,180.804049679167,224.301788999902,4.97263591473139,0.0373712015062148,700,14982422.090166,0.0857,62.8574
racethn_combn,Other Hispanic,2017-2020,3.2,WTMEC.COMBN,age+gender,fib4_mod_vs_low,liver_cap,797,16504403.744808,23,gaussian (identity),1,-21.3115372451282,9.55699692421724,0.0373712015062148,-40.043251216594,-2.5798232736624,4.97263591473139,0.0373712015062148,97,1521981.654642,0.0857,62.8574
racethn_combn,NHAsian,2017-2020,3.2,WTMEC.COMBN,age+gender,fib4_high_vs_low,liver_cap,795,10964385.395334,24,gaussian (identity),0 (Intercept),207.072409249627,5.64599932368795,1.58264248713228e-20,196.006250575199,218.138567924055,0.49689395908571,0.488613264861219,776,10750982.957344,0.1064,56.3755
racethn_combn,NHAsian,2017-2020,3.2,WTMEC.COMBN,age+gender,fib4_high_vs_low,liver_cap,795,10964385.395334,24,gaussian (identity),1,-10.9900617166249,15.5907954199556,0.488613264861219,-41.5480207397379,19.5678973064881,0.49689395908571,0.488613264861219,19,213402.43799,0.1064,56.3755
racethn_combn,NHW,2017-2020,3.2,WTMEC.COMBN,age+gender,fib4_high_vs_low,liver_cap,2287,118503056.687881,25,gaussian (identity),0 (Intercept),213.621574220981,6.33314238900601,1.94175046983087e-20,201.208615138529,226.034533303433,14.6197303912676,0.000926517208470895,2178,115548409.621338,0.0808,60.5339
racethn_combn,NHW,2017-2020,3.2,WTMEC.COMBN,age+gender,fib4_high_vs_low,liver_cap,2287,118503056.687881,25,gaussian (identity),1,-25.9144124903901,6.7775336966215,0.000926517208470895,-39.1983785357683,-12.630446445012,14.6197303912676,0.000926517208470895,109,2954647.066543,0.0808,60.5339
racethn_combn,Other/Multi-Racial,2017-2020,3.2,WTMEC.COMBN,age+gender,fib4_high_vs_low,liver_cap,337,8086860.803771,25,gaussian (identity),0 (Intercept),222.351963853426,12.038013884813,6.97637933078202e-15,198.757456639193,245.946471067659,0.786440840346855,0.38477059554121,323,7811373.061161,0.0843,59.2696
racethn_combn,Other/Multi-Racial,2017-2020,3.2,WTMEC.COMBN,age+gender,fib4_high_vs_low,liver_cap,337,8086860.803771,25,gaussian (identity),1,32.2032805072223,36.3134143949118,0.38477059554121,-38.9710117068048,103.377572721249,0.786440840346855,0.38477059554121,14,275487.74261,0.0843,59.2696
racethn_combn,Mexican-American,2017-2020,3.2,WTMEC.COMBN,age+gender,fib4_high_vs_low,liver_cap,858,17932229.23012,20,gaussian (identity),0 (Intercept),239.661186335364,8.98782483496313,2.60303206417923e-15,222.045049658837,257.277323011892,0.901503995239748,0.355682595222467,841,17664383.206928,0.054,60.1884
racethn_combn,Mexican-American,2017-2020,3.2,WTMEC.COMBN,age+gender,fib4_high_vs_low,liver_cap,858,17932229.23012,20,gaussian (identity),1,-12.0967847997798,12.7404898676725,0.355682595222467,-37.0681449404178,12.8745753408582,0.901503995239748,0.355682595222467,17,267846.023192,0.054,60.1884
racethn_combn,NHB,2017-2020,3.2,WTMEC.COMBN,age+gender,fib4_high_vs_low,liver_cap,1636,20273146.756132,23,gaussian (identity),0 (Intercept),205.88808846386,4.97393810602076,7.40579332859099e-21,196.139169776059,215.637007151661,16.1202081661853,0.00067927925692716,1570,19632308.668269,0.0723,60.1213
racethn_combn,NHB,2017-2020,3.2,WTMEC.COMBN,age+gender,fib4_high_vs_low,liver_cap,1636,20273146.756132,23,gaussian (identity),1,-35.3641975695496,8.80802391890203,0.00067927925692716,-52.6279244505976,-18.1004706885016,16.1202081661853,0.00067927925692716,66,640838.087863,0.0723,60.1213
racethn_combn,Other Hispanic,2017-2020,3.2,WTMEC.COMBN,age+gender,fib4_high_vs_low,liver_cap,718,15276227.269318,23,gaussian (identity),0 (Intercept),195.453865057138,10.26897556263,2.77436391416346e-14,175.326672954384,215.581057159893,0.0571030457244083,0.813566334819988,700,14982422.090166,0.1119,62.6213
racethn_combn,Other Hispanic,2017-2020,3.2,WTMEC.COMBN,age+gender,fib4_high_vs_low,liver_cap,718,15276227.269318,23,gaussian (identity),1,-4.9786559531993,20.834471060235,0.813566334819988,-45.8142192312598,35.8569073248612,0.0571030457244083,0.813566334819988,18,293805.179152,0.1119,62.6213
educ_level,College graduate or above,2017-2020,3.2,WTMEC.COMBN,age+gender,fib4,liver_cap,1824,67879388.948104,25,gaussian (identity),fib4,-23.4500984129983,3.4727748560975,8.71721040451624e-07,-30.2567371309494,-16.6434596950472,,,1824,67879388.948104,0.114,56.4122
educ_level,9-11th grade,2017-2020,3.2,WTMEC.COMBN,age+gender,fib4,liver_cap,796,15307950.795896,25,gaussian (identity),fib4,-15.9250233115788,4.83029995465343,0.00328613599100024,-25.3924112226995,-6.45763540045807,,,796,15307950.795896,0.0637,58.8626
educ_level,Some college or AA degree,2017-2020,3.2,WTMEC.COMBN,age+gender,fib4,liver_cap,2392,64959172.624315,25,gaussian (identity),fib4,-7.33532489789205,3.97400912905002,0.0784185832325077,-15.1243827908301,0.453732995045992,,,2392,64959172.624315,0.066,61.775
educ_level,HS graduate or GED,2017-2020,3.2,WTMEC.COMBN,age+gender,fib4,liver_cap,1768,57148772.734706,25,gaussian (identity),fib4,-11.6151736385137,3.8466901354793,0.00630262933631014,-19.1546863040531,-4.07566097297425,,,1768,57148772.734706,0.052,63.0571
educ_level,Less than 9th grade,2017-2020,3.2,WTMEC.COMBN,age+gender,fib4,liver_cap,565,7726254.138136,25,gaussian (identity),fib4,-0.41988793372486,1.05622620418318,0.694803138302106,-2.4900912939239,1.65031542647418,,,565,7726254.138136,0.0095,62.7885
educ_level,College graduate or above,2017-2020,3.2,WTMEC.COMBN,age+gender,fib4_mod_vs_low,liver_cap,1771,66695225.541611,25,gaussian (identity),0 (Intercept),200.888086360849,9.85530062697769,8.9528552103897e-16,181.571697131972,220.204475589725,21.7164301041812,0.000120352357905665,1505,58021304.517193,0.1059,56.8133
educ_level,College graduate or above,2017-2020,3.2,WTMEC.COMBN,age+gender,fib4_mod_vs_low,liver_cap,1771,66695225.541611,25,gaussian (identity),1,-25.0672398667856,5.37913321207202,0.000120352357905665,-35.6103409624468,-14.5241387711244,21.7164301041812,0.000120352357905665,266,8673921.024418,0.1059,56.8133
educ_level,9-11th grade,2017-2020,3.2,WTMEC.COMBN,age+gender,fib4_mod_vs_low,liver_cap,764,14849004.703126,25,gaussian (identity),0 (Intercept),223.822905310148,9.7395895765685,7.17093887667081e-17,204.733309740074,242.912500880222,11.4380798663726,0.00268396852421817,654,12412447.937129,0.0695,58.5544
educ_level,9-11th grade,2017-2020,3.2,WTMEC.COMBN,age+gender,fib4_mod_vs_low,liver_cap,764,14849004.703126,25,gaussian (identity),1,-26.0762273319397,7.71024531677971,0.00268396852421816,-41.1883081528279,-10.9641465110514,11.4380798663726,0.00268396852421817,110,2436556.765997,0.0695,58.5544
educ_level,Some college or AA degree,2017-2020,3.2,WTMEC.COMBN,age+gender,fib4_mod_vs_low,liver_cap,2321,63578359.623421,25,gaussian (identity),0 (Intercept),220.475190765888,5.57868560378523,6.28341090646053e-22,209.540966982469,231.409414549307,4.82751664738507,0.0388347791010837,1990,55197223.27179,0.0663,61.6615
educ_level,Some college or AA degree,2017-2020,3.2,WTMEC.COMBN,age+gender,fib4_mod_vs_low,liver_cap,2321,63578359.623421,25,gaussian (identity),1,-12.0586194654446,5.48827292643187,0.0388347791010837,-22.815634401251,-1.30160452963809,4.82751664738507,0.0388347791010837,331,8381136.351631,0.0663,61.6615
educ_level,HS graduate or GED,2017-2020,3.2,WTMEC.COMBN,age+gender,fib4_mod_vs_low,liver_cap,1700,55699121.772046,25,gaussian (identity),0 (Intercept),229.52547467562,7.52898100857795,1.71888114552233e-19,214.768671898807,244.282277452432,0.0136534304227607,0.908040739980003,1441,48271910.648805,0.0461,63.4308
educ_level,HS graduate or GED,2017-2020,3.2,WTMEC.COMBN,age+gender,fib4_mod_vs_low,liver_cap,1700,55699121.772046,25,gaussian (identity),1,-0.767230283413583,6.5660599828194,0.908040739980003,-13.6367078497396,12.1022472829124,0.0136534304227607,0.908040739980003,259,7427211.123241,0.0461,63.4308
educ_level,Less than 9th grade,2017-2020,3.2,WTMEC.COMBN,age+gender,fib4_mod_vs_low,liver_cap,547,7566011.235395,25,gaussian (identity),0 (Intercept),245.113760654466,11.4159654390913,3.00741412861552e-16,222.738468393847,267.489052915085,3.23086830762584,0.0860036000563114,442,6224631.404454,0.0198,62.3595
educ_level,Less than 9th grade,2017-2020,3.2,WTMEC.COMBN,age+gender,fib4_mod_vs_low,liver_cap,547,7566011.235395,25,gaussian (identity),1,-17.0620830875172,9.49232117810354,0.0860036000563114,-35.6670325966001,1.54286642156575,3.23086830762584,0.0860036000563114,105,1341379.830941,0.0198,62.3595
educ_level,College graduate or above,2017-2020,3.2,WTMEC.COMBN,age+gender,fib4_high_vs_low,liver_cap,1558,59205467.923686,25,gaussian (identity),0 (Intercept),202.396410545116,9.79270661074756,6.69746740782218e-16,183.20270558805,221.590115502181,5.81953904386842,0.0246313280845301,1505,58021304.517193,0.1024,56.8233
educ_level,College graduate or above,2017-2020,3.2,WTMEC.COMBN,age+gender,fib4_high_vs_low,liver_cap,1558,59205467.923686,25,gaussian (identity),1,-25.2909175757338,10.4838377976058,0.0246313280845301,-45.8392396590412,-4.74259549242629,5.81953904386842,0.0246313280845301,53,1184163.406493,0.1024,56.8233
educ_level,9-11th grade,2017-2020,3.2,WTMEC.COMBN,age+gender,fib4_high_vs_low,liver_cap,686,12871394.029899,25,gaussian (identity),0 (Intercept),221.111343668101,10.2243660644303,2.58546153786546e-16,201.071586181818,241.151101154385,21.2796785458149,0.000135000398284514,654,12412447.937129,0.0727,59.3462
educ_level,9-11th grade,2017-2020,3.2,WTMEC.COMBN,age+gender,fib4_high_vs_low,liver_cap,686,12871394.029899,25,gaussian (identity),1,-44.7724344348288,9.70572937188614,0.000135000398284514,-63.7956640037256,-25.7492048659319,21.2796785458149,0.000135000398284514,32,458946.09277,0.0727,59.3462
educ_level,Some college or AA degree,2017-2020,3.2,WTMEC.COMBN,age+gender,fib4_high_vs_low,liver_cap,2061,56578036.272684,25,gaussian (identity),0 (Intercept),221.200151881137,5.29814035916808,1.90748030232795e-22,210.815796777168,231.584506985107,0.845505774100363,0.367799563322021,1990,55197223.27179,0.0651,61.441
educ_level,Some college or AA degree,2017-2020,3.2,WTMEC.COMBN,age+gender,fib4_high_vs_low,liver_cap,2061,56578036.272684,25,gaussian (identity),1,-10.6573144869948,11.5901616361631,0.367799563322021,-33.3740312938744,12.0594023198849,0.845505774100363,0.367799563322021,71,1380813.000894,0.0651,61.441
educ_level,HS graduate or GED,2017-2020,3.2,WTMEC.COMBN,age+gender,fib4_high_vs_low,liver_cap,1509,49721561.611465,25,gaussian (identity),0 (Intercept),230.403666599377,7.73375992646993,2.81950355128598e-19,215.245497143496,245.561836055258,4.13373394658166,0.0542756776566807,1441,48271910.648805,0.0423,64.1906
educ_level,HS graduate or GED,2017-2020,3.2,WTMEC.COMBN,age+gender,fib4_high_vs_low,liver_cap,1509,49721561.611465,25,gaussian (identity),1,-21.8313992402658,10.7376763908759,0.0542756776566807,-42.8772449663826,-0.785553514149051,4.13373394658166,0.0542756776566807,68,1449650.96266,0.0423,64.1906
educ_level,Less than 9th grade,2017-2020,3.2,WTMEC.COMBN,age+gender,fib4_high_vs_low,liver_cap,460,6384874.307195,25,gaussian (identity),0 (Intercept),240.294235635236,13.3769414632219,1.24151961251709e-14,214.075430367321,266.513040903151,1.01017689253325,0.325787860074951,442,6224631.404454,0.0218,63.3516
educ_level,Less than 9th grade,2017-2020,3.2,WTMEC.COMBN,age+gender,fib4_high_vs_low,liver_cap,460,6384874.307195,25,gaussian (identity),1,-12.9023968050691,12.8372405487511,0.325787860074951,-38.0633882806213,12.2585946704831,1.01017689253325,0.325787860074951,18,160242.902741,0.0218,63.3516
employ_status,Full-time employed,2017-2020,3.2,WTMEC.COMBN,age+gender,fib4,liver_cap,3683,120080691.892297,25,gaussian (identity),fib4,-21.0754129383869,3.38683825998376,2.9074744559378e-06,-27.7136159279551,-14.4372099488187,,,3683,120080691.892297,0.0829,60.8026
employ_status,Unemployed,2017-2020,3.2,WTMEC.COMBN,age+gender,fib4,liver_cap,3043,71573036.722002,25,gaussian (identity),fib4,-4.75356253343215,2.76056883660415,0.09911085887061,-10.1642774531763,0.657152386311996,,,3043,71573036.722002,0.0501,60.8312
employ_status,Part-time employed,2017-2020,3.2,WTMEC.COMBN,age+gender,fib4,liver_cap,821,24440556.714762,25,gaussian (identity),fib4,-14.0883909412378,5.48855570049098,0.0175873939133674,-24.8459601142002,-3.33082176827549,,,821,24440556.714762,0.1122,59.1956
employ_status,Student,2017-2020,3.2,WTMEC.COMBN,age+gender,fib4,liver_cap,157,3226834.974811,21,gaussian (identity),fib4,-63.3593408270215,21.2748936309672,0.00805952671748079,-105.058132343717,-21.6605493103257,,,157,3226834.974811,0.105,52.2597
employ_status,Full-time employed,2017-2020,3.2,WTMEC.COMBN,age+gender,fib4_mod_vs_low,liver_cap,3637,119119507.578335,25,gaussian (identity),0 (Intercept),207.070458908896,8.61566600444103,2.7737294104359e-17,190.183753540192,223.957164277601,45.3854215620418,9.02909316266959e-07,3207,105452891.024861,0.0761,60.9683
employ_status,Full-time employed,2017-2020,3.2,WTMEC.COMBN,age+gender,fib4_mod_vs_low,liver_cap,3637,119119507.578335,25,gaussian (identity),1,-23.4589567354688,3.48217431225823,9.02909316266959e-07,-30.284018387495,-16.6338950834427,45.3854215620418,9.02909316266959e-07,430,13666616.553474,0.0761,60.9683
employ_status,Unemployed,2017-2020,3.2,WTMEC.COMBN,age+gender,fib4_mod_vs_low,liver_cap,2872,68430014.461314,25,gaussian (identity),0 (Intercept),224.889372289774,4.36568163810776,1.96098102389006e-24,216.332636279083,233.446108300465,3.85305729796872,0.0624222732528961,2324,56177380.608222,0.0538,60.9141
employ_status,Unemployed,2017-2020,3.2,WTMEC.COMBN,age+gender,fib4_mod_vs_low,liver_cap,2872,68430014.461314,25,gaussian (identity),1,-7.32845334755912,3.73344359027158,0.0624222732528961,-14.6460027844914,-0.0109039106268281,3.85305729796872,0.0624222732528961,548,12252633.853092,0.0538,60.9141
employ_status,Part-time employed,2017-2020,3.2,WTMEC.COMBN,age+gender,fib4_mod_vs_low,liver_cap,795,23898736.752062,25,gaussian (identity),0 (Intercept),205.437044747492,6.59340625309952,1.07481842558183e-19,192.513968491417,218.360121003567,0.478199522995692,0.496472406919546,700,21526427.126426,0.104,59.4875
employ_status,Part-time employed,2017-2020,3.2,WTMEC.COMBN,age+gender,fib4_mod_vs_low,liver_cap,795,23898736.752062,25,gaussian (identity),1,-5.9454331500477,8.59763355844715,0.496472406919546,-22.7967949246041,10.9059286245087,0.478199522995692,0.496472406919546,95,2372309.625636,0.104,59.4875
employ_status,Student,2017-2020,3.2,WTMEC.COMBN,age+gender,fib4_mod_vs_low,liver_cap,157,3226834.974811,21,gaussian (identity),0 (Intercept),202.192406910792,15.362611851318,1.1249984794847e-10,172.081687682209,232.303126139375,9.87112049714201,0.00563839349912142,154,3175741.531032,0.0761,53.0968
employ_status,Student,2017-2020,3.2,WTMEC.COMBN,age+gender,fib4_mod_vs_low,liver_cap,157,3226834.974811,21,gaussian (identity),1,-65.4063130077201,20.8178771659849,0.00563839349912142,-106.20935225305,-24.6032737623898,9.87112049714201,0.00563839349912142,3,51093.443779,0.0761,53.0968
employ_status,Full-time employed,2017-2020,3.2,WTMEC.COMBN,age+gender,fib4_high_vs_low,liver_cap,3253,106414075.338823,25,gaussian (identity),0 (Intercept),207.603782302205,8.58271873574843,2.42113148805449e-17,190.781653580138,224.425911024272,0.68006582539121,0.418416045276154,3207,105452891.024861,0.0735,61.4087
employ_status,Full-time employed,2017-2020,3.2,WTMEC.COMBN,age+gender,fib4_high_vs_low,liver_cap,3253,106414075.338823,25,gaussian (identity),1,-14.4475492879596,17.5193790486451,0.418416045276154,-48.785532223304,19.8904336473849,0.68006582539121,0.418416045276154,46,961184.313962,0.0735,61.4087
employ_status,Unemployed,2017-2020,3.2,WTMEC.COMBN,age+gender,fib4_high_vs_low,liver_cap,2495,59320402.86891,25,gaussian (identity),0 (Intercept),223.370689789313,4.43058425007856,3.1372858882549e-24,214.686744659159,232.054634919467,13.5318993077325,0.00131655437424489,2324,56177380.608222,0.0596,60.4691
employ_status,Unemployed,2017-2020,3.2,WTMEC.COMBN,age+gender,fib4_high_vs_low,liver_cap,2495,59320402.86891,25,gaussian (identity),1,-21.4637825741752,5.83481218967055,0.00131655437424489,-32.9000144659295,-10.0275506824209,13.5318993077325,0.00131655437424489,171,3143022.260688,0.0596,60.4691
employ_status,Part-time employed,2017-2020,3.2,WTMEC.COMBN,age+gender,fib4_high_vs_low,liver_cap,726,22068247.089126,25,gaussian (identity),0 (Intercept),205.85538999209,6.56333471402919,9.32296314323764e-20,192.991253952593,218.719526031588,0.153071927870398,0.699380361345134,700,21526427.126426,0.1043,59.4484
employ_status,Part-time employed,2017-2020,3.2,WTMEC.COMBN,age+gender,fib4_high_vs_low,liver_cap,726,22068247.089126,25,gaussian (identity),1,-6.43962297084633,16.4593494129863,0.699380361345134,-38.6999478202996,25.8207018786069,0.153071927870398,0.699380361345134,26,541819.9627,0.1043,59.4484
inc_to_pov_level,High income,2017-2020,3.2,WTMEC.COMBN,age+gender,fib4,liver_cap,1819,78421773.045287,25,gaussian (identity),fib4,-13.440883418389,5.99125364887808,0.0352661722750806,-25.1837405701901,-1.69802626658798,,,1819,78421773.045287,0.1115,58.5963
inc_to_pov_level,Low income,2017-2020,3.2,WTMEC.COMBN,age+gender,fib4,liver_cap,1319,25045758.446457,25,gaussian (identity),fib4,-14.5241161381188,3.174082740099,0.000147806149937018,-20.7453183087128,-8.30291396752472,,,1319,25045758.446457,0.0901,62.9933
inc_to_pov_level,Middle income,2017-2020,3.2,WTMEC.COMBN,age+gender,fib4,liver_cap,3531,91696035.667985,25,gaussian (identity),fib4,-6.22557368063256,3.51194191906894,0.0901290282385196,-13.1089798420077,0.657832480742563,,,3531,91696035.667985,0.0418,61.8659
inc_to_pov_level,High income,2017-2020,3.2,WTMEC.COMBN,age+gender,fib4_mod_vs_low,liver_cap,1765,76990194.768408,25,gaussian (identity),0 (Intercept),197.592887599377,11.964437664279,6.98099612084549e-14,174.14258977739,221.043185421363,10.8907617883753,0.00326118087477742,1491,66125345.317629,0.111,58.6655
inc_to_pov_level,High income,2017-2020,3.2,WTMEC.COMBN,age+gender,fib4_mod_vs_low,liver_cap,1765,76990194.768408,25,gaussian (identity),1,-18.6793602574732,5.66021422816011,0.00326118087477742,-29.7733801446671,-7.5853403702794,10.8907617883753,0.00326118087477742,274,10864849.450779,0.111,58.6655
inc_to_pov_level,Low income,2017-2020,3.2,WTMEC.COMBN,age+gender,fib4_mod_vs_low,liver_cap,1281,24527648.274569,25,gaussian (identity),0 (Intercept),210.227426187885,6.38505663509916,3.27279931174311e-20,197.712715183091,222.74213719268,1.74828271825183,0.199675758697683,1111,21914956.981869,0.0772,63.4605
inc_to_pov_level,Low income,2017-2020,3.2,WTMEC.COMBN,age+gender,fib4_mod_vs_low,liver_cap,1281,24527648.274569,25,gaussian (identity),1,-10.8726230987381,8.22296612394957,0.199675758697683,-26.9896367016793,5.24439050420303,1.74828271825183,0.199675758697683,170,2612691.2927,0.0772,63.4605
inc_to_pov_level,Middle income,2017-2020,3.2,WTMEC.COMBN,age+gender,fib4_mod_vs_low,liver_cap,3418,89675009.43604,25,gaussian (identity),0 (Intercept),228.748550729251,4.85918624329793,1.39872764180161e-23,219.224545692387,238.272555766115,5.782105481573,0.0250469495986082,2910,77675939.369444,0.0435,61.8632
inc_to_pov_level,Middle income,2017-2020,3.2,WTMEC.COMBN,age+gender,fib4_mod_vs_low,liver_cap,3418,89675009.43604,25,gaussian (identity),1,-10.5104293248545,4.3709662301761,0.0250469495986082,-19.0775231359996,-1.94333551370934,5.782105481573,0.0250469495986082,508,11999070.066596,0.0435,61.8632
inc_to_pov_level,High income,2017-2020,3.2,WTMEC.COMBN,age+gender,fib4_high_vs_low,liver_cap,1545,67556923.594508,25,gaussian (identity),0 (Intercept),198.506331062573,11.9228048054433,5.9161599887173e-14,175.137633643905,221.875028481242,1.69499569207663,0.206411174782228,1491,66125345.317629,0.1134,58.437
inc_to_pov_level,High income,2017-2020,3.2,WTMEC.COMBN,age+gender,fib4_high_vs_low,liver_cap,1545,67556923.594508,25,gaussian (identity),1,-18.5259278973816,14.2296975746278,0.206411174782228,-46.416135143652,9.36427934888888,1.69499569207663,0.206411174782228,54,1431578.276879,0.1134,58.437
inc_to_pov_level,Low income,2017-2020,3.2,WTMEC.COMBN,age+gender,fib4_high_vs_low,liver_cap,1149,22433067.153757,25,gaussian (identity),0 (Intercept),208.162089324573,6.07532490180159,1.38400057961444e-20,196.254452517042,220.069726132104,2.88635714298979,0.103432065375188,1111,21914956.981869,0.0855,62.8954
inc_to_pov_level,Low income,2017-2020,3.2,WTMEC.COMBN,age+gender,fib4_high_vs_low,liver_cap,1149,22433067.153757,25,gaussian (identity),1,-20.347113707766,11.9764409732695,0.103432065375188,-43.8209380153742,3.12671059984215,2.88635714298979,0.103432065375188,38,518110.171888,0.0855,62.8954
inc_to_pov_level,Middle income,2017-2020,3.2,WTMEC.COMBN,age+gender,fib4_high_vs_low,liver_cap,3023,79696965.601389,25,gaussian (identity),0 (Intercept),229.857334170436,4.74278881767827,7.42030466565563e-24,220.561468087787,239.153200253085,6.63779333817382,0.017221628030872,2910,77675939.369444,0.042,62.3718
inc_to_pov_level,Middle income,2017-2020,3.2,WTMEC.COMBN,age+gender,fib4_high_vs_low,liver_cap,3023,79696965.601389,25,gaussian (identity),1,-23.2253306702206,9.01467434616804,0.017221628030872,-40.89409238871,-5.55656895173122,6.63779333817382,0.017221628030872,113,2021026.231945,0.042,62.3718
