strata_var,strata_level,cycle_yrs,n_yrs.,survweight.,model_covars,exposure,outcome,n_total_raw,n_total_weighted,model_df,model_type,exp_level,beta,se,pval,low95CI,up95CI,fstat,f_pval,n_exp_raw,n_exp_weighted
None,none,1999-2020,21.2,WTMEC.COMBN,age+gender,educ_level,smoke_current,44739,165503814.648218,163,quasibinomial (logit),College graduate or above (Intercept),-1.86846264617661,0.0781968291551157,3.6217421515134e-54,-2.02172843132063,-1.71519686103258,358.577387913458,7.8747006280779e-78,9677,46455541.3166443
None,none,1999-2020,21.2,WTMEC.COMBN,age+gender,educ_level,smoke_current,44739,165503814.648218,163,quasibinomial (logit),Some college or AA degree,1.14935011096609,0.053340257578738,9.3292244478604e-49,1.04480320611176,1.25389701582042,358.577387913458,7.8747006280779e-78,12551,49928869.9579298
None,none,1999-2020,21.2,WTMEC.COMBN,age+gender,educ_level,smoke_current,44739,165503814.648218,163,quasibinomial (logit),HS graduate or GED,1.53881988064202,0.0490635366510906,1.68076766376965e-69,1.44265534880588,1.63498441247816,358.577387913458,7.8747006280779e-78,10463,40132736.9024655
None,none,1999-2020,21.2,WTMEC.COMBN,age+gender,educ_level,smoke_current,44739,165503814.648218,163,quasibinomial (logit),9-11th grade,1.93795024257247,0.0586439319673065,1.34560772838987e-72,1.82300813591655,2.05289234922839,358.577387913458,7.8747006280779e-78,6846,19180413.8623285
None,none,1999-2020,21.2,WTMEC.COMBN,age+gender,educ_level,smoke_current,44739,165503814.648218,163,quasibinomial (logit),Less than 9th grade,1.11727535455913,0.0729204146737211,5.48055982531515e-33,0.97435134179864,1.26019936731963,358.577387913458,7.8747006280779e-78,5202,9806252.60885019
None,none,1999-2020,21.2,WTMEC.COMBN,age+gender,educ_level,smoke_ever,59190,219765351.777663,163,quasibinomial (logit),College graduate or above (Intercept),-1.63247961715103,0.0624066229771942,4.14758469906009e-59,-1.75479659818633,-1.51016263611573,226.755720443574,3.93052641128914e-64,12638,61061729.3811075
None,none,1999-2020,21.2,WTMEC.COMBN,age+gender,educ_level,smoke_ever,59190,219765351.777663,163,quasibinomial (logit),Some college or AA degree,0.679659661323019,0.0373904726051916,1.83831063520746e-40,0.606374335016844,0.752944987629195,226.755720443574,3.93052641128914e-64,16692,67298641.867677
None,none,1999-2020,21.2,WTMEC.COMBN,age+gender,educ_level,smoke_ever,59190,219765351.777663,163,quasibinomial (logit),HS graduate or GED,0.861111056684613,0.0364797327888837,1.61979735635695e-53,0.789610780418401,0.932611332950825,226.755720443574,3.93052641128914e-64,13879,53504615.6715116
None,none,1999-2020,21.2,WTMEC.COMBN,age+gender,educ_level,smoke_ever,59190,219765351.777663,163,quasibinomial (logit),9-11th grade,1.12919879248618,0.045176896815559,1.32885913315494e-56,1.04065207472769,1.21774551024468,226.755720443574,3.93052641128914e-64,8907,24898133.0607645
None,none,1999-2020,21.2,WTMEC.COMBN,age+gender,educ_level,smoke_ever,59190,219765351.777663,163,quasibinomial (logit),Less than 9th grade,0.431659182487364,0.0543038497666156,3.44329254998343e-13,0.325223636944798,0.538094728029931,226.755720443574,3.93052641128914e-64,7074,13002231.7966024
None,none,1999-2020,21.2,WTMEC.COMBN,age+gender,educ_level,alch_drink_curr,42388,174072149.708891,163,quasibinomial (logit),College graduate or above (Intercept),2.65756053810814,0.129750314877508,3.35497450316173e-46,2.40324992094823,2.91187115526806,105.142771860123,2.2736881761688e-43,9810,51715928.5929951
None,none,1999-2020,21.2,WTMEC.COMBN,age+gender,educ_level,alch_drink_curr,42388,174072149.708891,163,quasibinomial (logit),Some college or AA degree,-0.231233372800124,0.0594228490955373,0.000146993148302821,-0.347702157027377,-0.114764588572871,105.142771860123,2.2736881761688e-43,12621,54857220.1182207
None,none,1999-2020,21.2,WTMEC.COMBN,age+gender,educ_level,alch_drink_curr,42388,174072149.708891,163,quasibinomial (logit),HS graduate or GED,-0.587932883971237,0.0746554658772652,5.2571129749071e-13,-0.734257597090676,-0.441608170851797,105.142771860123,2.2736881761688e-43,9856,41302869.1151247
None,none,1999-2020,21.2,WTMEC.COMBN,age+gender,educ_level,alch_drink_curr,42388,174072149.708891,163,quasibinomial (logit),9-11th grade,-0.879421547123194,0.0846184224735863,1.40066993804297e-19,-1.04527365517142,-0.713569439074964,105.142771860123,2.2736881761688e-43,5962,18082891.2346317
None,none,1999-2020,21.2,WTMEC.COMBN,age+gender,educ_level,alch_drink_curr,42388,174072149.708891,163,quasibinomial (logit),Less than 9th grade,-1.4877398053383,0.0918967562997615,2.69432751946707e-35,-1.66785744768583,-1.30762216299077,105.142771860123,2.2736881761688e-43,4139,8113240.64791849
None,none,1999-2020,21.2,WTMEC.COMBN,age+gender,educ_level,alch_drink_daily,42388,174072149.708891,163,quasibinomial (logit),College graduate or above (Intercept),-5.18051882653865,0.118272761334456,6.35385915863472e-90,-5.41233343875419,-4.94870421432312,7.25523726611103,2.18587359388306e-05,9810,51715928.5929951
None,none,1999-2020,21.2,WTMEC.COMBN,age+gender,educ_level,alch_drink_daily,42388,174072149.708891,163,quasibinomial (logit),Some college or AA degree,-0.302039131780699,0.0779817576785436,0.000157330656612087,-0.454883376830644,-0.149194886730754,7.25523726611103,2.18587359388306e-05,12621,54857220.1182207
None,none,1999-2020,21.2,WTMEC.COMBN,age+gender,educ_level,alch_drink_daily,42388,174072149.708891,163,quasibinomial (logit),HS graduate or GED,-0.190206453090737,0.0881992528512844,0.0325624859334762,-0.363076988679254,-0.0173359175022191,7.25523726611103,2.18587359388306e-05,9856,41302869.1151247
None,none,1999-2020,21.2,WTMEC.COMBN,age+gender,educ_level,alch_drink_daily,42388,174072149.708891,163,quasibinomial (logit),9-11th grade,-0.246663545852736,0.0968861044997579,0.0118624044940926,-0.436560310672261,-0.0567667810332101,7.25523726611103,2.18587359388306e-05,5962,18082891.2346317
None,none,1999-2020,21.2,WTMEC.COMBN,age+gender,educ_level,alch_drink_daily,42388,174072149.708891,163,quasibinomial (logit),Less than 9th grade,-0.583876626890064,0.122579524495572,4.30254810639963e-06,-0.824132494901386,-0.343620758878742,7.25523726611103,2.18587359388306e-05,4139,8113240.64791849
None,none,1999-2020,21.2,WTMEC.COMBN,age+gender,educ_level,alch_drink_weekly,42388,174072149.708891,163,quasibinomial (logit),College graduate or above (Intercept),-0.49286543093321,0.0666653507049854,8.0447148773311e-12,-0.623529518314981,-0.362201343551439,86.5332307673021,1.08749176965177e-38,9810,51715928.5929951
None,none,1999-2020,21.2,WTMEC.COMBN,age+gender,educ_level,alch_drink_weekly,42388,174072149.708891,163,quasibinomial (logit),Some college or AA degree,-0.453895614071877,0.0448501735061067,7.58403979192531e-19,-0.541801954143847,-0.365989273999908,86.5332307673021,1.08749176965177e-38,12621,54857220.1182207
None,none,1999-2020,21.2,WTMEC.COMBN,age+gender,educ_level,alch_drink_weekly,42388,174072149.708891,163,quasibinomial (logit),HS graduate or GED,-0.641730220022103,0.0470211533225422,1.84301661670895e-28,-0.733891680534286,-0.54956875950992,86.5332307673021,1.08749176965177e-38,9856,41302869.1151247
None,none,1999-2020,21.2,WTMEC.COMBN,age+gender,educ_level,alch_drink_weekly,42388,174072149.708891,163,quasibinomial (logit),9-11th grade,-0.732241151266746,0.0555039676251547,3.21756634858625e-27,-0.841028927812049,-0.623453374721442,86.5332307673021,1.08749176965177e-38,5962,18082891.2346317
None,none,1999-2020,21.2,WTMEC.COMBN,age+gender,educ_level,alch_drink_weekly,42388,174072149.708891,163,quasibinomial (logit),Less than 9th grade,-1.12503163631489,0.0654064481819149,6.01373377234689e-38,-1.25322827475145,-0.99683499787834,86.5332307673021,1.08749176965177e-38,4139,8113240.64791849
None,none,1999-2020,21.2,WTMEC.COMBN,age+gender,educ_level,pa_total_mets_wk,62241,224290920.807327,163,gaussian (identity),College graduate or above (Intercept),3629.23621617437,86.4434351902039,2.92920535976422e-87,3459.80708320157,3798.66534914716,45.0266064795617,3.81308195617561e-25,12623,60980090.9799193
None,none,1999-2020,21.2,WTMEC.COMBN,age+gender,educ_level,pa_total_mets_wk,62241,224290920.807327,163,gaussian (identity),Some college or AA degree,930.457974241949,76.358057796753,1.83434323672483e-24,780.796180960313,1080.11976752359,45.0266064795617,3.81308195617561e-25,17395,68565630.1943505
None,none,1999-2020,21.2,WTMEC.COMBN,age+gender,educ_level,pa_total_mets_wk,62241,224290920.807327,163,gaussian (identity),HS graduate or GED,1017.58147954486,105.706247031298,1.58097532771813e-17,810.397235363518,1224.76572372621,45.0266064795617,3.81308195617561e-25,14864,55135026.9798153
None,none,1999-2020,21.2,WTMEC.COMBN,age+gender,educ_level,pa_total_mets_wk,62241,224290920.807327,163,gaussian (identity),9-11th grade,565.066276286461,119.524697356952,5.01846172274776e-06,330.797869466836,799.334683106087,45.0266064795617,3.81308195617561e-25,10162,26494006.154023
None,none,1999-2020,21.2,WTMEC.COMBN,age+gender,educ_level,pa_total_mets_wk,62241,224290920.807327,163,gaussian (identity),Less than 9th grade,207.742930951146,129.417483948639,0.110456022673852,-45.9153375881876,461.401199490479,45.0266064795617,3.81308195617561e-25,7197,13116166.4992187
None,none,1999-2020,21.2,WTMEC.COMBN,age+gender,educ_level,pa_meets_guidelines,62241,224290920.807327,163,quasibinomial (logit),College graduate or above (Intercept),1.478803297874,0.0434075973402209,2.01894236894454e-74,1.39372440708717,1.56388218866084,171.822720527205,2.88904724004964e-56,12623,60980090.9799193
None,none,1999-2020,21.2,WTMEC.COMBN,age+gender,educ_level,pa_meets_guidelines,62241,224290920.807327,163,quasibinomial (logit),Some college or AA degree,-0.401852184899952,0.0358907995040223,9.2486214667205e-22,-0.472198151927835,-0.331506217872068,171.822720527205,2.88904724004964e-56,17395,68565630.1943505
None,none,1999-2020,21.2,WTMEC.COMBN,age+gender,educ_level,pa_meets_guidelines,62241,224290920.807327,163,quasibinomial (logit),HS graduate or GED,-0.635054651726391,0.0372523879324674,1.50641677326951e-37,-0.708069332074027,-0.562039971378755,171.822720527205,2.88904724004964e-56,14864,55135026.9798153
None,none,1999-2020,21.2,WTMEC.COMBN,age+gender,educ_level,pa_meets_guidelines,62241,224290920.807327,163,quasibinomial (logit),9-11th grade,-0.974333527538356,0.0476551800008249,4.11762606565608e-46,-1.06773768033997,-0.88092937473674,171.822720527205,2.88904724004964e-56,10162,26494006.154023
None,none,1999-2020,21.2,WTMEC.COMBN,age+gender,educ_level,pa_meets_guidelines,62241,224290920.807327,163,quasibinomial (logit),Less than 9th grade,-1.27950975934432,0.0530691371269705,1.19164705929185e-54,-1.38352526811318,-1.17549425057546,171.822720527205,2.88904724004964e-56,7197,13116166.4992187
None,none,2005-2020,15.2,WTDR.COMBN,age+gender,educ_level,hei2015_total,35027,232054131.199827,119,gaussian (identity),College graduate or above (Intercept),49.8225378413813,0.433563152729047,6.9808243815293e-119,48.9727540620324,50.6723216207302,138.108216401838,1.49254499042979e-42,8012,69018861.0054116
None,none,2005-2020,15.2,WTDR.COMBN,age+gender,educ_level,hei2015_total,35027,232054131.199827,119,gaussian (identity),Some college or AA degree,-5.07521730771737,0.35812829661383,8.03237290870878e-27,-5.77714876908048,-4.37328584635427,138.108216401838,1.49254499042979e-42,10568,72807950.6362096
None,none,2005-2020,15.2,WTDR.COMBN,age+gender,educ_level,hei2015_total,35027,232054131.199827,119,gaussian (identity),HS graduate or GED,-7.44454040094662,0.375785883582766,1.475560401444e-38,-8.18108073276884,-6.7080000691244,138.108216401838,1.49254499042979e-42,8279,55262505.7142246
None,none,2005-2020,15.2,WTDR.COMBN,age+gender,educ_level,hei2015_total,35027,232054131.199827,119,gaussian (identity),9-11th grade,-7.83955789820698,0.358000461681966,1.82091986484444e-42,-8.54123880310364,-7.13787699331033,138.108216401838,1.49254499042979e-42,5077,24273857.3126432
None,none,2005-2020,15.2,WTDR.COMBN,age+gender,educ_level,hei2015_total,35027,232054131.199827,119,gaussian (identity),Less than 9th grade,-5.41686922659979,0.44412391601302,2.40796451623369e-22,-6.28735210198531,-4.54638635121428,138.108216401838,1.49254499042979e-42,3091,10690956.531338
None,none,2005-2020,15.2,WTDR.COMBN,age+gender,educ_level,ahei_total,34990,231808219.408551,119,gaussian (identity),College graduate or above (Intercept),43.6586034984854,0.357386165449744,7.35450190801428e-122,42.9581266142039,44.3590803827669,287.909460735281,2.86814647224005e-58,8005,68960097.9191022
None,none,2005-2020,15.2,WTDR.COMBN,age+gender,educ_level,ahei_total,34990,231808219.408551,119,gaussian (identity),Some college or AA degree,-4.85278566095042,0.28147674322412,2.02152694457212e-33,-5.4044800776697,-4.30109124423115,287.909460735281,2.86814647224005e-58,10559,72769653.0603813
None,none,2005-2020,15.2,WTDR.COMBN,age+gender,educ_level,ahei_total,34990,231808219.408551,119,gaussian (identity),HS graduate or GED,-7.35670615920333,0.250440441594932,9.96160823706032e-55,-7.84756942472939,-6.86584289367726,287.909460735281,2.86814647224005e-58,8265,55161187.6534815
None,none,2005-2020,15.2,WTDR.COMBN,age+gender,educ_level,ahei_total,34990,231808219.408551,119,gaussian (identity),9-11th grade,-7.99323850382554,0.28188299413123,3.34938983892223e-53,-8.54572917232275,-7.44074783532832,287.909460735281,2.86814647224005e-58,5072,24236226.104825
None,none,2005-2020,15.2,WTDR.COMBN,age+gender,educ_level,ahei_total,34990,231808219.408551,119,gaussian (identity),Less than 9th grade,-6.64943929558538,0.370660349560372,7.45962607625862e-35,-7.37593358072371,-5.92294501044705,287.909460735281,2.86814647224005e-58,3089,10681054.6707612
None,none,2005-2020,15.2,WTDR.COMBN,age+gender,educ_level,dii_total,34990,231808219.408551,119,gaussian (identity),College graduate or above (Intercept),2.22057205484671,0.0739964081783188,1.17026411645022e-55,2.0755390948172,2.36560501487621,181.649540684207,3.06871930371615e-48,8005,68960097.9191022
None,none,2005-2020,15.2,WTDR.COMBN,age+gender,educ_level,dii_total,34990,231808219.408551,119,gaussian (identity),Some college or AA degree,0.758131942580223,0.0478246349804533,1.69872732608199e-30,0.664395658018534,0.851868227141911,181.649540684207,3.06871930371615e-48,10559,72769653.0603813
None,none,2005-2020,15.2,WTDR.COMBN,age+gender,educ_level,dii_total,34990,231808219.408551,119,gaussian (identity),HS graduate or GED,1.20222857792911,0.0476350758501286,2.93846310843544e-48,1.10886382926286,1.29559332659536,181.649540684207,3.06871930371615e-48,8265,55161187.6534815
None,none,2005-2020,15.2,WTDR.COMBN,age+gender,educ_level,dii_total,34990,231808219.408551,119,gaussian (identity),9-11th grade,1.45369673378506,0.0690277772995164,6.34801276951035e-41,1.318402290278,1.58899117729211,181.649540684207,3.06871930371615e-48,5072,24236226.104825
None,none,2005-2020,15.2,WTDR.COMBN,age+gender,educ_level,dii_total,34990,231808219.408551,119,gaussian (identity),Less than 9th grade,1.44427153510439,0.0873882187617001,6.24678483482384e-32,1.27299062633145,1.61555244387732,181.649540684207,3.06871930371615e-48,3089,10681054.6707612
None,none,1999-2020,21.2,WTMEC.COMBN,age+gender,educ_level,dietsuppl_any,62454,224980993.117031,163,quasibinomial (logit),College graduate or above (Intercept),-1.88216617264871,0.0696366399109083,6.17438913718375e-61,-2.01865398687409,-1.74567835842333,113.517618670024,2.77484975501808e-45,12643,61076992.8132769
None,none,1999-2020,21.2,WTMEC.COMBN,age+gender,educ_level,dietsuppl_any,62454,224980993.117031,163,quasibinomial (logit),Some college or AA degree,-0.350083171886115,0.046860703297174,5.21247011695142e-12,-0.441930150348576,-0.258236193423654,113.517618670024,2.77484975501808e-45,17458,68800582.0424379
None,none,1999-2020,21.2,WTMEC.COMBN,age+gender,educ_level,dietsuppl_any,62454,224980993.117031,163,quasibinomial (logit),HS graduate or GED,-0.653649524200516,0.0510186923190067,3.53505961210703e-26,-0.753646161145769,-0.553652887255263,113.517618670024,2.77484975501808e-45,14923,55331322.5818383
None,none,1999-2020,21.2,WTMEC.COMBN,age+gender,educ_level,dietsuppl_any,62454,224980993.117031,163,quasibinomial (logit),9-11th grade,-0.993261817616175,0.0654944604148184,1.43781076006533e-32,-1.12163096002922,-0.864892675203131,113.517618670024,2.77484975501808e-45,10206,26612560.6364836
None,none,1999-2020,21.2,WTMEC.COMBN,age+gender,educ_level,dietsuppl_any,62454,224980993.117031,163,quasibinomial (logit),Less than 9th grade,-1.41733414130641,0.0736554487823654,3.7716954113273e-43,-1.56169882091984,-1.27296946169297,113.517618670024,2.77484975501808e-45,7224,13159535.042994
None,none,2007-2020,13.2,WTMEC.COMBN,age+gender,educ_level,dietsuppl_num,35065,218365055.785095,104,gaussian (identity),College graduate or above (Intercept),-0.0812139342049594,0.0497264826179862,0.105633128469372,-0.178677840136212,0.0162499717262936,142.019470728958,7.05831072649196e-40,7881,64272682.8755729
None,none,2007-2020,13.2,WTMEC.COMBN,age+gender,educ_level,dietsuppl_num,35065,218365055.785095,104,gaussian (identity),Some college or AA degree,-0.345597088852169,0.053628989967806,4.36853745146804e-09,-0.450709909189068,-0.240484268515269,142.019470728958,7.05831072649196e-40,10489,68154086.7292673
None,none,2007-2020,13.2,WTMEC.COMBN,age+gender,educ_level,dietsuppl_num,35065,218365055.785095,104,gaussian (identity),HS graduate or GED,-0.592354075469199,0.0516745759027823,8.38790199962522e-20,-0.693636244238653,-0.491071906699746,142.019470728958,7.05831072649196e-40,8245,51999674.6091815
None,none,2007-2020,13.2,WTMEC.COMBN,age+gender,educ_level,dietsuppl_num,35065,218365055.785095,104,gaussian (identity),9-11th grade,-0.835456668192132,0.0543506980955859,7.36335478990205e-28,-0.941984036459481,-0.728929299924784,142.019470728958,7.05831072649196e-40,5145,23270517.0702342
None,none,2007-2020,13.2,WTMEC.COMBN,age+gender,educ_level,dietsuppl_num,35065,218365055.785095,104,gaussian (identity),Less than 9th grade,-1.22956376992794,0.0633181984126789,2.30314924506432e-35,-1.35366743881679,-1.10546010103909,142.019470728958,7.05831072649196e-40,3305,10668094.5008389
None,none,1999-2020,21.2,WTMEC.COMBN,age+gender,educ_level,addsalt_prep_often,61494,222076394.282251,163,quasibinomial (logit),College graduate or above (Intercept),0.683982624971366,0.0491460370797471,3.39937157806079e-29,0.587656392295062,0.780308857647671,9.39559855769587,7.79801624714678e-07,12502,60530785.9342279
None,none,1999-2020,21.2,WTMEC.COMBN,age+gender,educ_level,addsalt_prep_often,61494,222076394.282251,163,quasibinomial (logit),Some college or AA degree,-0.0907243561002028,0.0429897336153437,0.0364112108932576,-0.174984233986276,-0.00646447821412922,9.39559855769587,7.79801624714678e-07,17250,68016729.8224095
None,none,1999-2020,21.2,WTMEC.COMBN,age+gender,educ_level,addsalt_prep_often,61494,222076394.282251,163,quasibinomial (logit),HS graduate or GED,-0.191061822710961,0.0520994142930134,0.000335158973039382,-0.293176674725267,-0.0889469706966546,9.39559855769587,7.79801624714678e-07,14686,54553340.6748739
None,none,1999-2020,21.2,WTMEC.COMBN,age+gender,educ_level,addsalt_prep_often,61494,222076394.282251,163,quasibinomial (logit),9-11th grade,-0.300755128453762,0.0529379930779763,6.32358689929618e-08,-0.404513594886596,-0.196996662020928,9.39559855769587,7.79801624714678e-07,10058,26243385.1349674
None,none,1999-2020,21.2,WTMEC.COMBN,age+gender,educ_level,addsalt_prep_often,61494,222076394.282251,163,quasibinomial (logit),Less than 9th grade,-0.251803914010629,0.0625778397868478,8.87941590443724e-05,-0.37445647999285,-0.129151348028407,9.39559855769587,7.79801624714678e-07,6998,12732152.7157726
None,none,1999-2020,21.2,WTMEC.COMBN,age+gender,educ_level,addsalt_table_often,62399,224834627.025144,163,quasibinomial (logit),College graduate or above (Intercept),-0.741704362432946,0.0415002784003205,1.1087123560568e-39,-0.823044908097574,-0.660363816768318,21.6770329086599,2.95232039124288e-14,12638,61049464.3689167
None,none,1999-2020,21.2,WTMEC.COMBN,age+gender,educ_level,addsalt_table_often,62399,224834627.025144,163,quasibinomial (logit),Some college or AA degree,0.0978358828622613,0.0358469760819003,0.00707225454352375,0.0275758097417366,0.168095955982786,21.6770329086599,2.95232039124288e-14,17449,68774465.9993704
None,none,1999-2020,21.2,WTMEC.COMBN,age+gender,educ_level,addsalt_table_often,62399,224834627.025144,163,quasibinomial (logit),HS graduate or GED,0.138245136778069,0.042937414809947,0.00155965757849714,0.0540878037505726,0.222402469805565,21.6770329086599,2.95232039124288e-14,14916,55291745.5209795
None,none,1999-2020,21.2,WTMEC.COMBN,age+gender,educ_level,addsalt_table_often,62399,224834627.025144,163,quasibinomial (logit),9-11th grade,0.0261385723329288,0.0441867975675421,0.555004694865224,-0.0604675508994538,0.112744695565311,21.6770329086599,2.95232039124288e-14,10200,26600476.6395503
None,none,1999-2020,21.2,WTMEC.COMBN,age+gender,educ_level,addsalt_table_often,62399,224834627.025144,163,quasibinomial (logit),Less than 9th grade,-0.259221527647292,0.047204441103012,1.57247831614448e-07,-0.351742232209196,-0.166700823085389,21.6770329086599,2.95232039124288e-14,7196,13118474.4963272
None,none,1999-2020,21.2,WTMEC.COMBN,age+gender,educ_level,restaur_freq_gt2,62413,224894738.427211,163,quasibinomial (logit),College graduate or above (Intercept),0.935153008406152,0.0474544898185078,2.66527711052273e-44,0.842142208361877,1.02816380845043,206.750329962983,1.79421816524909e-61,12638,61069118.6258325
None,none,1999-2020,21.2,WTMEC.COMBN,age+gender,educ_level,restaur_freq_gt2,62413,224894738.427211,163,quasibinomial (logit),Some college or AA degree,-0.207547563908315,0.0327787835560184,2.43069205776014e-09,-0.271793979678111,-0.143301148138519,206.750329962983,1.79421816524909e-61,17446,68763685.0433519
None,none,1999-2020,21.2,WTMEC.COMBN,age+gender,educ_level,restaur_freq_gt2,62413,224894738.427211,163,quasibinomial (logit),HS graduate or GED,-0.500121394443109,0.0391861533166591,4.82150652855324e-26,-0.576926254943761,-0.423316533942458,206.750329962983,1.79421816524909e-61,14912,55309645.6691589
None,none,1999-2020,21.2,WTMEC.COMBN,age+gender,educ_level,restaur_freq_gt2,62413,224894738.427211,163,quasibinomial (logit),9-11th grade,-0.81660845864911,0.0450024326628464,2.21165372610738e-40,-0.904813226668289,-0.728403690629931,206.750329962983,1.79421816524909e-61,10200,26600600.5011078
None,none,1999-2020,21.2,WTMEC.COMBN,age+gender,educ_level,restaur_freq_gt2,62413,224894738.427211,163,quasibinomial (logit),Less than 9th grade,-1.38466114228325,0.0536711200105286,2.42626668659335e-58,-1.48985653750389,-1.27946574706262,206.750329962983,1.79421816524909e-61,7217,13151688.5877599
None,none,1999-2020,21.2,WTMEC.COMBN,age+gender,educ_level,govtmeal_any,20267,55364511.9621616,163,quasibinomial (logit),College graduate or above (Intercept),-10.1623333978595,0.617715131281266,5.47807240614912e-36,-11.3730550551708,-8.95161174054827,23.2922419630073,3.95650904464818e-15,3710,13909738.3401361
None,none,1999-2020,21.2,WTMEC.COMBN,age+gender,educ_level,govtmeal_any,20267,55364511.9621616,163,quasibinomial (logit),Some college or AA degree,0.700838420407073,0.188202204862212,0.00027307649303505,0.331962098877137,1.06971474193701,23.2922419630073,3.95650904464818e-15,4782,14779872.5907918
None,none,1999-2020,21.2,WTMEC.COMBN,age+gender,educ_level,govtmeal_any,20267,55364511.9621616,163,quasibinomial (logit),HS graduate or GED,0.749932168602128,0.16659854947977,1.30858876635961e-05,0.423399011621779,1.07646532558248,23.2922419630073,3.95650904464818e-15,4824,14724422.8743166
None,none,1999-2020,21.2,WTMEC.COMBN,age+gender,educ_level,govtmeal_any,20267,55364511.9621616,163,quasibinomial (logit),9-11th grade,1.17754995674164,0.187939395383462,3.41734143419265e-09,0.809188741790053,1.54591117169323,23.2922419630073,3.95650904464818e-15,3074,6517581.03493608
None,none,1999-2020,21.2,WTMEC.COMBN,age+gender,educ_level,govtmeal_any,20267,55364511.9621616,163,quasibinomial (logit),Less than 9th grade,1.48058548306104,0.170955688969052,5.36157980441236e-15,1.1455123326817,1.81565863344038,23.2922419630073,3.95650904464818e-15,3877,5432897.12198096
None,none,2003-2020,17.2,WTMEC.COMBN,age+gender,educ_level,foodinsecure,49596,224432468.332769,134,quasibinomial (logit),College graduate or above (Intercept),-2.11687831968296,0.0894228500895042,1.35268376433018e-48,-2.29214710585839,-1.94160953350753,285.931680797572,8.86796490632939e-63,10477,62969055.7193066
None,none,2003-2020,17.2,WTMEC.COMBN,age+gender,educ_level,foodinsecure,49596,224432468.332769,134,quasibinomial (logit),Some college or AA degree,1.36994490985354,0.0816175667242963,3.87827089503801e-34,1.20997447907392,1.52991534063316,285.931680797572,8.86796490632939e-63,14417,69839703.8332845
None,none,2003-2020,17.2,WTMEC.COMBN,age+gender,educ_level,foodinsecure,49596,224432468.332769,134,quasibinomial (logit),HS graduate or GED,1.65545447423911,0.0827798704070322,3.3359765022349e-41,1.49320592824132,1.81770302023689,285.931680797572,8.86796490632939e-63,11833,54438906.8387534
None,none,2003-2020,17.2,WTMEC.COMBN,age+gender,educ_level,foodinsecure,49596,224432468.332769,134,quasibinomial (logit),9-11th grade,2.16056550906845,0.0763694820859234,6.40051437577683e-57,2.01088132418004,2.31024969395686,285.931680797572,8.86796490632939e-63,7625,24791064.5668696
None,none,2003-2020,17.2,WTMEC.COMBN,age+gender,educ_level,foodinsecure,49596,224432468.332769,134,quasibinomial (logit),Less than 9th grade,2.72718650793154,0.0907498950646866,7.68947101715352e-60,2.54931671360475,2.90505630225832,285.931680797572,8.86796490632939e-63,5244,12393737.3745546
None,none,1999-2020,21.2,WTMEC.COMBN,age+gender,educ_level,genhealth_low_vs_other,62405,224828603.119564,163,quasibinomial (logit),College graduate or above (Intercept),-3.40563007669254,0.0570482797049864,7.86996921311365e-110,-3.51744470491432,-3.29381544847077,523.667585502303,1.1909199909886e-89,12636,61036857.6693168
None,none,1999-2020,21.2,WTMEC.COMBN,age+gender,educ_level,genhealth_low_vs_other,62405,224828603.119564,163,quasibinomial (logit),Some college or AA degree,0.83000936065235,0.0473493994808346,8.45841253640602e-39,0.737204537669914,0.922814183634786,523.667585502303,1.1909199909886e-89,17444,68759760.4499402
None,none,1999-2020,21.2,WTMEC.COMBN,age+gender,educ_level,genhealth_low_vs_other,62405,224828603.119564,163,quasibinomial (logit),HS graduate or GED,1.25151683688734,0.0514956326386536,4.43010977000814e-55,1.15058539691558,1.3524482768591,523.667585502303,1.1909199909886e-89,14912,55299680.5837644
None,none,1999-2020,21.2,WTMEC.COMBN,age+gender,educ_level,genhealth_low_vs_other,62405,224828603.119564,163,quasibinomial (logit),9-11th grade,1.77309576581133,0.0545618775934773,1.33827993608199e-71,1.66615448572812,1.88003704589455,523.667585502303,1.1909199909886e-89,10201,26596372.8778453
None,none,1999-2020,21.2,WTMEC.COMBN,age+gender,educ_level,genhealth_low_vs_other,62405,224828603.119564,163,quasibinomial (logit),Less than 9th grade,2.43559059406504,0.056030031195627,1.91715870029709e-89,2.32577173292161,2.54540945520847,523.667585502303,1.1909199909886e-89,7212,13135931.538697
None,none,1999-2020,21.2,WTMEC.COMBN,age+gender,educ_level,hc_drvisit,62385,224834949.453048,163,quasibinomial (logit),College graduate or above (Intercept),1.16391938312672,0.0589164356472167,2.01598080393164e-44,1.04844316925818,1.27939559699527,90.3562332202193,1.05038141374954e-39,12640,61073044.3915092
None,none,1999-2020,21.2,WTMEC.COMBN,age+gender,educ_level,hc_drvisit,62385,224834949.453048,163,quasibinomial (logit),Some college or AA degree,-0.219671470312913,0.0450823079927617,2.66907842702028e-06,-0.308032793978726,-0.1313101466471,90.3562332202193,1.05038141374954e-39,17449,68772234.9449116
None,none,1999-2020,21.2,WTMEC.COMBN,age+gender,educ_level,hc_drvisit,62385,224834949.453048,163,quasibinomial (logit),HS graduate or GED,-0.396982968129533,0.0472345789435636,2.43388556239294e-14,-0.489562742858918,-0.304403193400149,90.3562332202193,1.05038141374954e-39,14906,55285339.2231349
None,none,1999-2020,21.2,WTMEC.COMBN,age+gender,educ_level,hc_drvisit,62385,224834949.453048,163,quasibinomial (logit),9-11th grade,-0.732366841497382,0.051202565216878,3.0443585217579e-30,-0.832723869322463,-0.632009813672301,90.3562332202193,1.05038141374954e-39,10190,26574875.2263249
None,none,1999-2020,21.2,WTMEC.COMBN,age+gender,educ_level,hc_drvisit,62385,224834949.453048,163,quasibinomial (logit),Less than 9th grade,-1.02231227152269,0.0589266759812921,2.47981966377311e-38,-1.13780855644602,-0.906815986599359,90.3562332202193,1.05038141374954e-39,7200,13129455.6671677
None,none,1999-2020,21.2,WTMEC.COMBN,age+gender,educ_level,hc_hospadmit,62428,224927655.842571,163,quasibinomial (logit),College graduate or above (Intercept),-3.1007299509358,0.0657042446698963,1.19111620882856e-94,-3.22951027048879,-2.9719496313828,29.8468575768899,1.82755157746221e-18,12641,61071787.6121354
None,none,1999-2020,21.2,WTMEC.COMBN,age+gender,educ_level,hc_hospadmit,62428,224927655.842571,163,quasibinomial (logit),Some college or AA degree,0.282172453283248,0.0480948639096593,2.54695433574342e-08,0.187906520020316,0.37643838654618,29.8468575768899,1.82755157746221e-18,17449,68781505.560411
None,none,1999-2020,21.2,WTMEC.COMBN,age+gender,educ_level,hc_hospadmit,62428,224927655.842571,163,quasibinomial (logit),HS graduate or GED,0.406554809030752,0.0507113790153356,2.32584899375757e-13,0.307160506160695,0.50594911190081,29.8468575768899,1.82755157746221e-18,14919,55324676.8992099
None,none,1999-2020,21.2,WTMEC.COMBN,age+gender,educ_level,hc_hospadmit,62428,224927655.842571,163,quasibinomial (logit),9-11th grade,0.588029234746152,0.0582706037318048,9.06796447037479e-19,0.473818851431815,0.70223961806049,29.8468575768899,1.82755157746221e-18,10202,26600458.3115065
None,none,1999-2020,21.2,WTMEC.COMBN,age+gender,educ_level,hc_hospadmit,62428,224927655.842571,163,quasibinomial (logit),Less than 9th grade,0.511596740294122,0.066563794526077,1.54922942278209e-12,0.381131703023011,0.642061777565233,29.8468575768899,1.82755157746221e-18,7217,13149227.4593082
None,none,1999-2020,21.2,WTMEC.COMBN,age+gender,educ_level,insur_any,62084,224066928.564846,163,quasibinomial (logit),College graduate or above (Intercept),1.02137965645074,0.071013772395288,1.85390307518082e-30,0.882192662555973,1.1605666503455,390.221338975557,1.95151933151255e-80,12596,60934500.9388647
None,none,1999-2020,21.2,WTMEC.COMBN,age+gender,educ_level,insur_any,62084,224066928.564846,163,quasibinomial (logit),Some college or AA degree,-0.965643302028252,0.0639531329036769,2.16682837310634e-32,-1.09099144251946,-0.840295161537046,390.221338975557,1.95151933151255e-80,17384,68557635.8872739
None,none,1999-2020,21.2,WTMEC.COMBN,age+gender,educ_level,insur_any,62084,224066928.564846,163,quasibinomial (logit),HS graduate or GED,-1.36483310721533,0.0610597317167304,1.20275866154609e-50,-1.48451018138012,-1.24515603305053,390.221338975557,1.95151933151255e-80,14820,55051448.9904685
None,none,1999-2020,21.2,WTMEC.COMBN,age+gender,educ_level,insur_any,62084,224066928.564846,163,quasibinomial (logit),9-11th grade,-1.85195139076251,0.0667114094018918,1.91143747018057e-62,-1.98270575319022,-1.7211970283348,390.221338975557,1.95151933151255e-80,10123,26461472.6164237
None,none,1999-2020,21.2,WTMEC.COMBN,age+gender,educ_level,insur_any,62084,224066928.564846,163,quasibinomial (logit),Less than 9th grade,-2.58806350571314,0.0697613483542509,1.3562587224712e-79,-2.72479574848748,-2.45133126293881,390.221338975557,1.95151933151255e-80,7161,13061870.1318151
None,none,1999-2020,21.2,WTMEC.COMBN,age+gender,educ_level,uninsur_lastyr,48973,184773812.660202,163,quasibinomial (logit),College graduate or above (Intercept),-1.33496856470568,0.0933244037991652,3.02013992158314e-30,-1.51788439615205,-1.15205273325932,33.6778192498607,2.8211968601217e-20,11613,57181827.5125519
None,none,1999-2020,21.2,WTMEC.COMBN,age+gender,educ_level,uninsur_lastyr,48973,184773812.660202,163,quasibinomial (logit),Some college or AA degree,0.47409332561372,0.072372589023327,7.76617539065643e-10,0.332243051127999,0.615943600099441,33.6778192498607,2.8211968601217e-20,14276,57589990.3245142
None,none,1999-2020,21.2,WTMEC.COMBN,age+gender,educ_level,uninsur_lastyr,48973,184773812.660202,163,quasibinomial (logit),HS graduate or GED,0.567936897466551,0.0719241835693618,4.65935721758256e-13,0.426965497670602,0.7089082972625,33.6778192498607,2.8211968601217e-20,11415,43473361.7233094
None,none,1999-2020,21.2,WTMEC.COMBN,age+gender,educ_level,uninsur_lastyr,48973,184773812.660202,163,quasibinomial (logit),9-11th grade,0.621387360586091,0.0854417258710144,1.57176303509653e-11,0.453921577878903,0.78885314329328,33.6778192498607,2.8211968601217e-20,6986,18342620.885106
None,none,1999-2020,21.2,WTMEC.COMBN,age+gender,educ_level,uninsur_lastyr,48973,184773812.660202,163,quasibinomial (logit),Less than 9th grade,1.13040309009693,0.102203534324691,2.172603401901e-21,0.930084162820531,1.33072201737332,33.6778192498607,2.8211968601217e-20,4683,8186012.21472074
