Intersect,Variable,Level,Var2_level,mean_total,se_total,mean_Female,mean_Male,se_Female,se_Male,teststat,teststat_val,p_value
sex,educ_level,Collgrad_Above,,27.1476234356855,0.68305631743851,26.8177849223483,27.5028000318001,0.684655239362376,0.755397466230446,"F(3.61, 16.91)",16.9108252069014,3.79669822605025e-12
sex,educ_level,SomeColl_AA,,30.5806197622433,0.35013438326296,32.2757206751863,28.755301771817,0.433553676293545,0.406177701159718,"F(3.61, 16.91)",16.9108252069014,3.79669822605025e-12
sex,educ_level,HSgrad_GED,,24.5937764854012,0.394515037458225,23.8097860478795,25.437992802556,0.399236654405178,0.529039264307106,"F(3.61, 16.91)",16.9108252069014,3.79669822605025e-12
sex,educ_level,SomeHS_9to11,,11.82880396596,0.299830923613295,11.5059890178164,12.1764174489839,0.306035281147389,0.361432064228671,"F(3.61, 16.91)",16.9108252069014,3.79669822605025e-12
sex,educ_level,LessThan9th,,5.84917635071004,0.197540863841466,5.59071933676955,6.12748794484302,0.207691535892268,0.222951172914452,"F(3.61, 16.91)",16.9108252069014,3.79669822605025e-12
sex,inc_to_pov,0.05,,0.51,0.0177248878740666,0.46,0.57,0.0177248878740666,0.020257014713219,"F(3.61, 16.91)",16.9108252069014,3.79669822605025e-12
sex,inc_to_pov,0.25,,1.45,0.0303855220698285,1.34,1.59,0.0253212683915237,0.0329176489089809,"F(3.61, 16.91)",16.9108252069014,3.79669822605025e-12
sex,inc_to_pov,0.5,,2.93,0.0582389173005046,2.73,3.14,0.0557067904613522,0.0531746636221999,"F(3.61, 16.91)",16.9108252069014,3.79669822605025e-12
sex,inc_to_pov,0.75,,5,0,4.81,5,0.0759638051745712,0,"F(3.61, 16.91)",16.9108252069014,3.79669822605025e-12
sex,inc_to_pov,0.95,,5,0,5,5,0,0,"F(3.61, 16.91)",16.9108252069014,3.79669822605025e-12
sex,inc_to_pov_level,HighInc,,35.9063791897125,0.717740028557329,33.6565038388154,38.3189118558373,0.721151532767967,0.762333406531784,"F(3.61, 16.91)",16.9108252069014,3.79669822605025e-12
sex,inc_to_pov_level,MiddleInc,,49.4026148483228,0.587396530668272,50.0657769892541,48.6915086409073,0.595866353965313,0.659419134545828,"F(3.61, 16.91)",16.9108252069014,3.79669822605025e-12
sex,inc_to_pov_level,LowInc,,14.6910059619647,0.407664421743092,16.2777191719305,12.9895795032554,0.449159324057514,0.411578964351009,"F(3.61, 16.91)",16.9108252069014,3.79669822605025e-12
sex,employ_status,Full-time employed,,53.0576595060644,0.415802664179706,43.6261866859655,63.2058672601524,0.481750464136993,0.479868241919023,"F(3.61, 16.91)",16.9108252069014,3.79669822605025e-12
sex,employ_status,Part-time employed,,10.3619365426447,0.214605615933112,13.0129196645109,7.50949472507959,0.307647486496525,0.220132239437698,"F(3.61, 16.91)",16.9108252069014,3.79669822605025e-12
sex,employ_status,Student,,2.13786196832411,0.142130576403478,2.14476039503875,2.1304393028707,0.144768535999298,0.172082405969901,"F(3.61, 16.91)",16.9108252069014,3.79669822605025e-12
sex,employ_status,Unemployed,,34.4425419829668,0.419872006505778,41.2161332544849,27.1541987118974,0.518274919418464,0.443581720321921,"F(3.61, 16.91)",16.9108252069014,3.79669822605025e-12
sex,foodinsecure,0,,85.3765856852652,0.363824446967819,84.9398730804999,85.8469421913592,0.387090299318296,0.395115190740765,"F(3.61, 16.91)",16.9108252069014,3.79669822605025e-12
sex,foodinsecure,1,,14.6234143147348,0.363824446967819,15.0601269195001,14.1530578086408,0.387090299318296,0.395115190740765,"F(3.61, 16.91)",16.9108252069014,3.79669822605025e-12
