Variable,Total,0,1,n_raw_Total,n_raw_0,n_raw_1,n_weight_Total,n_weight_0,n_weight_1
Years,"","","",,,,,,
 2003-2004,10.55 (0.662),10.953 (0.689),8.201 (0.728),5371,4622,749,23828255,21119708,2708546
 2005-2006,11.118 (0.629),11.728 (0.703),7.558 (0.536),5496,4681,815,25110309,22614073,2496237
 2007-2008,11.412 (0.605),11.793 (0.676),9.191 (0.704),6169,5161,1008,25775546,22740053,3035493
 2009-2010,11.547 (0.582),11.632 (0.618),11.053 (0.778),6447,5123,1324,26080037,22429461,3650576
 2011-2012,11.913 (0.663),11.717 (0.763),13.063 (0.9),5836,4636,1200,26907050,22592632,4314418
 2013-2014,12.09 (0.602),11.979 (0.671),12.738 (0.81),6030,4850,1180,27306419,23099505,4206914
 2015-2016,12.049 (0.612),11.499 (0.683),15.263 (1.008),5769,4313,1456,27213180,22172289,5040891
 2017-2020,19.319 (0.741),18.7 (0.779),22.934 (1.127),8959,6867,2092,43633572,36059028,7574544
gender,"","","",,,,,,
 Female,51.855 (0.24),51.589 (0.247),53.403 (0.568),25822,20608,5214,117115742,99477962,17637779
 Male,48.145 (0.24),48.411 (0.247),46.597 (0.568),24255,19645,4610,108738627,93348786,15389841
age_4lvl,"","","",,,,,,
 under30y,21.336 (0.434),20.091 (0.449),28.603 (0.728),10984,8354,2630,48187828,38741058,9446771
 30to39y,17.542 (0.301),16.798 (0.326),21.886 (0.632),7881,6036,1845,39619876,32391549,7228327
 40to64y,43.117 (0.393),43.557 (0.425),40.548 (0.74),19464,15446,4018,97382435,83990276,13392158
 over65y,18.005 (0.377),19.553 (0.419),8.963 (0.472),11748,10417,1331,40664229,37703866,2960363
racethn_combn,"","","",,,,,,
 MexAm,8.497 (0.596),6.918 (0.516),17.712 (1.252),8036,5705,2331,19190183,13340363,5849820
 NHA,3.033 (0.253),3.251 (0.284),1.758 (0.214),3243,2950,293,6849428,6268812,580616
 NHB,11.463 (0.639),10.244 (0.595),18.581 (1.049),11294,8651,2643,25889626,19752925,6136701
 NHW,66.9 (1.173),70.518 (1.114),45.778 (1.796),20928,18145,2783,151097301,135977971,15119330
 Oth/Mult,1.887 (0.112),1.66 (0.098),3.218 (0.407),1013,725,288,4262916,3200066,1062851
 Oth/Mult/NHA,2.668 (0.192),2.749 (0.21),2.191 (0.242),1083,906,177,6024802,5301116,723686
 OthHis,5.552 (0.376),4.66 (0.332),10.763 (0.775),4480,3171,1309,12540113,8985496,3554616
educ_level,"","","",,,,,,
 Collgrad_Above,28.057 (0.778),31.569 (0.83),7.467 (0.546),10477,9864,613,62969056,60526951,2442104
 SomeColl_AA,31.118 (0.391),31.21 (0.428),30.583 (0.749),14417,11837,2580,69839704,59837628,10002076
 HSgrad_GED,24.256 (0.436),23.44 (0.477),29.041 (0.684),11833,9291,2542,54438907,44940988,9497919
 SomeHS_9to11,11.046 (0.342),9.513 (0.347),20.036 (0.548),7625,5412,2213,24791065,18238110,6552954
 LessThan9th,5.522 (0.219),4.268 (0.195),12.873 (0.556),5244,3483,1761,12393737,8183661,4210077
inc_to_pov_level,"","","",,,,,,
 HighInc,36.165 (0.794),41.709 (0.831),3.618 (0.464),11580,11374,206,76878385,75758691,1119694
 MiddleInc,49.199 (0.662),48.129 (0.729),55.476 (1.017),24443,19815,4628,104586812,87420204,17166608
 LowInc,14.637 (0.456),10.161 (0.391),40.905 (1.012),10301,6057,4244,31114292,18456659,12657632
employ_status,"","","",,,,,,
 Full-time employed,52.784 (0.478),54.321 (0.497),43.805 (0.934),22328,18540,3788,119170586,104710017,14460568
 Part-time employed,10.517 (0.24),10.491 (0.259),10.674 (0.47),5080,4107,973,23745207,20221696,3523511
 Student,2.154 (0.162),2.137 (0.166),2.253 (0.227),1454,1178,276,4863774,4120013,743761
 Unemployed,34.545 (0.488),33.051 (0.507),43.268 (0.846),21191,16410,4781,77992089,63708809,14283280
foodinsecure,"","","",,,,,,
 0,85.377 (0.364),100 (0),0 (0),40253,40253,,192826748,192826748,
 1,14.623 (0.364),0 (0),100 (0),9824,,9824,33027620,,33027620
educ_level,"","","",,,,,,
 Collgrad_Above,28.057 (0.778),31.569 (0.83),7.467 (0.546),10477,9864,613,62969056,60526951,2442104
 SomeColl_AA,31.118 (0.391),31.21 (0.428),30.583 (0.749),14417,11837,2580,69839704,59837628,10002076
 HSgrad_GED,24.256 (0.436),23.44 (0.477),29.041 (0.684),11833,9291,2542,54438907,44940988,9497919
 SomeHS_9to11,11.046 (0.342),9.513 (0.347),20.036 (0.548),7625,5412,2213,24791065,18238110,6552954
 LessThan9th,5.522 (0.219),4.268 (0.195),12.873 (0.556),5244,3483,1761,12393737,8183661,4210077
inc_to_pov,2.982 ± 0.029,3.244 ± 0.028,1.443 ± 0.025,46324,37246,9078,212579488,181635554,30943934
inc_to_pov_level,"","","",,,,,,
 HighInc,36.165 (0.794),41.709 (0.831),3.618 (0.464),11580,11374,206,76878385,75758691,1119694
 MiddleInc,49.199 (0.662),48.129 (0.729),55.476 (1.017),24443,19815,4628,104586812,87420204,17166608
 LowInc,14.637 (0.456),10.161 (0.391),40.905 (1.012),10301,6057,4244,31114292,18456659,12657632
employ_status,"","","",,,,,,
 Full-time employed,52.784 (0.478),54.321 (0.497),43.805 (0.934),22328,18540,3788,119170586,104710017,14460568
 Part-time employed,10.517 (0.24),10.491 (0.259),10.674 (0.47),5080,4107,973,23745207,20221696,3523511
 Student,2.154 (0.162),2.137 (0.166),2.253 (0.227),1454,1178,276,4863774,4120013,743761
 Unemployed,34.545 (0.488),33.051 (0.507),43.268 (0.846),21191,16410,4781,77992089,63708809,14283280
foodinsecure,"","","",,,,,,
 0,85.377 (0.364),100 (0),0 (0),40253,40253,,192826748,192826748,
 1,14.623 (0.364),0 (0),100 (0),9824,,9824,33027620,,33027620
smoke_status,"","","",,,,,,
 Current smoker,20.254 (0.402),17.637 (0.39),35.593 (0.933),9723,6746,2977,44824500,33345978,11478522
 Former smoker,24.506 (0.358),25.643 (0.362),17.837 (0.666),11457,9742,1715,54234689,48482350,5752339
 Never smoker,55.24 (0.485),56.719 (0.508),46.571 (0.943),26840,22184,4656,122253705,107234830,15018875
alch_freq_wk,"","","",,,,,,
 Never drinker,11.158 (0.448),10.815 (0.466),13.227 (0.641),5330,4200,1130,19641497,16337394,3304102
 Non-drinker,3.741 (0.218),3.382 (0.253),5.91 (0.71),1532,1099,433,6585782,5109468,1476314
 Less than 1 per month,29.92 (0.494),29.091 (0.519),34.936 (0.858),10935,8596,2339,52671245,43944346,8726899
 Less than 1 per week,15.34 (0.342),15.359 (0.385),15.224 (0.576),5013,4058,955,27004101,23201074,3803027
 1-2 per week,13.542 (0.348),13.819 (0.393),11.866 (0.525),4215,3451,764,23838865,20874682,2964184
 3-6 per week,20.681 (0.447),21.582 (0.474),15.229 (0.67),5986,5033,953,36405634,32601419,3804215
 1 or more per day,5.618 (0.222),5.951 (0.255),3.607 (0.305),1837,1585,252,9890313,8989260,901053
pa_level_mets,"","","",,,,,,
 High,42.645 (0.448),42.141 (0.494),45.591 (0.724),19453,15323,4130,95970405,80983472,14986933
 Low,38.977 (0.474),38.659 (0.506),40.831 (0.698),21774,17491,4283,87715832,74293725,13422107
 Moderate,18.379 (0.261),19.2 (0.291),13.578 (0.552),8644,7291,1353,41360908,36897445,4463462
genhealth,"","","",,,,,,
 Poor,3.196 (0.12),2.458 (0.108),7.512 (0.414),2273,1424,849,7213687,4736005,2477682
 Fair,14.579 (0.298),12.484 (0.275),26.819 (0.724),9635,6728,2907,32903518,24057275,8846243
 Good,34.568 (0.347),33.785 (0.372),39.142 (0.737),18008,14354,3654,78017117,65106213,12910904
 Very good,31.543 (0.433),33.795 (0.461),18.388 (0.575),13194,11573,1621,71189609,65124565,6065044
 Excellent,16.114 (0.308),17.479 (0.348),8.139 (0.366),6928,6146,782,36368028,33683364,2684664
income_hh,"","","",,,,,,
" $0-$4,999",1.585 (0.11),1.077 (0.094),4.743 (0.356),958,561,397,3390359,1983419,1406939
" $5,000-$9,999",2.938 (0.146),2.08 (0.123),8.271 (0.503),1852,1147,705,6285432,3832240,2453192
" $10,000-$14,999",5.307 (0.215),4.217 (0.194),12.081 (0.731),3099,2089,1010,11352866,7769605,3583261
" $15,000-$19,999",5.371 (0.19),4.249 (0.194),12.338 (0.611),2948,2000,948,11488624,7829117,3659507
" Under $20,000",0.623 (0.053),0.537 (0.053),1.155 (0.219),411,304,107,1332696,990227,342469
" Over $20,000",1.522 (0.137),1.579 (0.144),1.162 (0.274),684,590,94,3254635,2910064,344571
" $20,000-$24,999",6.389 (0.216),5.425 (0.207),12.376 (0.717),3235,2309,926,13665597,9994851,3670745
" $25,000-$34,999",10.688 (0.307),9.596 (0.317),17.468 (0.843),4887,3662,1225,22862000,17680854,5181146
" $35,000-$44,999",9.476 (0.303),9.303 (0.329),10.549 (0.662),3840,3096,744,20269873,17141130,3128743
" $45,000-$54,999",8.859 (0.264),9.273 (0.282),6.29 (0.543),3224,2810,414,18950658,17084997,1865661
" $55,000-$64,999",6.916 (0.251),7.363 (0.3),4.136 (0.492),2316,2076,240,14792681,13566029,1226651
" $65,000-$74,999",6.349 (0.289),6.896 (0.325),2.952 (0.482),1959,1786,173,13581914,12706333,875580
" Over $75,000",7.791 (0.476),8.987 (0.543),0.36 (0.235),2176,2156,20,16664347,16557571,106776
" $75,000-$99,999",8.467 (0.321),9.304 (0.362),3.27 (0.519),2610,2423,187,18111740,17141982,969758
" Over $100,000",17.719 (0.871),20.113 (0.935),2.851 (0.812),4585,4480,105,37901970,37056430,845540
income_fam,"","","",,,,,,
" $0-$4,999",2.86 (0.205),2.17 (0.199),7.112 (0.417),1588,1009,579,6179900,4034568,2145332
" $5,000-$9,999",3.803 (0.174),2.748 (0.154),10.31 (0.59),2237,1393,844,8218616,5108845,3109770
" $10,000-$14,999",6.164 (0.207),4.884 (0.169),14.058 (0.81),3485,2359,1126,13320285,9079915,4240370
" $15,000-$19,999",5.742 (0.216),4.646 (0.211),12.498 (0.655),3105,2120,985,12408445,8638759,3769686
" Under $20,000",0.79 (0.063),0.691 (0.063),1.403 (0.235),507,377,130,1707751,1284553,423198
" Over $20,000",1.527 (0.141),1.645 (0.151),0.797 (0.218),652,572,80,3298797,3058376,240421
" $20,000-$24,999",6.866 (0.201),5.989 (0.197),12.268 (0.706),3393,2463,930,14835936,11135490,3700446
" $25,000-$34,999",10.838 (0.303),10.009 (0.319),15.95 (0.822),4824,3706,1118,23419575,18608575,4811000
" $35,000-$44,999",9.368 (0.299),9.372 (0.328),9.344 (0.589),3728,3061,667,20243183,17424819,2818364
" $45,000-$54,999",8.622 (0.258),9.14 (0.275),5.43 (0.503),3111,2746,365,18630662,16992896,1637765
" $55,000-$64,999",6.595 (0.229),7.091 (0.276),3.534 (0.465),2188,1985,203,14249832,13183978,1065855
" $65,000-$74,999",5.853 (0.277),6.395 (0.316),2.514 (0.435),1853,1704,149,12647505,11889282,758223
" Over $75,000",6.943 (0.461),8.019 (0.524),0.313 (0.229),1925,1909,16,15003740,14909304,94436
" $75,000-$99,999",7.734 (0.304),8.559 (0.344),2.652 (0.473),2422,2277,145,16711956,15912177,799780
" Over $100,000",16.294 (0.797),18.642 (0.888),1.818 (0.42),4253,4170,83,35207834,34659346,548488
foodsecure_level,"","","",,,,,,
 Food secure,85.377 (0.364),100 (0),0 (0),40253,40253,,192826748,192826748,
 Low food security,9.048 (0.263),0 (0),61.872 (0.979),6185,,6185,20434781,,20434781
 Very low food security,5.576 (0.203),0 (0),38.128 (0.979),3639,,3639,12592839,,12592839
uacr_level,"","","",,,,,,
 uacr_lt30,90.236 (0.205),90.618 (0.221),88.011 (0.418),40906,32898,8008,199444544,170927054,28517490
 uacr_30to100,6.329 (0.158),6.157 (0.175),7.325 (0.294),3637,2863,774,13988036,11614486,2373549
 uacr_100to300,2.004 (0.099),1.925 (0.1),2.469 (0.249),1234,969,265,4430094,3630192,799902
 uacr_gte300,1.431 (0.057),1.3 (0.057),2.195 (0.188),1011,744,267,3163820,2452680,711140
ckd_gfr_level,"","","",,,,,,
 Stage 0,65.835 (0.49),64.253 (0.525),75.129 (0.718),28494,22070,6424,140472610,117153433,23319177
 Stage 2,28.481 (0.406),29.823 (0.434),20.596 (0.605),12816,10860,1956,60769345,54376671,6392674
 Stage 3a,3.769 (0.128),3.967 (0.142),2.608 (0.201),2193,1908,285,8041873,7232381,809492
 Stage 3b,1.314 (0.059),1.388 (0.066),0.88 (0.101),874,757,117,2803502,2530309,273193
 Stage 4,0.351 (0.026),0.355 (0.029),0.331 (0.058),260,218,42,749144,646415,102729
 Stage 5,0.041 (0.009),0.038 (0.008),0.062 (0.028),37,27,10,88266,69079,19187
 ESRD,0.209 (0.021),0.177 (0.025),0.395 (0.066),169,118,51,445446,322992,122454
fib4_cat,"","","",,,,,,
 High,2.698 (0.107),2.811 (0.113),2.035 (0.175),1658,1417,241,5726144,5097271,628872
 Low,82.659 (0.39),81.748 (0.423),88.003 (0.491),36069,28529,7540,175430829,148238699,27192129
 Moderate,14.643 (0.342),15.441 (0.371),9.961 (0.464),6863,5808,1055,31077295,27999343,3077951
nfs_cat,"","","",,,,,,
 High,4.673 (0.115),4.644 (0.121),4.843 (0.334),2809,2272,537,9806266,8329493,1476773
 Low,68.086 (0.471),67.598 (0.518),70.962 (0.692),27570,21835,5735,142890294,121252651,21637643
 Moderate,27.241 (0.423),27.759 (0.48),24.195 (0.606),13581,11163,2418,57169375,49791856,7377519
smoke_current,"","","",,,,,,
 0,73.172 (0.523),76.28 (0.527),56.681 (1.067),26840,22184,4656,122253705,107234830,15018875
 1,26.828 (0.523),23.72 (0.527),43.319 (1.067),9723,6746,2977,44824500,33345978,11478522
smoke_ever,"","","",,,,,,
 0,55.24 (0.485),56.719 (0.508),46.571 (0.943),26840,22184,4656,122253705,107234830,15018875
 1,44.76 (0.485),43.281 (0.508),53.429 (0.943),21180,16488,4692,99059189,81828328,17230861
alch_drink_curr,"","","",,,,,,
 0,14.899 (0.467),14.198 (0.504),19.137 (0.858),6862,5299,1563,26227279,21446862,4780417
 1,85.101 (0.467),85.802 (0.504),80.863 (0.858),27986,22723,5263,149810158,129610781,20199378
alch_drink_daily,"","","",,,,,,
 0,94.382 (0.222),94.049 (0.255),96.393 (0.305),33011,26437,6574,166147124,142068382,24078741
 1,5.618 (0.222),5.951 (0.255),3.607 (0.305),1837,1585,252,9890313,8989260,901053
alch_drink_weekly,"","","",,,,,,
 0,60.159 (0.61),58.648 (0.646),69.297 (0.83),22810,17953,4857,105902625,88592282,17310343
 1,39.841 (0.61),41.352 (0.646),30.703 (0.83),12038,10069,1969,70134812,62465361,7669452
pa_total_mets_wk,3253.109 ± 52.185,3045.152 ± 54.947,4468.842 ± 117.284,49871,40105,9766,225047144,192174642,32872502
pa_meets_guidelines,"","","",,,,,,
 0,38.977 (0.474),38.659 (0.506),40.831 (0.698),21774,17491,4283,87715832,74293725,13422107
 1,61.023 (0.474),61.341 (0.506),59.169 (0.698),28097,22614,5483,137331312,117880917,19450395
hei2015_total,51.128 ± 0.188,51.85 ± 0.187,47.006 ± 0.294,34741,27802,6939,230077350,195809260,34268090
ahei_total,42.863 ± 0.159,43.443 ± 0.163,39.545 ± 0.238,34704,27779,6925,229831438,195629877,34201561
dii_total,2.327 ± 0.033,2.231 ± 0.034,2.879 ± 0.045,34704,27779,6925,229831438,195629877,34201561
dietsuppl_any,"","","",,,,,,
 0,64.466 (0.629),62.798 (0.681),74.205 (0.728),34504,27029,7475,145600167,121092024,24508143
 1,35.534 (0.629),37.202 (0.681),25.795 (0.728),15573,13224,2349,80254202,71734724,8519478
dietsuppl_num,1.264 ± 0.03,1.379 ± 0.032,0.644 ± 0.027,34710,27310,7400,215973747,182109191,33864555
addsalt_prep_often,"","","",,,,,,
 0,31.134 (0.364),31.179 (0.413),30.872 (0.693),16674,13503,3171,69222803,59215539,10007264
 1,68.866 (0.364),68.821 (0.413),69.128 (0.693),32461,26003,6458,153114451,130706155,22408296
addsalt_table_often,"","","",,,,,,
 0,62.923 (0.464),63.023 (0.471),62.344 (0.861),33717,27267,6450,142008104,121434451,20573653
 1,37.077 (0.464),36.977 (0.471),37.656 (0.861),16307,12945,3362,83676204,71249665,12426539
restaur_freq_gt2,"","","",,,,,,
 0,50.226 (0.552),49.022 (0.592),57.26 (0.856),28107,22112,5995,113389071,94494793,18894278
 1,49.774 (0.552),50.978 (0.592),42.74 (0.856),21934,18119,3815,112366966,98263965,14103001
govtmeal_any,"","","",,,,,,
 0,97.169 (0.175),97.577 (0.174),92.712 (0.888),15510,13515,1995,55088811,50681027,4407785
 1,2.831 (0.175),2.423 (0.174),7.288 (0.888),640,473,167,1604821,1258323,346498
foodinsecure,"","","",,,,,,
 0,85.377 (0.364),100 (0),0 (0),40253,40253,,192826748,192826748,
 1,14.623 (0.364),0 (0),100 (0),9824,,9824,33027620,,33027620
genhealth_low_vs_other,"","","",,,,,,
 0,82.225 (0.349),85.059 (0.331),65.669 (0.793),38130,32073,6057,185574754,163914141,21660612
 1,17.775 (0.349),14.941 (0.331),34.331 (0.793),11908,8152,3756,40117205,28793280,11323925
hc_drvisit,"","","",,,,,,
 0,15.669 (0.261),14.468 (0.262),22.688 (0.711),8178,6016,2162,35363756,27882475,7481282
 1,84.331 (0.261),85.532 (0.262),77.312 (0.711),41842,34201,7641,190322411,164829655,25492755
hc_hospadmit,"","","",,,,,,
 0,89.361 (0.196),89.936 (0.205),86.004 (0.487),43850,35477,8373,201773961,173384265,28389696
 1,10.639 (0.196),10.064 (0.205),13.996 (0.487),6207,4762,1445,24022253,19402187,4620066
insur_any,"","","",,,,,,
 0,17.255 (0.458),14.223 (0.416),34.986 (0.952),10469,7002,3467,38921127,27394418,11526710
 1,82.745 (0.458),85.777 (0.416),65.014 (0.952),39515,33190,6325,186638193,165218347,21419846
uninsur_lastyr,"","","",,,,,,
 0,93.553 (0.176),94.737 (0.177),84.429 (0.633),36615,31208,5407,174652656,156555326,18097330
 1,6.447 (0.176),5.263 (0.177),15.571 (0.633),2930,2000,930,12035248,8697682,3337565
bmi,28.879 ± 0.068,28.689 ± 0.071,29.991 ± 0.138,47231,37882,9349,222975379,190429149,32546231
waist,98.591 ± 0.181,98.335 ± 0.19,100.088 ± 0.345,45234,36243,8991,214961563,183591300,31370263
whr,0.93 ± 0.002,0.929 ± 0.002,0.936 ± 0.004,7902,6044,1858,224335604,186003698,38331906
wt,82.265 ± 0.202,82.036 ± 0.211,83.605 ± 0.443,47330,37962,9368,223309411,190715621,32593789
sbp_mean,121.875 ± 0.162,122.019 ± 0.173,121.028 ± 0.321,45284,36346,8938,214446437,183335182,31111255
dbp_mean,70.771 ± 0.15,70.744 ± 0.155,70.932 ± 0.231,45284,36346,8938,214446437,183335182,31111255
fg,105.845 ± 0.309,105.277 ± 0.348,109.083 ± 0.715,22064,17694,4370,226670413,192799793,33870620
fi,12.632 ± 0.152,12.291 ± 0.163,14.579 ± 0.32,21622,17340,4282,222413374,189213444,33199931
tg,125.295 ± 1.13,124.369 ± 1.194,130.571 ± 2.328,21656,17398,4258,224471891,190962429,33509462
tc,193.234 ± 0.402,193.587 ± 0.428,191.156 ± 0.722,44967,36068,8899,213956165,182870582,31085583
hdl,53.594 ± 0.175,54.084 ± 0.179,50.714 ± 0.261,44966,36067,8899,213953176,182867593,31085583
ldl_friedewald,113.108 ± 0.408,112.942 ± 0.457,114.059 ± 0.844,21280,17106,4174,220638886,187878661,32760225
glu,98.742 ± 0.222,98.215 ± 0.244,101.839 ± 0.513,44803,35928,8875,213295167,182273479,31021688
tgglu,1.276 ± 0.011,1.27 ± 0.011,1.31 ± 0.025,21573,17328,4245,223781428,190341463,33439965
ogtt_2hg,115.184 ± 0.648,115.272 ± 0.736,114.659 ± 1.278,11470,9307,2163,186987774,160356864,26630910
hba1c,5.594 ± 0.008,5.574 ± 0.008,5.714 ± 0.016,45489,36480,9009,216040266,184645197,31395069
uacr,33.803 ± 1.516,30.952 ± 1.553,50.397 ± 4.817,46788,37474,9314,221026493,188624413,32402080
egfr,96.85 ± 0.243,95.921 ± 0.256,102.309 ± 0.368,44802,35928,8874,213295836,182277935,31017902
crp,4.002 ± 0.067,3.89 ± 0.071,4.744 ± 0.174,26484,21574,4910,208828078,181410261,27417817
creatinine,0.883 ± 0.002,0.889 ± 0.002,0.853 ± 0.005,44802,35928,8874,213295836,182277935,31017902
vitd,68.237 ± 0.549,69.682 ± 0.558,59.262 ± 0.656,36604,29664,6940,208994583,180022999,28971584
b_carot,17.776 ± 0.534,18.29 ± 0.56,13.485 ± 0.723,9670,8240,1430,197939237,176775916,21163321
g_tocoph,226.182 ± 3.82,222.93 ± 3.776,253.403 ± 5.756,9643,8219,1424,197544948,176461620,21083328
t_lycop,22.984 ± 0.208,23.122 ± 0.222,21.829 ± 0.419,9670,8240,1430,197939237,176775916,21163321
manganese,9.738 ± 0.043,9.681 ± 0.047,10.02 ± 0.083,18692,14499,4193,175436495,145972569,29463926
selenium,192.432 ± 0.654,192.841 ± 0.696,190.407 ± 0.79,18692,14499,4193,175436495,145972569,29463926
mercury,1.514 ± 0.034,1.59 ± 0.038,1.054 ± 0.034,40089,32297,7792,189915148,162851935,27063213
lead,1.447 ± 0.017,1.435 ± 0.017,1.514 ± 0.037,40089,32297,7792,189915148,162851935,27063213
cadmium,0.492 ± 0.006,0.467 ± 0.006,0.641 ± 0.017,40089,32297,7792,189915148,162851935,27063213
hcb,0.107 ± 0.004,0.108 ± 0.004,0.099 ± 0.004,1456,1236,220,60179720,53021087,7158633
hcb_adj,17.008 ± 0.561,17.196 ± 0.618,15.615 ± 0.65,1456,1236,220,60179720,53021087,7158633
hepox,0.044 ± 0.003,0.044 ± 0.003,0.037 ± 0.003,1457,1233,224,59997418,52757475,7239943
pcb180,0.195 ± 0.005,0.202 ± 0.005,0.146 ± 0.016,1401,1194,207,178386908,156243440,22143468
pcbdiox,29.293 ± 1.427,29.755 ± 1.348,25.94 ± 2.829,1386,1187,199,177431721,155933731,21497990
u_bpa,3.585 ± 0.184,3.559 ± 0.209,3.753 ± 0.199,12558,10245,2313,220433426,190840688,29592737
testosterone,221.171 ± 2.056,221.903 ± 2.252,217.408 ± 5.127,16196,12689,3507,168998582,141453247,27545335
estradiol,71.116 ± 5.61,63.758 ± 5.288,107.145 ± 23.145,17542,13528,4014,164755836,136812899,27942937
hpv_oral,"","","",,,,,,
 0,92.952 (0.307),93.458 (0.345),90.5 (0.694),16882,13020,3862,176604520,147201021,29403499
 1,7.048 (0.307),6.542 (0.345),9.5 (0.694),1386,979,407,13390626,10304016,3086610
diabetes,"","","",,,,,,
 0,87.043 (0.231),87.413 (0.244),84.881 (0.511),41789,33784,8005,196590617,168556547,28034070
 1,12.957 (0.231),12.587 (0.244),15.119 (0.511),8288,6469,1819,29263751,24270202,4993550
diabetes_undx,"","","",,,,,,
 0,99.386 (0.044),99.377 (0.049),99.439 (0.085),49729,39969,9760,224467369,191625139,32842231
 1,0.614 (0.044),0.623 (0.049),0.561 (0.085),348,284,64,1386999,1201610,185389
htn,"","","",,,,,,
 0,55.199 (0.455),54.876 (0.506),57.082 (0.824),26570,21186,5384,124668411,105815598,18852813
 1,44.801 (0.455),45.124 (0.506),42.918 (0.824),23507,19067,4440,101185957,87011150,14174807
htn_undx,"","","",,,,,,
 0,64.459 (0.394),64.066 (0.441),66.776 (0.793),27934,22249,5685,138229968,117455065,20774903
 1,35.541 (0.394),35.934 (0.441),33.224 (0.793),17350,14097,3253,76216469,65880117,10336352
htn_stg1,"","","",,,,,,
 0,66.254 (0.378),65.835 (0.427),68.704 (0.735),32727,26156,6571,149637899,126946631,22691268
 1,33.746 (0.378),34.165 (0.427),31.296 (0.735),17350,14097,3253,76216469,65880117,10336352
obese,"","","",,,,,,
 0,54.237 (0.41),55.091 (0.442),49.25 (0.872),27626,22688,4938,122495659,106229639,16266020
 1,45.763 (0.41),44.909 (0.442),50.75 (0.872),22451,17565,4886,103358710,86597110,16761600
obese_abd,"","","",,,,,,
 0,47.29 (0.506),47.74 (0.558),44.663 (0.788),24964,20377,4587,106807512,92056397,14751115
 1,52.71 (0.506),52.26 (0.558),55.337 (0.788),25113,19876,5237,119046856,100770351,18276505
cvd,"","","",,,,,,
 0,94.128 (0.199),94.319 (0.202),93.014 (0.486),46495,37440,9055,212591801,181871583,30720218
 1,5.872 (0.199),5.681 (0.202),6.986 (0.486),3582,2813,769,13262568,10955165,2307402
ascvd,"","","",,,,,,
 0,92.111 (0.214),92.39 (0.216),90.481 (0.507),45173,36406,8767,208036774,178152961,29883813
 1,7.889 (0.214),7.61 (0.216),9.519 (0.507),4904,3847,1057,17817594,14673787,3143807
chf,"","","",,,,,,
 0,97.508 (0.1),97.652 (0.104),96.656 (0.258),45266,36598,8668,212746565,182282795,30463770
 1,2.492 (0.1),2.348 (0.104),3.344 (0.258),1653,1270,383,5436868,4383047,1053820
mdd,"","","",,,,,,
 0,93.51 (0.184),95.134 (0.152),84.027 (0.68),46638,38240,8398,211195645,183443367,27752278
 1,6.49 (0.184),4.866 (0.152),15.973 (0.68),3439,2013,1426,14658723,9383381,5275342
ckd,"","","",,,,,,
 0,95.964 (0.122),96.121 (0.128),95.053 (0.284),47399,38125,9274,216739677,185346095,31393582
 1,4.036 (0.122),3.879 (0.128),4.947 (0.284),2678,2128,550,9114691,7480653,1634038
ckd_gfr_gte3,"","","",,,,,,
 0,94.316 (0.159),94.076 (0.174),95.725 (0.264),41310,32930,8380,201241955,171530104,29711851
 1,5.684 (0.159),5.924 (0.174),4.275 (0.264),3533,3028,505,12128230,10801176,1327054
ckd_any,"","","",,,,,,
 0,61.118 (0.451),60.151 (0.493),66.755 (0.755),27649,21631,6018,136715742,114851636,21864106
 1,38.882 (0.451),39.849 (0.493),33.245 (0.755),19837,16417,3420,86976323,76087659,10888664
copd,"","","",,,,,,
 0,92.608 (0.227),93.291 (0.219),88.623 (0.504),46439,37621,8818,209160153,179890002,29270151
 1,7.392 (0.227),6.709 (0.219),11.377 (0.504),3638,2632,1006,16694216,12936747,3757469
copd_pft,"","","",,,,,,
 0,89.225 (0.305),89.803 (0.306),85.851 (0.596),44859,36308,8551,201519341,173164715,28354625
 1,10.775 (0.305),10.197 (0.306),14.149 (0.596),5218,3945,1273,24335028,19662033,4672995
pft_lt07,"","","",,,,,,
 0,86.515 (0.534),86.379 (0.554),87.364 (0.918),12297,9881,2416,161500844,139039301,22461543
 1,13.485 (0.534),13.621 (0.554),12.636 (0.918),1816,1490,326,25173546,21924921,3248625
nfs,-2.053 ± 0.016,-2.034 ± 0.017,-2.165 ± 0.026,43960,35270,8690,209865934,179373999,30491935
nfs_mod_vs_low,"","","",,,,,,
 0,71.424 (0.455),70.89 (0.512),74.574 (0.643),27570,21835,5735,142890294,121252651,21637643
 1,28.576 (0.455),29.11 (0.512),25.426 (0.643),13581,11163,2418,57169375,49791856,7377519
nfs_high_vs_low,"","","",,,,,,
 0,93.578 (0.173),93.572 (0.181),93.611 (0.444),27570,21835,5735,142890294,121252651,21637643
 1,6.422 (0.173),6.428 (0.181),6.389 (0.444),2809,2272,537,9806266,8329493,1476773
liver_cap_any,"","","",,,,,,
 0,39.226 (1.18),39.784 (1.21),36.548 (2.273),2907,2256,651,84372860,70819590,13553271
 1,60.774 (1.18),60.216 (1.21),63.452 (2.273),4674,3548,1126,130718882,107188644,23530237
liver_cap_mod_sev,"","","",,,,,,
 0,54.114 (1.058),54.953 (1.137),50.089 (2.091),4069,3155,914,116394828,97820203,18574626
 1,45.886 (1.058),45.047 (1.137),49.911 (2.091),3512,2649,863,98696914,80188031,18508882
fib4,1.055 ± 0.008,1.08 ± 0.009,0.908 ± 0.012,44590,35754,8836,212234267,181335314,30898953
fib4_mod_vs_low,"","","",,,,,,
 0,84.951 (0.358),84.113 (0.388),89.832 (0.473),36069,28529,7540,175430829,148238699,27192129
 1,15.049 (0.358),15.887 (0.388),10.168 (0.473),6863,5808,1055,31077295,27999343,3077951
fib4_high_vs_low,"","","",,,,,,
 0,96.839 (0.13),96.676 (0.139),97.74 (0.195),36069,28529,7540,175430829,148238699,27192129
 1,3.161 (0.13),3.324 (0.139),2.26 (0.195),1658,1417,241,5726144,5097271,628872
prevent_cvd_10yr_base,0.115 ± 0.001,0.115 ± 0.001,0.118 ± 0.002,29686,23972,5714,148242462,128561384,19681079
prevent_cvd_10yr_hba1c,0.115 ± 0.001,0.115 ± 0.001,0.119 ± 0.002,29636,23929,5707,148045522,128389143,19656379
prevent_cvd_10yr_uacr,0.096 ± 0.001,0.095 ± 0.001,0.1 ± 0.002,29449,23781,5668,147346662,127806641,19540020
prevent_cvd_10yr_full,0.096 ± 0.001,0.095 ± 0.001,0.101 ± 0.002,29401,23739,5662,147155540,127635775,19519765
prevent_cvd_30yr_base,0.271 ± 0.001,0.269 ± 0.002,0.282 ± 0.003,29686,23972,5714,148242462,128561384,19681079
prevent_cvd_30yr_hba1c,0.265 ± 0.001,0.264 ± 0.002,0.277 ± 0.003,29636,23929,5707,148045522,128389143,19656379
prevent_cvd_30yr_uacr,0.244 ± 0.001,0.243 ± 0.002,0.257 ± 0.003,29449,23781,5668,147346662,127806641,19540020
prevent_cvd_30yr_full,0.235 ± 0.001,0.233 ± 0.001,0.248 ± 0.003,29401,23739,5662,147155540,127635775,19519765
prevent_ascvd_10yr_base,0.063 ± 0.001,0.062 ± 0.001,0.065 ± 0.001,29686,23972,5714,148242462,128561384,19681079
prevent_ascvd_10yr_hba1c,0.062 ± 0.001,0.061 ± 0.001,0.065 ± 0.001,29636,23929,5707,148045522,128389143,19656379
prevent_ascvd_10yr_uacr,0.054 ± 0.001,0.054 ± 0.001,0.058 ± 0.001,29449,23781,5668,147346662,127806641,19540020
prevent_ascvd_10yr_full,0.054 ± 0.001,0.053 ± 0.001,0.057 ± 0.001,29401,23739,5662,147155540,127635775,19519765
prevent_ascvd_30yr_base,0.152 ± 0.001,0.151 ± 0.001,0.161 ± 0.002,29686,23972,5714,148242462,128561384,19681079
prevent_ascvd_30yr_hba1c,0.147 ± 0.001,0.146 ± 0.001,0.156 ± 0.002,29636,23929,5707,148045522,128389143,19656379
prevent_ascvd_30yr_uacr,0.142 ± 0.001,0.14 ± 0.001,0.15 ± 0.002,29449,23781,5668,147346662,127806641,19540020
prevent_ascvd_30yr_full,0.135 ± 0.001,0.134 ± 0.001,0.144 ± 0.002,29401,23739,5662,147155540,127635775,19519765
prevent_hf_10yr_base,0.082 ± 0.001,0.081 ± 0.001,0.083 ± 0.002,29686,23972,5714,148242462,128561384,19681079
prevent_hf_10yr_hba1c,0.084 ± 0.001,0.083 ± 0.001,0.087 ± 0.002,29636,23929,5707,148045522,128389143,19656379
prevent_hf_10yr_uacr,0.065 ± 0.001,0.065 ± 0.001,0.069 ± 0.002,29449,23781,5668,147346662,127806641,19540020
prevent_hf_10yr_full,0.068 ± 0.001,0.067 ± 0.001,0.072 ± 0.002,29401,23739,5662,147155540,127635775,19519765
prevent_hf_30yr_base,0.201 ± 0.001,0.2 ± 0.001,0.209 ± 0.003,29686,23972,5714,148242462,128561384,19681079
prevent_hf_30yr_hba1c,0.202 ± 0.001,0.2 ± 0.001,0.212 ± 0.003,29636,23929,5707,148045522,128389143,19656379
prevent_hf_30yr_uacr,0.174 ± 0.001,0.173 ± 0.001,0.184 ± 0.003,29449,23781,5668,147346662,127806641,19540020
prevent_hf_30yr_full,0.172 ± 0.001,0.17 ± 0.001,0.184 ± 0.003,29401,23739,5662,147155540,127635775,19519765
prevent_chd_10yr_base,0.036 ± 0,0.036 ± 0,0.038 ± 0.001,29686,23972,5714,148242462,128561384,19681079
prevent_chd_10yr_hba1c,0.035 ± 0,0.035 ± 0,0.038 ± 0.001,29636,23929,5707,148045522,128389143,19656379
prevent_chd_10yr_uacr,0.031 ± 0,0.03 ± 0,0.033 ± 0.001,29449,23781,5668,147346662,127806641,19540020
prevent_chd_10yr_full,0.03 ± 0,0.029 ± 0,0.033 ± 0.001,29401,23739,5662,147155540,127635775,19519765
prevent_chd_30yr_base,0.091 ± 0.001,0.09 ± 0.001,0.097 ± 0.001,29686,23972,5714,148242462,128561384,19681079
prevent_chd_30yr_hba1c,0.085 ± 0.001,0.084 ± 0.001,0.092 ± 0.001,29636,23929,5707,148045522,128389143,19656379
prevent_chd_30yr_uacr,0.084 ± 0.001,0.083 ± 0.001,0.09 ± 0.001,29449,23781,5668,147346662,127806641,19540020
prevent_chd_30yr_full,0.077 ± 0.001,0.076 ± 0.001,0.084 ± 0.001,29401,23739,5662,147155540,127635775,19519765
prevent_stroke_10yr_base,0.032 ± 0,0.032 ± 0,0.033 ± 0.001,29686,23972,5714,148242462,128561384,19681079
prevent_stroke_10yr_hba1c,0.032 ± 0,0.032 ± 0,0.033 ± 0.001,29636,23929,5707,148045522,128389143,19656379
prevent_stroke_10yr_uacr,0.028 ± 0,0.027 ± 0,0.03 ± 0.001,29449,23781,5668,147346662,127806641,19540020
prevent_stroke_10yr_full,0.029 ± 0,0.028 ± 0,0.03 ± 0.001,29401,23739,5662,147155540,127635775,19519765
prevent_stroke_30yr_base,0.08 ± 0,0.079 ± 0,0.085 ± 0.001,29686,23972,5714,148242462,128561384,19681079
prevent_stroke_30yr_hba1c,0.079 ± 0,0.078 ± 0,0.083 ± 0.001,29636,23929,5707,148045522,128389143,19656379
prevent_stroke_30yr_uacr,0.075 ± 0,0.074 ± 0,0.08 ± 0.001,29449,23781,5668,147346662,127806641,19540020
prevent_stroke_30yr_full,0.075 ± 0,0.074 ± 0,0.079 ± 0.001,29401,23739,5662,147155540,127635775,19519765
taste_mouth_quinine_glms,51.704 ± 0.596,51.054 ± 0.585,56.981 ± 1.475,3089,2616,473,128464725,114378371,14086354
taste_mouth_nacl_1M_glms,51.285 ± 0.689,50.773 ± 0.595,55.281 ± 1.615,3191,2690,501,131627900,116688395,14939505
taste_mouth_nacl_320mM_glms,32.292 ± 0.426,31.816 ± 0.392,36.03 ± 1.241,3192,2692,500,131620490,116750305,14870185
smell_pst_total,5.938 ± 0.052,5.961 ± 0.054,5.767 ± 0.063,3489,2921,568,139521153,122889926,16631227
smell_dysfun_any,"","","",,,,,,
 0,71.889 (1.879),72.851 (1.976),64.768 (2.16),2289,1934,355,100150990,89408123,10742867
 1,28.111 (1.879),27.149 (1.976),35.232 (2.16),1191,980,211,39162708,33318941,5843767
smell_dysfun_severe,"","","",,,,,,
 0,95.752 (0.479),95.965 (0.489),94.18 (0.86),3270,2736,534,133594775,117931513,15663262
 1,4.248 (0.479),4.035 (0.489),5.82 (0.86),219,185,34,5926378,4958412,967965
tastechange_sweet_worse,"","","",,,,,,
 0,95.958 (0.288),96.064 (0.328),95.225 (0.779),7046,5852,1194,137628445,120336130,17292314
 1,4.042 (0.288),3.936 (0.328),4.775 (0.779),290,222,68,5797520,4930492,867028
tastechange_salt_worse,"","","",,,,,,
 0,95.166 (0.339),95.457 (0.374),93.166 (1.122),6933,5767,1166,136378604,119468570,16910034
 1,4.834 (0.339),4.543 (0.374),6.834 (1.122),395,302,93,6926871,5686400,1240470
tastechange_bitter_worse,"","","",,,,,,
 0,96.087 (0.303),96.263 (0.327),94.873 (0.803),7013,5828,1185,137361437,120181580,17179856
 1,3.913 (0.303),3.737 (0.327),5.127 (0.803),294,223,71,5593791,4665417,928374
tastechange_sour_worse,"","","",,,,,,
 0,95.944 (0.38),96.201 (0.392),94.17 (0.875),7008,5831,1177,137528841,120464008,17064833
 1,4.056 (0.38),3.799 (0.392),5.83 (0.875),318,237,81,5814088,4757699,1056389
ndi_mortstat,"","","",,,,,,
 0,89.934 (0.285),89.691 (0.324),91.433 (0.391),35341,28396,6945,200938076,172371285,28566791
 1,10.066 (0.285),10.309 (0.324),8.567 (0.391),5701,4926,775,22489705,19813179,2676526
ndi_mortstat_hd,"","","",,,,,,
 0,75.555 (0.82),75.099 (0.91),78.928 (1.96),4224,3627,597,16992078,14879561,2112517
 1,24.445 (0.82),24.901 (0.91),21.072 (1.96),1477,1299,178,5497627,4933618,564009
ndi_mortstat_cbvd,"","","",,,,,,
 0,95.127 (0.343),94.987 (0.357),96.162 (1.097),5392,4651,741,21393728,18819917,2573811
 1,4.873 (0.343),5.013 (0.357),3.838 (1.097),309,275,34,1095976,993262,102715
ndi_mortstat_cvd,"","","",,,,,,
 0,97.049 (0.133),96.916 (0.148),97.866 (0.21),39256,31748,7508,216834178,186257585,30576593
 1,2.951 (0.133),3.084 (0.148),2.134 (0.21),1786,1574,212,6593603,5926879,666724
ndi_mortstat_diab,"","","",,,,,,
 0,96.485 (0.345),96.708 (0.361),94.834 (1.219),5503,4767,736,21699139,19160882,2538257
 1,3.515 (0.345),3.292 (0.361),5.166 (1.219),198,159,39,790566,652297,138269
ndi_mortstat_diab_any,"","","",,,,,,
 0,89.28 (0.56),89.583 (0.585),87.037 (1.765),5064,4393,671,20078850,17749271,2329579
 1,10.72 (0.56),10.417 (0.585),12.963 (1.765),637,533,104,2410855,2063908,346947
