Variable,Total,High income,Middle income,Low income,n_raw_Total,n_raw_High income,n_raw_Middle income,n_raw_Low income,n_weight_Total,n_weight_High income,n_weight_Middle income,n_weight_Low income
Years,"","","","",,,,,,,,
 1999-2000,7.7 (0.426),7.136 (0.444),7.875 (0.617),8.493 (1.125),4605,1098,2472,1035,16059621,5343925,8113637,2602060
 2001-2002,9.29 (0.421),9.492 (0.593),9.227 (0.517),9.005 (0.736),5511,1535,2942,1034,19374481,7108403,9507002,2759076
 2003-2004,9.121 (0.586),8.633 (0.604),9.653 (0.813),8.525 (0.919),5259,1304,2864,1091,19022794,6465097,9945709,2611988
 2005-2006,9.477 (0.541),9.491 (0.836),10.069 (0.556),7.45 (0.566),5269,1378,2865,1026,19764261,7107516,10374047,2282699
 2007-2008,9.294 (0.5),9.569 (0.798),9.102 (0.605),9.269 (0.765),5636,1384,3040,1212,19383504,7165362,9378225,2839917
 2009-2010,9.405 (0.5),9.265 (0.6),9.401 (0.675),9.759 (0.487),5869,1400,3109,1360,19614346,6938203,9686249,2989894
 2011-2012,9.82 (0.557),9.402 (0.997),9.388 (0.732),12.295 (0.999),5332,1294,2607,1431,20480368,7040278,9673006,3767083
 2013-2014,10.047 (0.529),9.447 (0.932),10.132 (0.624),11.226 (0.941),5628,1399,2890,1339,20952628,7074422,10438729,3439477
 2015-2016,9.985 (0.519),10.18 (1.13),9.862 (0.576),9.921 (0.683),5316,1237,2859,1220,20823788,7623147,10161074,3039567
 2017-2020,15.861 (0.603),17.384 (1.054),15.29 (0.784),14.058 (0.93),8212,2198,4373,1641,33079369,13018254,15754025,4307090
gender,"","","","",,,,,,,,
 Female,51.744 (0.221),48.502 (0.363),52.439 (0.3),57.333 (0.522),29230,6917,15362,6951,107915509,36320588,54028738,17566184
 Male,48.256 (0.221),51.498 (0.363),47.561 (0.3),42.667 (0.522),27407,7310,14659,5438,100639651,38564019,49002964,13072667
age_4lvl,"","","","",,,,,,,,
 under30y,21.442 (0.392),14.194 (0.452),22.595 (0.438),35.277 (1.125),13008,2184,6689,4135,44717503,10629451,23279657,10808395
 30to39y,18.196 (0.3),17.393 (0.527),18.713 (0.403),18.422 (0.558),8998,2414,4675,1909,37949519,13024851,19280516,5644152
 40to64y,43.053 (0.38),54.178 (0.697),37.673 (0.484),33.95 (0.867),21487,6861,10554,4072,89788302,40571287,38815256,10401759
 over65y,17.309 (0.337),14.234 (0.471),21.019 (0.484),12.352 (0.532),13144,2768,8103,2273,36099836,10659018,21656274,3784544
racethn_combn,"","","","",,,,,,,,
 Mexican-American,8.001 (0.507),2.789 (0.208),9.218 (0.621),16.644 (1.182),9756,1127,5512,3117,16685826,2088623,9497547,5099656
 NHAsian,2.442 (0.203),2.811 (0.315),2.256 (0.195),2.168 (0.23),2964,1160,1359,445,5093595,2104897,2324396,664301
 NHB,11.126 (0.563),6.112 (0.388),12.227 (0.649),19.673 (1.19),12343,2355,6648,3340,23202913,4577061,12598132,6027719
 NHW,68.354 (1.006),81.851 (0.727),65.455 (1.223),45.118 (1.802),24764,8283,12910,3571,142556111,61293639,67438943,13823528
 Other Hispanic,5.589 (0.42),2.724 (0.21),6.13 (0.488),10.773 (1.015),4507,733,2415,1359,11655954,2039958,6315342,3300653
 Other/Multi-Racial,1.558 (0.097),1.032 (0.127),1.813 (0.139),1.99 (0.191),953,200,519,234,3250196,772661,1867756,609779
 Other/Multi-Racial/NHAsian,2.93 (0.189),2.681 (0.234),2.902 (0.2),3.633 (0.524),1350,369,658,323,6110566,2007768,2989585,1113214
educ_level,"","","","",,,,,,,,
 College graduate or above,27.597 (0.705),49.864 (0.982),17.474 (0.55),7.085 (0.404),11635,6647,4307,681,57254434,37182491,17923039,2148903
 Some college or AA degree,30.884 (0.358),28.965 (0.648),33.679 (0.437),26.151 (0.999),15982,4216,9030,2736,64074610,21598444,34544001,7932165
 HS graduate or GED,24.429 (0.414),16.377 (0.511),29.232 (0.522),27.983 (0.716),13373,2268,8063,3042,50682233,12212206,29982118,8487910
 9-11th grade,11.585 (0.314),4.015 (0.265),13.368 (0.361),24.168 (0.697),9043,783,5076,3184,24035992,2993942,13711335,7330715
 Less than 9th grade,5.505 (0.194),0.779 (0.087),6.247 (0.244),14.614 (0.572),6156,243,3338,2575,11420753,581088,6406912,4432753
inc_to_pov,2.974 ± 0.026,4.843 ± 0.004,2.324 ± 0.011,0.593 ± 0.005,56637,14227,30021,12389,208555160,74884607,103031702,30638851
inc_to_pov_level,"","","","",,,,,,,,
 High income,35.906 (0.718),100 (0),0 (0),0 (0),14227,14227,,,74884607,74884607,,
 Middle income,49.403 (0.587),0 (0),100 (0),0 (0),30021,,30021,,103031702,,103031702,
 Low income,14.691 (0.408),0 (0),0 (0),100 (0),12389,,,12389,30638851,,,30638851
employ_status,"","","","",,,,,,,,
 Full-time employed,53.628 (0.427),66.868 (0.583),50.651 (0.513),31.27 (0.874),25572,8841,13292,3439,111814806,50066277,52170827,9577703
 Part-time employed,10.389 (0.219),9.469 (0.334),10.353 (0.252),12.759 (0.617),5730,1305,3011,1414,21660758,7089532,10663173,3908052
 Student,2.102 (0.146),1.068 (0.09),1.845 (0.116),5.496 (0.685),1635,221,714,700,4382977,799457,1900110,1683410
 Unemployed,33.882 (0.434),22.595 (0.56),37.151 (0.524),50.475 (1.054),23679,3857,12991,6831,70643872,16917629,38266072,15460171
foodinsecure,"","","","",,,,,,,,
 0,85.444 (0.376),98.544 (0.191),83.586 (0.445),59.319 (0.986),37246,11374,19815,6057,181635554,75758691,87420204,18456659
 1,14.556 (0.376),1.456 (0.191),16.414 (0.445),40.681 (0.986),9078,206,4628,4244,30943934,1119694,17166608,12657632
smoke_status,"","","","",,,,,,,,
 Current smoker,21.012 (0.376),12.892 (0.463),22.899 (0.439),35.1 (0.937),11011,1670,5857,3484,42824127,9528916,23078844,10216367
 Former smoker,24.681 (0.35),27.479 (0.564),24.994 (0.433),16.491 (0.505),13144,3802,7270,2072,50301255,20310345,25191012,4799898
 Never smoker,54.307 (0.473),59.628 (0.639),52.107 (0.553),48.41 (0.951),29546,8376,15483,5687,110679756,44072397,52516949,14090409
alch_freq_wk,"","","","",,,,,,,,
 Never drinker,11.631 (0.507),6.237 (0.371),13.811 (0.651),19.477 (0.82),6067,931,3411,1725,18886215,3922857,10760272,4203086
 Non-drinker,3.083 (0.196),2.079 (0.261),3.628 (0.332),4.042 (0.601),1407,257,831,319,5006271,1307224,2826854,872194
 Less than 1 per month,30.43 (0.459),26.375 (0.602),32.58 (0.591),34.486 (0.876),12400,3066,6755,2579,49413429,16587672,25383906,7441852
 Less than 1 per week,14.823 (0.309),15.466 (0.517),14.551 (0.393),13.93 (0.56),5450,1699,2763,988,24069596,9726762,11336842,3005991
 1-2 per week,13.43 (0.33),15.781 (0.54),12.33 (0.366),10.545 (0.465),4699,1607,2314,778,21807460,9925076,9606754,2275630
 3-6 per week,20.802 (0.418),26.546 (0.675),18.058 (0.44),13.971 (0.596),6748,2553,3202,993,33779485,16694957,14069727,3014801
 1 or more per day,5.802 (0.206),7.516 (0.378),5.042 (0.212),3.55 (0.236),2153,770,1063,320,9421490,4727054,3928417,766018
pa_level_mets,"","","","",,,,,,,,
 High,39.202 (0.443),42.345 (0.621),37.484 (0.56),37.292 (1.01),20090,5531,10285,4274,81537167,31632624,38516306,11388238
 Low,41.926 (0.486),34.749 (0.658),45.374 (0.576),47.884 (0.972),26531,5449,14761,6321,87203638,25958332,46622624,14622682
 Moderate,18.872 (0.274),22.906 (0.453),17.142 (0.317),14.825 (0.458),9847,3217,4882,1748,39252200,17111215,17613874,4527111
genhealth,"","","","",,,,,,,,
 Poor,3.197 (0.113),0.869 (0.092),3.566 (0.163),7.643 (0.346),2568,193,1348,1027,6662958,650713,3672576,2339668
 Fair,14.098 (0.266),7.197 (0.277),15.975 (0.331),24.66 (0.625),10499,1268,5882,3349,29386287,5387005,16450804,7548478
 Good,33.705 (0.314),28.744 (0.55),36.465 (0.419),36.549 (0.639),19854,4317,11143,4394,70255216,21515870,37551425,11187921
 Very good,31.804 (0.381),40.294 (0.613),29.107 (0.421),20.118 (0.705),15152,5306,7609,2237,66293577,30161049,29974313,6158215
 Excellent,17.197 (0.288),22.896 (0.503),14.887 (0.307),11.03 (0.463),8523,3137,4016,1370,35844974,17138540,15330034,3376401
income_hh,"","","","",,,,,,,,
" $0-$4,999",1.635 (0.1),0 (0),0 (0),11.061 (0.549),1202,,,1202,3345686,,,3345686
" $5,000-$9,999",3.453 (0.156),0 (0),0.344 (0.043),22.2 (0.799),2555,,122,2433,7065129,,350052,6715077
" $10,000-$14,999",5.65 (0.206),0 (0),4.462 (0.247),23.213 (0.698),3992,,1515,2477,11559658,,4538169,7021488
" $15,000-$19,999",5.693 (0.174),0 (0),6.62 (0.215),16.256 (0.661),3799,,2127,1672,11649013,,6732078,4916935
" Under $20,000",0.043 (0.011),0 (0),0.021 (0.009),0.223 (0.07),37,,9,28,88695,,21303,67391
" Over $20,000",0.477 (0.055),0.303 (0.083),0.576 (0.089),0.56 (0.11),263,45,159,59,975085,220093,585513,169479
" $20,000-$24,999",6.662 (0.209),0 (0),10.025 (0.302),11.362 (0.582),4060,,2887,1173,13631974,,10195172,3436802
" $25,000-$34,999",11.07 (0.277),0.036 (0.021),20.121 (0.462),7.147 (0.46),6189,6,5403,780,22650870,25830,20463318,2161722
" $35,000-$44,999",9.866 (0.273),1.418 (0.116),17.881 (0.45),3.213 (0.375),4903,197,4404,302,20187167,1030299,18184988,971880
" $45,000-$54,999",9.282 (0.23),5.475 (0.303),14.24 (0.374),1.753 (0.281),4122,743,3223,156,18991240,3978556,14482500,530184
" $55,000-$64,999",7.185 (0.225),7.01 (0.36),9.262 (0.363),0.621 (0.128),2999,963,1986,50,14701397,5094193,9419447,187756
" $65,000-$74,999",6.321 (0.257),9.181 (0.445),5.968 (0.362),0.638 (0.162),2416,1112,1268,36,12934112,6671113,6069945,193054
" Over $75,000",11.415 (0.499),27.795 (1.183),2.969 (0.212),0.46 (0.097),4058,3371,640,47,23356060,20197823,3019085,139151
" $75,000-$99,999",6.882 (0.275),11.593 (0.554),5.445 (0.302),0.395 (0.121),2607,1409,1169,29,14081159,8424443,5537296,119421
" Over $100,000",14.367 (0.73),37.189 (1.369),2.066 (0.203),0.898 (0.333),4572,4121,411,40,29396391,27023660,2101076,271656
income_fam,"","","","",,,,,,,,
" $0-$4,999",3.08 (0.179),0 (0),0 (0),20.523 (0.9),2110,,,2110,6364905,,,6364905
" $5,000-$9,999",4.563 (0.199),0 (0),0.51 (0.06),28.72 (0.886),3194,,169,3025,9431010,,524091,8906919
" $10,000-$14,999",6.804 (0.201),0 (0),6.38 (0.246),24.199 (0.693),4649,,2033,2616,14062830,,6558037,7504793
" $15,000-$19,999",6.068 (0.195),0 (0),8.336 (0.266),12.809 (0.638),4034,,2602,1432,12541087,,8568748,3972339
" Under $20,000",0 (0),0 (0),0 (0),0 (0),,,,,,,,
" Over $20,000",0 (0),0 (0),0 (0),0 (0),,,,,,,,
" $20,000-$24,999",7.275 (0.193),0 (0),11.965 (0.304),8.819 (0.554),4384,,3401,983,15034663,,12299735,2734928
" $25,000-$34,999",11.231 (0.282),0.044 (0.021),21.397 (0.487),3.82 (0.375),6096,9,5636,451,23212054,32209,21995084,1184761
" $35,000-$44,999",9.714 (0.279),2.136 (0.174),17.766 (0.458),0.829 (0.214),4737,293,4336,108,20075649,1556031,18262553,257064
" $45,000-$54,999",9.012 (0.228),7.038 (0.341),13.045 (0.387),0.281 (0.173),3963,929,3011,23,18624772,5127882,13409636,87253
" $55,000-$64,999",6.781 (0.201),7.943 (0.382),8.004 (0.324),0 (0),2781,1067,1714,,14015145,5787761,8227384,
" $65,000-$74,999",5.843 (0.248),9.595 (0.454),4.947 (0.332),0 (0),2297,1193,1104,,12076458,6991560,5084899,
" Over $75,000",10.089 (0.464),26.133 (1.148),1.76 (0.193),0 (0),3505,3165,340,,20850855,19041569,1809286,
" $75,000-$99,999",6.289 (0.258),11.479 (0.533),4.508 (0.286),0 (0),2422,1417,1005,,12998188,8363921,4634267,
" Over $100,000",13.25 (0.67),35.633 (1.343),1.381 (0.164),0 (0),4253,3956,297,,27383871,25963882,1419989,
foodsecure_level,"","","","",,,,,,,,
 Food secure,85.444 (0.376),98.544 (0.191),83.586 (0.445),59.319 (0.986),37246,11374,19815,6057,181635554,75758691,87420204,18456659
 Low food security,8.912 (0.267),1.012 (0.129),10.459 (0.346),23.234 (0.729),5665,156,2989,2520,18944944,777708,10938219,7229017
 Very low food security,5.644 (0.211),0.445 (0.122),5.955 (0.266),17.447 (0.748),3413,50,1639,1724,11998990,341986,6228389,5428615
uacr_level,"","","","",,,,,,,,
 uacr_lt30,90.24 (0.186),93.238 (0.269),89.17 (0.252),86.414 (0.459),46151,12151,24191,9809,184223855,68848636,89667948,25707270
 uacr_30to100,6.322 (0.141),4.605 (0.206),6.932 (0.219),8.52 (0.314),4104,736,2327,1041,12906344,3400656,6971118,2534569
 uacr_100to300,1.998 (0.09),1.383 (0.129),2.265 (0.122),2.624 (0.219),1375,243,791,341,4078969,1021149,2277343,780477
 uacr_gte300,1.44 (0.058),0.774 (0.07),1.633 (0.086),2.442 (0.229),1145,162,657,326,2939882,571600,1641672,726610
ckd_gfr_level,"","","","",,,,,,,,
 Stage 0,62.537 (0.454),59.755 (0.75),61.971 (0.537),71.483 (0.669),30898,7301,15958,7639,123462753,42844674,60281917,20336162
 Stage 2,31.327 (0.374),35.78 (0.68),30.57 (0.445),22.695 (0.573),15517,4652,8330,2535,61847273,25654213,29736589,6456471
 Stage 3a,4.17 (0.124),3.363 (0.184),4.973 (0.177),3.456 (0.216),2732,611,1667,454,8232181,2411305,4837671,983205
 Stage 3b,1.379 (0.056),0.783 (0.07),1.751 (0.087),1.61 (0.156),1025,163,649,213,2722844,561246,1703702,457896
 Stage 4,0.34 (0.026),0.211 (0.036),0.433 (0.041),0.346 (0.049),283,53,173,57,671175,151204,421678,98293
 Stage 5,0.061 (0.011),0.03 (0.012),0.084 (0.02),0.062 (0.024),58,11,33,14,120927,21867,81561,17499
 ESRD,0.186 (0.017),0.078 (0.022),0.218 (0.03),0.35 (0.064),172,24,94,54,367058,55749,211749,99559
fib4_cat,"","","","",,,,,,,,
 High,2.46 (0.091),1.91 (0.133),2.834 (0.123),2.567 (0.192),1720,352,1025,343,4837058,1364143,2746203,726712
 Low,83.933 (0.345),82.399 (0.548),84.114 (0.395),87.184 (0.502),41488,10353,21854,9281,165009808,58835406,81494703,24679699
 Moderate,13.607 (0.303),15.691 (0.521),13.052 (0.34),10.249 (0.444),7246,2051,3911,1284,26750539,11203879,12645328,2901331
nfs_cat,"","","","",,,,,,,,
 High,4.111 (0.103),2.762 (0.189),5.036 (0.153),4.374 (0.242),2802,481,1712,609,7971817,1955599,4804259,1211959
 Low,70.432 (0.415),72.463 (0.599),67.897 (0.537),73.973 (0.69),32305,8583,16394,7328,136579009,51310939,64770704,20497367
 Moderate,25.457 (0.371),24.775 (0.558),27.067 (0.48),21.653 (0.605),14499,3561,8209,2729,49363956,17542932,25820982,6000043
smoke_current,"","","","",,,,,,,,
 0,72.102 (0.496),82.223 (0.621),69.471 (0.577),57.969 (1.089),29546,8376,15483,5687,110679756,44072397,52516949,14090409
 1,27.898 (0.496),17.777 (0.621),30.529 (0.577),42.031 (1.089),11011,1670,5857,3484,42824127,9528916,23078844,10216367
smoke_ever,"","","","",,,,,,,,
 0,54.307 (0.473),59.628 (0.639),52.107 (0.553),48.41 (0.951),29546,8376,15483,5687,110679756,44072397,52516949,14090409
 1,45.693 (0.473),40.372 (0.639),47.893 (0.553),51.59 (0.951),24155,5472,13127,5556,93125382,29839261,48269857,15016265
alch_drink_curr,"","","","",,,,,,,,
 0,14.714 (0.521),8.316 (0.447),17.439 (0.661),23.519 (0.888),7474,1188,4242,2044,23892486,5230081,13587125,5075280
 1,85.286 (0.521),91.684 (0.447),82.561 (0.661),76.481 (0.888),31450,9695,16097,5658,138491460,57661521,64325646,16504293
alch_drink_daily,"","","","",,,,,,,,
 0,94.198 (0.206),92.484 (0.378),94.958 (0.212),96.45 (0.236),36771,10113,19276,7382,152962456,58164547,73984354,20813555
 1,5.802 (0.206),7.516 (0.378),5.042 (0.212),3.55 (0.236),2153,770,1063,320,9421490,4727054,3928417,766018
alch_drink_weekly,"","","","",,,,,,,,
 0,59.966 (0.601),50.157 (0.801),64.569 (0.648),71.934 (0.859),25324,5953,13760,5611,97375511,31544515,50307873,15523124
 1,40.034 (0.601),49.843 (0.801),35.431 (0.648),28.066 (0.859),13600,4930,6579,2091,65008434,31347087,27604898,6056449
pa_total_mets_wk,2879.893 ± 46.272,2590.908 ± 57.026,2975.262 ± 65.072,3265.914 ± 97.32,56468,14197,29928,12343,207993006,74702171,102752803,30538031
pa_meets_guidelines,"","","","",,,,,,,,
 0,41.926 (0.486),34.749 (0.658),45.374 (0.576),47.884 (0.972),26531,5449,14761,6321,87203638,25958332,46622624,14622682
 1,58.074 (0.486),65.251 (0.658),54.626 (0.576),52.116 (0.972),29937,8748,15167,6022,120789367,48743839,56130179,15915349
hei2015_total,51.082 ± 0.189,53.687 ± 0.288,50.107 ± 0.202,47.704 ± 0.265,32381,8334,17185,6862,217442488,80140623,106074830,31227035
ahei_total,42.866 ± 0.162,45.523 ± 0.239,41.817 ± 0.186,39.598 ± 0.205,32348,8327,17168,6853,217226584,80108001,105975911,31142671
dii_total,2.315 ± 0.034,1.846 ± 0.047,2.493 ± 0.038,2.91 ± 0.053,32348,8327,17168,6853,217226584,80108001,105975911,31142671
dietsuppl_any,"","","","",,,,,,,,
 0,70.572 (0.598),64.231 (0.901),72.046 (0.719),81.116 (0.675),42185,9658,22384,10143,147182177,48099325,74229919,24852932
 1,29.428 (0.598),35.769 (0.901),27.954 (0.719),18.884 (0.675),14452,4569,7637,2246,61372983,26785282,28801783,5785919
dietsuppl_num,1.272 ± 0.031,1.638 ± 0.06,1.196 ± 0.032,0.607 ± 0.025,32091,8041,16892,7158,202979448,74659797,98394824,29924827
addsalt_prep_often,"","","","",,,,,,,,
 0,42.678 (0.501),41.233 (0.794),43.214 (0.607),44.433 (1.082),25375,6355,13469,5551,87893062,30609085,43882168,13401808
 1,57.322 (0.501),58.767 (0.794),56.786 (0.607),55.567 (1.082),30418,7725,16066,6627,118050134,43625462,57664855,16759817
addsalt_table_often,"","","","",,,,,,,,
 0,65.459 (0.468),64.568 (0.649),65.82 (0.606),66.422 (0.827),39416,9847,21013,8556,136430166,48333559,67788348,20308259
 1,34.541 (0.468),35.432 (0.649),34.18 (0.606),33.578 (0.827),17171,4375,8987,3809,71991798,26523077,35202394,10266327
restaur_freq_gt2,"","","","",,,,,,,,
 0,51.776 (0.52),41.34 (0.712),55.598 (0.574),64.441 (1.08),32688,6386,17947,8355,107952947,30953939,57265322,19733686
 1,48.224 (0.52),58.66 (0.712),44.402 (0.574),35.559 (1.08),23921,7836,12061,4024,100546289,43923123,45734072,10889094
govtmeal_any,"","","","",,,,,,,,
 0,97.206 (0.159),99.505 (0.131),96.761 (0.203),92.176 (0.655),17234,4146,10169,2919,48788906,16790312,27178412,4820182
 1,2.794 (0.159),0.495 (0.131),3.239 (0.203),7.824 (0.655),697,34,395,268,1402544,83600,909806,409138
foodinsecure,"","","","",,,,,,,,
 0,85.444 (0.376),98.544 (0.191),83.586 (0.445),59.319 (0.986),37246,11374,19815,6057,181635554,75758691,87420204,18456659
 1,14.556 (0.376),1.456 (0.191),16.414 (0.445),40.681 (0.986),9078,206,4628,4244,30943934,1119694,17166608,12657632
genhealth_low_vs_other,"","","","",,,,,,,,
 0,82.705 (0.318),91.934 (0.306),80.459 (0.378),67.697 (0.767),43529,12760,22768,8001,172393767,68815459,82855771,20722536
 1,17.295 (0.318),8.066 (0.306),19.541 (0.378),32.303 (0.767),13067,1461,7230,4376,36049245,6037717,20123381,9888147
hc_drvisit,"","","","",,,,,,,,
 0,15.715 (0.248),10.83 (0.34),17.554 (0.343),21.482 (0.575),9202,1489,5166,2547,32758093,8108621,18079073,6570400
 1,84.285 (0.248),89.17 (0.34),82.446 (0.343),78.518 (0.575),47383,12736,24833,9814,175689164,66764257,84909882,24015025
hc_hospadmit,"","","","",,,,,,,,
 0,89.44 (0.192),91.933 (0.343),88.873 (0.252),85.25 (0.495),49656,12961,26252,10443,186496968,68838133,91552650,26106185
 1,10.56 (0.192),8.067 (0.343),11.127 (0.252),14.75 (0.495),6960,1263,3761,1936,22019759,6040476,11462217,4517065
insur_any,"","","","",,,,,,,,
 0,16.947 (0.409),4.524 (0.261),20.406 (0.538),35.72 (0.827),11638,763,6516,4359,35308082,3387007,20998565,10922510
 1,83.053 (0.409),95.476 (0.261),79.594 (0.538),64.28 (0.827),44911,13457,23463,7991,173037649,71479114,81902917,19655618
uninsur_lastyr,"","","","",,,,,,,,
 0,93.463 (0.173),96.685 (0.213),92.179 (0.268),87.079 (0.593),41550,12974,21551,7025,161562502,69055896,75450638,17055968
 1,6.537 (0.173),3.315 (0.213),7.821 (0.268),12.921 (0.593),3311,474,1892,945,11299935,2367419,6401785,2530730
bmi,28.739 ± 0.06,28.306 ± 0.094,29.006 ± 0.073,28.909 ± 0.107,53030,13363,28109,11558,205195852,74129730,101163624,29902499
waist,98.116 ± 0.16,97.615 ± 0.242,98.69 ± 0.199,97.421 ± 0.287,51267,13013,27142,11112,199311239,72495453,98040201,28775585
whr,0.931 ± 0.002,0.926 ± 0.003,0.934 ± 0.002,0.93 ± 0.004,7295,1965,3889,1441,210258597,83630630,99656394,26971573
wt,82.02 ± 0.176,82.724 ± 0.29,82.113 ± 0.224,79.966 ± 0.32,53222,13383,28229,11610,205752066,74194267,101535474,30022324
sbp_mean,122.026 ± 0.153,121.073 ± 0.226,122.992 ± 0.184,121.11 ± 0.29,51270,12939,27215,11116,198831351,71940172,98194681,28696499
dbp_mean,71.012 ± 0.138,72.063 ± 0.172,70.548 ± 0.163,69.969 ± 0.248,51270,12939,27215,11116,198831351,71940172,98194681,28696499
fg,105.424 ± 0.287,103.616 ± 0.417,106.392 ± 0.396,106.543 ± 0.62,24963,6281,13293,5389,210306749,74960017,105092429,30254303
fi,12.327 ± 0.144,11.192 ± 0.213,12.752 ± 0.178,13.683 ± 0.368,24477,6188,13036,5253,206659380,73945153,103243571,29470656
tg,129.085 ± 1.164,125.492 ± 1.875,131.927 ± 1.39,128.13 ± 2.27,24537,6207,13064,5266,208286311,74407797,104071615,29806899
tc,194.755 ± 0.374,197.463 ± 0.607,194.147 ± 0.434,190.011 ± 0.63,50794,12840,26975,10979,197864206,71817812,97565628,28480765
hdl,53.154 ± 0.158,55.187 ± 0.255,52.345 ± 0.15,50.799 ± 0.257,50792,12839,26974,10979,197856987,71815387,97560835,28480765
ldl_friedewald,114.648 ± 0.385,116.133 ± 0.737,114.376 ± 0.47,111.877 ± 0.778,24063,6104,12801,5158,204355686,73218030,101905874,29231783
glu,97.928 ± 0.204,96.046 ± 0.289,98.789 ± 0.323,99.729 ± 0.57,50649,12811,26883,10955,197375551,71699243,97243110,28433198
tgglu,1.322 ± 0.011,1.296 ± 0.018,1.344 ± 0.014,1.311 ± 0.022,24458,6197,13013,5248,207759251,74298768,103731390,29729093
ogtt_2hg,114.815 ± 0.666,112.224 ± 1.035,117.019 ± 0.91,113.644 ± 1.44,10712,2756,5637,2319,178005633,63715459,88568964,25721210
hba1c,5.563 ± 0.008,5.487 ± 0.01,5.6 ± 0.01,5.63 ± 0.016,51423,12969,27282,11172,199935002,72463048,98522746,28949207
uacr,33.931 ± 1.442,20.173 ± 1.125,38.256 ± 2.412,53.466 ± 4.688,52775,13292,27966,11517,204149049,73842042,100558081,29748926
egfr,95.397 ± 0.219,93.585 ± 0.308,95.149 ± 0.267,100.812 ± 0.361,50647,12811,26880,10956,197375926,71699243,97239205,28437477
crp,4.076 ± 0.057,3.581 ± 0.081,4.152 ± 0.074,5.074 ± 0.147,33783,8472,18155,7156,193044909,69525565,96452851,27066492
creatinine,0.902 ± 0.002,0.911 ± 0.003,0.904 ± 0.003,0.873 ± 0.005,50647,12811,26880,10956,197375926,71699243,97239205,28437477
vitd,67.939 ± 0.498,73.445 ± 0.6,66.213 ± 0.519,60.216 ± 0.609,39124,9843,20724,8557,198005444,71128078,98066547,28810819
b_carot,17.878 ± 0.432,21.233 ± 0.635,16.532 ± 0.394,13.846 ± 0.565,14293,3768,7702,2823,194061195,69910999,99064929,25085267
g_tocoph,231.352 ± 3.099,213.22 ± 3.356,237.953 ± 3.362,253.882 ± 4.891,17723,4599,9553,3571,181536564,64314440,92590595,24631529
t_lycop,23.141 ± 0.193,24.554 ± 0.264,22.612 ± 0.219,21.291 ± 0.361,14286,3767,7697,2822,193990730,69889088,99017920,25083722
manganese,9.739 ± 0.043,9.391 ± 0.066,9.867 ± 0.062,10.195 ± 0.085,17251,4381,9003,3867,164908106,61246296,79264355,24397455
selenium,192.608 ± 0.679,194.194 ± 0.919,192.219 ± 0.781,189.889 ± 0.842,17251,4381,9003,3867,164908106,61246296,79264355,24397455
mercury,1.53 ± 0.033,2.004 ± 0.051,1.306 ± 0.03,1.102 ± 0.039,40236,10080,21250,8906,156815659,56836395,77114722,22864542
lead,1.552 ± 0.015,1.437 ± 0.019,1.597 ± 0.02,1.688 ± 0.037,46410,11761,24642,10007,179922868,65335403,88771229,25816237
cadmium,0.508 ± 0.006,0.416 ± 0.007,0.533 ± 0.007,0.654 ± 0.016,46410,11761,24642,10007,179922868,65335403,88771229,25816237
hcb,0.128 ± 0.003,0.121 ± 0.003,0.131 ± 0.004,0.136 ± 0.008,4082,1024,2235,823,55126219,19054502,28088833,7982884
hcb_adj,20.836 ± 0.493,19.698 ± 0.625,21.344 ± 0.647,21.768 ± 1.228,4082,1024,2235,823,55126219,19054502,28088833,7982884
hepox,0.053 ± 0.002,0.047 ± 0.002,0.056 ± 0.003,0.057 ± 0.005,3943,975,2149,819,51868724,17948572,26225229,7694923
pcb180,0.207 ± 0.005,0.21 ± 0.007,0.212 ± 0.006,0.177 ± 0.011,4191,1048,2299,844,177866622,62164362,91330221,24372038
pcbdiox,29.676 ± 0.923,27.305 ± 0.966,31.705 ± 1.137,28.186 ± 1.782,3732,951,2052,729,162164905,57358525,83015128,21791252
u_bpa,3.625 ± 0.193,3.056 ± 0.259,3.819 ± 0.265,4.385 ± 0.474,11698,2963,6106,2629,208291565,75725197,102029220,30537148
testosterone,233.629 ± 2.348,243.68 ± 4.332,229.526 ± 3.137,223.645 ± 4.386,15671,3857,8169,3645,110866468,39378574,54059984,17427910
estradiol,69.144 ± 4.814,53.969 ± 7.241,76.219 ± 7.916,85.038 ± 15.318,16945,4311,9020,3614,112563967,42028000,54804599,15731368
hpv_oral,"","","","",,,,,,,,
 0,92.939 (0.327),94.018 (0.539),92.625 (0.362),91.479 (0.494),15660,3940,7909,3811,166729822,60912555,78774880,27042387
 1,7.061 (0.327),5.982 (0.539),7.375 (0.362),8.521 (0.494),1292,247,659,386,12666905,3875294,6272673,2518938
diabetes,"","","","",,,,,,,,
 0,87.809 (0.209),90.267 (0.347),86.511 (0.317),86.164 (0.466),47828,12531,25000,10297,183129250,67596159,89133442,26399649
 1,12.191 (0.209),9.733 (0.347),13.489 (0.317),13.836 (0.466),8809,1696,5021,2092,25425910,7288447,13898261,4239202
diabetes_undx,"","","","",,,,,,,,
 0,99.482 (0.038),99.457 (0.079),99.453 (0.06),99.638 (0.07),56315,14143,29838,12334,207474921,74478339,102468529,30528052
 1,0.518 (0.038),0.543 (0.079),0.547 (0.06),0.362 (0.07),322,84,183,55,1080239,406267,563173,110799
htn,"","","","",,,,,,,,
 0,54.947 (0.415),55.75 (0.757),53.099 (0.469),59.201 (0.748),30141,7693,15381,7067,114595323,41747906,54708802,18138614
 1,45.053 (0.415),44.25 (0.757),46.901 (0.469),40.799 (0.748),26496,6534,14640,5322,93959838,33136701,48322900,12500237
htn_undx,"","","","",,,,,,,,
 0,63.611 (0.374),64.55 (0.66),62.059 (0.447),66.57 (0.659),31343,8028,16189,7126,126479351,46437147,60938982,19103222
 1,36.389 (0.374),35.45 (0.66),37.941 (0.447),33.43 (0.659),19927,4911,11026,3990,72352000,25503025,37255698,9593277
htn_stg1,"","","","",,,,,,,,
 0,65.308 (0.361),65.944 (0.652),63.841 (0.429),68.689 (0.633),36710,9316,18995,8399,136203160,49381582,65776004,21045574
 1,34.692 (0.361),34.056 (0.652),36.159 (0.429),31.311 (0.633),19927,4911,11026,3990,72352000,25503025,37255698,9593277
obese,"","","","",,,,,,,,
 0,55.467 (0.385),56.241 (0.677),54.559 (0.513),56.627 (0.707),31998,8166,16731,7101,115678993,42115768,56213494,17349730
 1,44.533 (0.385),43.759 (0.677),45.441 (0.513),43.373 (0.707),24639,6061,13290,5288,92876167,32768838,46818208,13289121
obese_abd,"","","","",,,,,,,,
 0,48.328 (0.469),49.816 (0.784),46.677 (0.548),50.242 (0.77),28717,7480,14835,6402,100790385,37304816,48091955,15393615
 1,51.672 (0.469),50.184 (0.784),53.323 (0.548),49.758 (0.77),27920,6747,15186,5987,107764775,37579791,54939748,15245236
cvd,"","","","",,,,,,,,
 0,94.142 (0.178),95.62 (0.249),93.24 (0.246),93.559 (0.323),52576,13459,27639,11478,196337390,71604960,96066894,28665535
 1,5.858 (0.178),4.38 (0.249),6.76 (0.246),6.441 (0.323),4061,768,2382,911,12217770,3279646,6964808,1973316
ascvd,"","","","",,,,,,,,
 0,92.219 (0.193),94.439 (0.251),90.93 (0.281),91.127 (0.378),51124,13221,26775,11128,192327605,70720264,93686975,27920367
 1,7.781 (0.193),5.561 (0.251),9.07 (0.281),8.873 (0.378),5513,1006,3246,1261,16227555,4164343,9344727,2718484
chf,"","","","",,,,,,,,
 0,97.555 (0.092),98.858 (0.11),96.879 (0.135),96.565 (0.242),50829,13465,26974,10390,196471175,72495718,96482655,27492801
 1,2.445 (0.092),1.142 (0.11),3.121 (0.135),3.435 (0.242),1834,234,1142,458,4923728,837626,3107995,978107
mdd,"","","","",,,,,,,,
 0,94.357 (0.159),96.952 (0.196),94.064 (0.221),88.998 (0.439),53360,13851,28349,11160,196786348,72602191,96916219,27267939
 1,5.643 (0.159),3.048 (0.196),5.936 (0.221),11.002 (0.439),3277,376,1672,1229,11768812,2282416,6115484,3370912
ckd,"","","","",,,,,,,,
 0,95.868 (0.119),97.099 (0.181),95.232 (0.165),94.998 (0.299),53583,13669,28213,11701,199937208,72712190,98118775,29106243
 1,4.132 (0.119),2.901 (0.181),4.768 (0.165),5.002 (0.299),3054,558,1808,688,8617952,2172417,4912928,1532608
ckd_gfr_gte3,"","","","",,,,,,,,
 0,93.864 (0.151),95.535 (0.21),92.54 (0.22),94.177 (0.293),46415,11953,24288,10174,185310026,68498887,90018506,26792633
 1,6.136 (0.151),4.465 (0.21),7.46 (0.22),5.823 (0.293),4270,862,2616,792,12114184,3201372,7256361,1656452
ckd_any,"","","","",,,,,,,,
 0,58.038 (0.423),56.972 (0.72),57.061 (0.499),63.946 (0.714),29934,7265,15413,7256,119914981,42374758,58179968,19360254
 1,41.962 (0.423),43.028 (0.72),42.939 (0.499),36.054 (0.714),23619,6151,12999,4469,86700267,32002982,43781801,10915484
copd,"","","","",,,,,,,,
 0,92.603 (0.203),95.178 (0.23),91.531 (0.296),89.912 (0.518),52596,13567,27690,11339,193127474,71273682,94305827,27547965
 1,7.397 (0.203),4.822 (0.23),8.469 (0.296),10.088 (0.518),4041,660,2331,1050,15427686,3610925,8725876,3090886
copd_pft,"","","","",,,,,,,,
 0,89.807 (0.262),91.872 (0.334),88.928 (0.338),87.717 (0.587),51130,13171,26916,11043,187297229,68797904,91623742,26875582
 1,10.193 (0.262),8.128 (0.334),11.072 (0.338),12.283 (0.587),5507,1056,3105,1346,21257931,6086702,11407960,3763269
pft_lt07,"","","","",,,,,,,,
 0,86.556 (0.514),85.927 (0.947),86.312 (0.656),88.859 (1.097),11295,2959,5732,2604,151275422,56534730,71039112,23701580
 1,13.444 (0.514),14.073 (0.947),13.688 (0.656),11.141 (1.097),1682,422,898,362,23496159,9258924,11265485,2971750
nfs,-2.158 ± 0.015,-2.163 ± 0.019,-2.099 ± 0.02,-2.351 ± 0.028,49606,12625,26315,10666,193914783,70809469,95395945,27709368
nfs_mod_vs_low,"","","","",,,,,,,,
 0,73.452 (0.397),74.522 (0.579),71.497 (0.518),77.356 (0.645),32305,8583,16394,7328,136579009,51310939,64770704,20497367
 1,26.548 (0.397),25.478 (0.579),28.503 (0.518),22.644 (0.645),14499,3561,8209,2729,49363956,17542932,25820982,6000043
nfs_high_vs_low,"","","","",,,,,,,,
 0,94.485 (0.15),96.329 (0.254),93.095 (0.226),94.417 (0.319),32305,8583,16394,7328,136579009,51310939,64770704,20497367
 1,5.515 (0.15),3.671 (0.254),6.905 (0.226),5.583 (0.319),2802,481,1712,609,7971817,1955599,4804259,1211959
liver_cap_any,"","","","",,,,,,,,
 0,39.413 (1.28),40.218 (2.01),37.992 (1.58),42.033 (2.256),2691,742,1362,587,79420195,32565193,35823891,11031112
 1,60.587 (1.28),59.782 (2.01),62.008 (1.58),57.967 (2.256),4288,1160,2336,792,122088948,48406881,58469238,15212829
liver_cap_mod_sev,"","","","",,,,,,,,
 0,54.101 (1.022),55.563 (1.957),52.726 (1.326),54.532 (1.686),3749,1023,1939,787,109019175,44990807,49716907,14311461
 1,45.899 (1.022),44.437 (1.957),47.274 (1.326),45.468 (1.686),3230,879,1759,592,92489968,35981267,44576222,11932480
fib4,1.028 ± 0.007,1.053 ± 0.01,1.045 ± 0.009,0.912 ± 0.012,50454,12756,26790,10908,196597405,71403429,96886234,28307742
fib4_mod_vs_low,"","","","",,,,,,,,
 0,86.05 (0.316),84.003 (0.534),86.568 (0.355),89.481 (0.458),41488,10353,21854,9281,165009808,58835406,81494703,24679699
 1,13.95 (0.316),15.997 (0.534),13.432 (0.355),10.519 (0.458),7246,2051,3911,1284,26750539,11203879,12645328,2901331
fib4_high_vs_low,"","","","",,,,,,,,
 0,97.152 (0.11),97.734 (0.16),96.74 (0.146),97.14 (0.216),41488,10353,21854,9281,165009808,58835406,81494703,24679699
 1,2.848 (0.11),2.266 (0.16),3.26 (0.146),2.86 (0.216),1720,352,1025,343,4837058,1364143,2746203,726712
prevent_cvd_10yr_base,0.113 ± 0.001,0.099 ± 0.001,0.123 ± 0.001,0.124 ± 0.002,33143,9689,17309,6145,137457215,56834787,64876463,15745965
prevent_cvd_10yr_hba1c,0.113 ± 0.001,0.099 ± 0.001,0.123 ± 0.001,0.125 ± 0.002,33091,9682,17274,6135,137284541,56800081,64758317,15726144
prevent_cvd_10yr_uacr,0.094 ± 0.001,0.079 ± 0.001,0.104 ± 0.001,0.107 ± 0.002,32875,9641,17171,6063,136585921,56620492,64404092,15561337
prevent_cvd_10yr_full,0.094 ± 0.001,0.079 ± 0.001,0.103 ± 0.001,0.107 ± 0.002,32825,9634,17137,6054,136417968,56585786,64289552,15542630
prevent_cvd_30yr_base,0.269 ± 0.001,0.255 ± 0.002,0.277 ± 0.002,0.286 ± 0.003,33143,9689,17309,6145,137457215,56834787,64876463,15745965
prevent_cvd_30yr_hba1c,0.263 ± 0.001,0.249 ± 0.002,0.271 ± 0.002,0.281 ± 0.003,33091,9682,17274,6135,137284541,56800081,64758317,15726144
prevent_cvd_30yr_uacr,0.242 ± 0.001,0.226 ± 0.002,0.251 ± 0.002,0.261 ± 0.003,32875,9641,17171,6063,136585921,56620492,64404092,15561337
prevent_cvd_30yr_full,0.233 ± 0.001,0.218 ± 0.002,0.241 ± 0.002,0.252 ± 0.003,32825,9634,17137,6054,136417968,56585786,64289552,15542630
prevent_ascvd_10yr_base,0.062 ± 0.001,0.054 ± 0.001,0.068 ± 0.001,0.069 ± 0.001,33143,9689,17309,6145,137457215,56834787,64876463,15745965
prevent_ascvd_10yr_hba1c,0.061 ± 0.001,0.053 ± 0.001,0.067 ± 0.001,0.069 ± 0.001,33091,9682,17274,6135,137284541,56800081,64758317,15726144
prevent_ascvd_10yr_uacr,0.054 ± 0.001,0.045 ± 0.001,0.059 ± 0.001,0.061 ± 0.001,32875,9641,17171,6063,136585921,56620492,64404092,15561337
prevent_ascvd_10yr_full,0.053 ± 0.001,0.045 ± 0.001,0.058 ± 0.001,0.061 ± 0.001,32825,9634,17137,6054,136417968,56585786,64289552,15542630
prevent_ascvd_30yr_base,0.152 ± 0.001,0.143 ± 0.001,0.157 ± 0.001,0.164 ± 0.002,33143,9689,17309,6145,137457215,56834787,64876463,15745965
prevent_ascvd_30yr_hba1c,0.146 ± 0.001,0.138 ± 0.001,0.151 ± 0.001,0.158 ± 0.002,33091,9682,17274,6135,137284541,56800081,64758317,15726144
prevent_ascvd_30yr_uacr,0.141 ± 0.001,0.131 ± 0.001,0.147 ± 0.001,0.153 ± 0.002,32875,9641,17171,6063,136585921,56620492,64404092,15561337
prevent_ascvd_30yr_full,0.135 ± 0.001,0.126 ± 0.001,0.14 ± 0.001,0.147 ± 0.002,32825,9634,17137,6054,136417968,56585786,64289552,15542630
prevent_hf_10yr_base,0.079 ± 0.001,0.068 ± 0.001,0.087 ± 0.001,0.086 ± 0.002,33143,9689,17309,6145,137457215,56834787,64876463,15745965
prevent_hf_10yr_hba1c,0.081 ± 0.001,0.069 ± 0.001,0.089 ± 0.001,0.09 ± 0.002,33091,9682,17274,6135,137284541,56800081,64758317,15726144
prevent_hf_10yr_uacr,0.063 ± 0.001,0.052 ± 0.001,0.071 ± 0.001,0.073 ± 0.002,32875,9641,17171,6063,136585921,56620492,64404092,15561337
prevent_hf_10yr_full,0.065 ± 0.001,0.053 ± 0.001,0.073 ± 0.001,0.077 ± 0.002,32825,9634,17137,6054,136417968,56585786,64289552,15542630
prevent_hf_30yr_base,0.197 ± 0.001,0.185 ± 0.002,0.204 ± 0.002,0.209 ± 0.002,33143,9689,17309,6145,137457215,56834787,64876463,15745965
prevent_hf_30yr_hba1c,0.197 ± 0.001,0.185 ± 0.002,0.205 ± 0.002,0.211 ± 0.003,33091,9682,17274,6135,137284541,56800081,64758317,15726144
prevent_hf_30yr_uacr,0.17 ± 0.001,0.157 ± 0.002,0.179 ± 0.002,0.185 ± 0.003,32875,9641,17171,6063,136585921,56620492,64404092,15561337
prevent_hf_30yr_full,0.168 ± 0.001,0.155 ± 0.002,0.176 ± 0.001,0.185 ± 0.002,32825,9634,17137,6054,136417968,56585786,64289552,15542630
prevent_chd_10yr_base,0.036 ± 0,0.031 ± 0,0.039 ± 0,0.04 ± 0.001,33143,9689,17309,6145,137457215,56834787,64876463,15745965
prevent_chd_10yr_hba1c,0.035 ± 0,0.029 ± 0,0.038 ± 0,0.04 ± 0.001,33091,9682,17274,6135,137284541,56800081,64758317,15726144
prevent_chd_10yr_uacr,0.031 ± 0,0.025 ± 0,0.034 ± 0,0.035 ± 0.001,32875,9641,17171,6063,136585921,56620492,64404092,15561337
prevent_chd_10yr_full,0.03 ± 0,0.024 ± 0,0.033 ± 0,0.035 ± 0.001,32825,9634,17137,6054,136417968,56585786,64289552,15542630
prevent_chd_30yr_base,0.091 ± 0.001,0.084 ± 0.001,0.095 ± 0.001,0.099 ± 0.001,33143,9689,17309,6145,137457215,56834787,64876463,15745965
prevent_chd_30yr_hba1c,0.085 ± 0.001,0.078 ± 0.001,0.089 ± 0.001,0.094 ± 0.001,33091,9682,17274,6135,137284541,56800081,64758317,15726144
prevent_chd_30yr_uacr,0.083 ± 0.001,0.077 ± 0.001,0.087 ± 0.001,0.092 ± 0.001,32875,9641,17171,6063,136585921,56620492,64404092,15561337
prevent_chd_30yr_full,0.077 ± 0.001,0.07 ± 0.001,0.08 ± 0.001,0.086 ± 0.001,32825,9634,17137,6054,136417968,56585786,64289552,15542630
prevent_stroke_10yr_base,0.031 ± 0,0.027 ± 0,0.034 ± 0,0.035 ± 0.001,33143,9689,17309,6145,137457215,56834787,64876463,15745965
prevent_stroke_10yr_hba1c,0.031 ± 0,0.027 ± 0,0.034 ± 0,0.035 ± 0.001,33091,9682,17274,6135,137284541,56800081,64758317,15726144
prevent_stroke_10yr_uacr,0.027 ± 0,0.023 ± 0,0.03 ± 0,0.032 ± 0.001,32875,9641,17171,6063,136585921,56620492,64404092,15561337
prevent_stroke_10yr_full,0.028 ± 0,0.024 ± 0,0.031 ± 0,0.032 ± 0.001,32825,9634,17137,6054,136417968,56585786,64289552,15542630
prevent_stroke_30yr_base,0.079 ± 0,0.075 ± 0.001,0.082 ± 0.001,0.086 ± 0.001,33143,9689,17309,6145,137457215,56834787,64876463,15745965
prevent_stroke_30yr_hba1c,0.078 ± 0,0.074 ± 0.001,0.08 ± 0.001,0.084 ± 0.001,33091,9682,17274,6135,137284541,56800081,64758317,15726144
prevent_stroke_30yr_uacr,0.074 ± 0,0.069 ± 0.001,0.077 ± 0.001,0.081 ± 0.001,32875,9641,17171,6063,136585921,56620492,64404092,15561337
prevent_stroke_30yr_full,0.074 ± 0,0.07 ± 0.001,0.076 ± 0.001,0.08 ± 0.001,32825,9634,17137,6054,136417968,56585786,64289552,15542630
taste_mouth_quinine_glms,51.698 ± 0.597,47.882 ± 1.082,53.663 ± 0.913,57.147 ± 1.548,2875,862,1506,507,121618452,49518406,58517423,13582623
taste_mouth_nacl_1M_glms,51.285 ± 0.744,48.416 ± 0.86,52.992 ± 0.833,54.208 ± 1.562,2974,881,1558,535,124717911,50295358,60221464,14201089
taste_mouth_nacl_320mM_glms,32.174 ± 0.453,29.951 ± 0.36,33.292 ± 0.652,35.318 ± 1.451,2974,881,1558,535,124678634,50317012,60160533,14201089
smell_pst_total,5.953 ± 0.049,6.108 ± 0.06,5.851 ± 0.063,5.859 ± 0.083,3240,920,1700,620,131879167,51971194,63857736,16050238
smell_dysfun_any,"","","","",,,,,,,,
 0,72.328 (1.759),78.399 (2.072),68.733 (2.319),66.977 (3.073),2136,676,1076,384,95234940,40672071,43812850,10750019
 1,27.672 (1.759),21.601 (2.072),31.267 (2.319),33.023 (3.073),1095,241,618,236,36436773,11205977,19930578,5300219
smell_dysfun_severe,"","","","",,,,,,,,
 0,95.819 (0.495),97.392 (0.674),94.849 (0.744),94.582 (0.739),3040,884,1580,576,126365126,50615850,60568699,15180577
 1,4.181 (0.495),2.608 (0.674),5.151 (0.744),5.418 (0.739),200,36,120,44,5514042,1355344,3289037,869660
tastechange_sweet_worse,"","","","",,,,,,,,
 0,95.887 (0.304),96.065 (0.611),96.08 (0.461),94.636 (0.747),6456,1769,3342,1345,129100401,50444101,62139017,16517284
 1,4.113 (0.304),3.935 (0.611),3.92 (0.461),5.364 (0.747),272,68,128,76,5537840,2066332,2535252,936256
tastechange_salt_worse,"","","","",,,,,,,,
 0,95.152 (0.345),96.543 (0.614),94.667 (0.404),92.768 (0.893),6347,1761,3279,1307,128002533,50648443,61170913,16183177
 1,4.848 (0.345),3.457 (0.614),5.333 (0.404),7.232 (0.893),375,73,189,113,6521082,1813444,3446082,1261556
tastechange_bitter_worse,"","","","",,,,,,,,
 0,95.935 (0.317),96.711 (0.553),95.853 (0.467),93.901 (0.868),6420,1774,3316,1330,128742964,50620204,61833024,16289735
 1,4.065 (0.317),3.289 (0.553),4.147 (0.467),6.099 (0.868),283,59,142,82,5454745,1721655,2674996,1058094
tastechange_sour_worse,"","","","",,,,,,,,
 0,95.88 (0.406),96.428 (0.638),96.299 (0.496),92.669 (1.01),6419,1771,3330,1318,129016687,50612478,62283086,16121123
 1,4.12 (0.406),3.572 (0.638),3.701 (0.496),7.331 (1.01),301,65,138,98,5543549,1874759,2393384,1275405
ndi_mortstat,"","","","",,,,,,,,
 0,87.799 (0.286),92.43 (0.299),84.975 (0.415),86.274 (0.501),40244,10656,20587,9001,181221180,67276358,87214863,26729959
 1,12.201 (0.286),7.57 (0.299),15.025 (0.415),13.726 (0.501),8121,1356,5026,1739,25183993,5510114,15421158,4252721
ndi_mortstat_hd,"","","","",,,,,,,,
 0,75.222 (0.702),77.769 (1.562),74.5 (0.855),74.537 (1.593),6009,1040,3678,1291,18941645,4285183,11486601,3169861
 1,24.778 (0.702),22.231 (1.562),25.5 (0.855),25.463 (1.593),2110,315,1347,448,6239346,1224931,3931554,1082860
ndi_mortstat_cbvd,"","","","",,,,,,,,
 0,95.055 (0.264),95.361 (0.614),94.488 (0.36),96.716 (0.544),7672,1277,4733,1662,23935875,5254481,14568321,4113074
 1,4.945 (0.264),4.639 (0.614),5.512 (0.36),3.284 (0.544),447,78,292,77,1245115,255633,849834,139647
ndi_mortstat_cvd,"","","","",,,,,,,,
 0,96.374 (0.14),97.966 (0.147),95.341 (0.215),96.054 (0.241),45808,11619,23974,10215,198920712,71305908,97854632,29760173
 1,3.626 (0.14),2.034 (0.147),4.659 (0.215),3.946 (0.241),2557,393,1639,525,7484461,1480564,4781388,1222508
ndi_mortstat_diab,"","","","",,,,,,,,
 0,96.598 (0.263),96.371 (0.751),96.848 (0.319),95.983 (0.62),7831,1315,4857,1659,24324228,5310164,14932184,4081880
 1,3.402 (0.263),3.629 (0.751),3.152 (0.319),4.017 (0.62),288,40,168,80,856762,199950,485971,170842
ndi_mortstat_diab_any,"","","","",,,,,,,,
 0,89.371 (0.517),90.646 (1.162),89.261 (0.705),88.115 (1.057),7196,1239,4459,1498,22504400,4994706,13762415,3747279
 1,10.629 (0.517),9.354 (1.162),10.739 (0.705),11.885 (1.057),923,116,566,241,2676591,515408,1655740,505442
