Intersect,Variable,Level,Var2_level,mean_total,se_total,mean_Collgrad_Above,mean_SomeColl_AA,mean_HSgrad_GED,mean_SomeHS_9to11,mean_LessThan9th,se_Collgrad_Above,se_SomeColl_AA,se_HSgrad_GED,se_SomeHS_9to11,se_LessThan9th,teststat,teststat_val,p_value
educ,inc_to_pov,0.05,,0.51,0.0177248878740666,1.17,0.55,0.47,0.25,0.25,0.040514029426438,0.0379819025872856,0.0227891415523714,0.020257014713219,0.0253212683915238,"F(4, 159)",1581.71206351311,7.15919464316735e-127
educ,inc_to_pov,0.25,,1.45,0.0303855220698285,3.25,1.61,1.27,0.88,0.76,0.060771044139657,0.040514029426438,0.0253212683915238,0.0151927610349143,0.0151927610349143,"F(4, 159)",1581.71206351311,7.15919464316735e-127
educ,inc_to_pov,0.5,,2.94,0.0582389173005046,5,2.95,2.33,1.49,1.2,0,0.0658352978179617,0.0455782831047428,0.0329176489089809,0.020257014713219,"F(4, 159)",1581.71206351311,7.15919464316735e-127
educ,inc_to_pov,0.75,,5,0,5,4.67,3.9,2.75,1.92,0,0.0607710441396568,0.0708995514962665,0.0734316783354189,0.0506425367830475,"F(4, 159)",1581.71206351311,7.15919464316735e-127
educ,inc_to_pov,0.95,,5,0,5,5,5,5,4.02,0,0,0,0,0.0987529467269427,"F(4, 159)",1581.71206351311,7.15919464316735e-127
educ,inc_to_pov_level,HighInc,,35.9420072498655,0.718234791337979,64.9425532420207,33.7082730655582,24.0956342490845,12.4560801214534,5.08799869500463,0.912047305611495,0.772055516047885,0.697170445812645,0.71187101991138,0.532426842941976,"F(4, 159)",1581.71206351311,7.15919464316735e-127
educ,inc_to_pov_level,MiddleInc,,49.4376936417984,0.586809343403606,31.3041943471952,53.9121516475384,59.1570581006665,57.0450116273213,56.0988620563937,0.850050883328931,0.680418291676132,0.812385968415515,0.850314437837635,1.1356592496612,"F(4, 159)",1581.71206351311,7.15919464316735e-127
educ,inc_to_pov_level,LowInc,,14.6202991083362,0.408413363950714,3.75325241078409,12.3795752869034,16.747307650249,30.4989082512253,38.8131392486017,0.219715460749383,0.590361307087575,0.658146757312466,0.83887785638079,1.09679535045631,"F(4, 159)",1581.71206351311,7.15919464316735e-127
educ,employ_status,Full-time employed,,53.2332724623119,0.419911321255938,64.6691869450898,53.5260840156569,50.4216516357704,40.8320879675562,35.5409871972418,0.642051160613932,0.677255125913226,0.65638516278853,0.799451980740063,1.08568521063273,"F(4, 159)",1581.71206351311,7.15919464316735e-127
educ,employ_status,Part-time employed,,10.2626419365778,0.216715978658302,9.83572969081922,12.7712793210705,9.21035476207323,8.52325523165048,7.06877615602471,0.350847243340035,0.442525946687984,0.340816556591792,0.399097176822205,0.476577664799534,"F(4, 159)",1581.71206351311,7.15919464316735e-127
educ,employ_status,Student,,2.039903673686,0.139553746943274,1.14109822253425,3.47669412571256,1.13275391107852,3.17201485983565,0.222367239656844,0.126248510449395,0.349299845140409,0.135904110054831,0.240173893716003,0.0770266612885065,"F(4, 159)",1581.71206351311,7.15919464316735e-127
educ,employ_status,Unemployed,,34.4641819274244,0.419392551651545,24.3539851415568,30.2259425375601,39.2352396910779,47.4726419409577,57.1678694070766,0.58949235966544,0.564726124001697,0.635338107106598,0.766453423099309,1.07801428140892,"F(4, 159)",1581.71206351311,7.15919464316735e-127
educ,foodinsecure,0,,85.4276298849501,0.364894713013045,96.1217390990559,85.6785242048998,82.5530688922364,73.5672736426559,66.030613373188,0.271866695113759,0.450782174792869,0.558892857947505,0.873381594033807,1.22116742140396,"F(4, 159)",1581.71206351311,7.15919464316735e-127
educ,foodinsecure,1,,14.57237011505,0.364894713013045,3.87826090094415,14.3214757951002,17.4469311077636,26.4327263573441,33.969386626812,0.271866695113759,0.450782174792869,0.558892857947505,0.873381594033807,1.22116742140396,"F(4, 159)",1581.71206351311,7.15919464316735e-127
