strata,level,variable,educ_level.int,inc_to_pov_level.int,inc_to_pov,employ_status.int,p_educ_level.int,p_inc_to_pov_level.int,p_inc_to_pov,p_employ_status.int
inc_to_pov_level,Low income,educ_level.int,1,0.414615448048099,-0.453422711104276,0.197342790454652,0,7.66332311008323e-104,5.20149132553084e-108,6.39740461597547e-62
inc_to_pov_level,Low income,inc_to_pov_level.int,0.414615448048099,1,-0.912816882417909,0.23475798803243,7.66332311008323e-104,0,3.76323839422253e-228,6.57911367899898e-72
inc_to_pov_level,Low income,inc_to_pov,-0.453422711104276,-0.912816882417909,1,-0.261809415900881,5.20149132553084e-108,3.76323839422253e-228,0,1.62733515499127e-77
inc_to_pov_level,Low income,employ_status.int,0.197342790454652,0.23475798803243,-0.261809415900881,1,6.39740461597547e-62,6.57911367899898e-72,1.62733515499127e-77,0
inc_to_pov_level,High income,educ_level.int,1,0.414615448048099,-0.453422711104276,0.197342790454652,0,7.66332311008323e-104,5.20149132553084e-108,6.39740461597547e-62
inc_to_pov_level,High income,inc_to_pov_level.int,0.414615448048099,1,-0.912816882417909,0.23475798803243,7.66332311008323e-104,0,3.76323839422253e-228,6.57911367899898e-72
inc_to_pov_level,High income,inc_to_pov,-0.453422711104276,-0.912816882417909,1,-0.261809415900881,5.20149132553084e-108,3.76323839422253e-228,0,1.62733515499127e-77
inc_to_pov_level,High income,employ_status.int,0.197342790454652,0.23475798803243,-0.261809415900881,1,6.39740461597547e-62,6.57911367899898e-72,1.62733515499127e-77,0
inc_to_pov_level,Middle income,educ_level.int,1,0.414615448048099,-0.453422711104276,0.197342790454652,0,7.66332311008323e-104,5.20149132553084e-108,6.39740461597547e-62
inc_to_pov_level,Middle income,inc_to_pov_level.int,0.414615448048099,1,-0.912816882417909,0.23475798803243,7.66332311008323e-104,0,3.76323839422253e-228,6.57911367899898e-72
inc_to_pov_level,Middle income,inc_to_pov,-0.453422711104276,-0.912816882417909,1,-0.261809415900881,5.20149132553084e-108,3.76323839422253e-228,0,1.62733515499127e-77
inc_to_pov_level,Middle income,employ_status.int,0.197342790454652,0.23475798803243,-0.261809415900881,1,6.39740461597547e-62,6.57911367899898e-72,1.62733515499127e-77,0
