strata,level,variable,educ_level.int,inc_to_pov_level.int,inc_to_pov,employ_status.int,foodsecure_level.int,p_educ_level.int,p_inc_to_pov_level.int,p_inc_to_pov,p_employ_status.int,p_foodsecure_level.int
age_4lvl,under30y,educ_level.int,1,0.308414723243104,-0.336897956305119,0.206608525017095,0.208343996092915,0,6.9784091784298e-39,1.80257862645163e-43,1.81558999015653e-32,3.79712143656258e-33
age_4lvl,under30y,inc_to_pov_level.int,0.308414723243104,1,-0.904992081406122,0.229162850781432,0.288810533744506,6.9784091784298e-39,0,1.85093812934542e-184,1.10023946682003e-33,1.84668348614086e-48
age_4lvl,under30y,inc_to_pov,-0.336897956305119,-0.904992081406122,1,-0.238232727683499,-0.320242841962945,1.80257862645163e-43,1.85093812934542e-184,0,6.72083267379004e-34,3.63306184121993e-57
age_4lvl,under30y,employ_status.int,0.206608525017095,0.229162850781432,-0.238232727683499,1,0.0981440700696182,1.81558999015653e-32,1.10023946682003e-33,6.72083267379004e-34,0,3.23756579220612e-12
age_4lvl,under30y,foodsecure_level.int,0.208343996092915,0.288810533744506,-0.320242841962945,0.0981440700696182,1,3.79712143656258e-33,1.84668348614086e-48,3.63306184121993e-57,3.23756579220612e-12,0
age_4lvl,over65y,educ_level.int,1,0.432734705600449,-0.477626978582222,0.147537644872643,0.18365237799085,0,2.67838579466388e-76,9.75710448700304e-80,6.50886075830483e-25,1.5761701204759e-35
age_4lvl,over65y,inc_to_pov_level.int,0.432734705600449,1,-0.885581287811072,0.183491439049005,0.262142474100784,2.67838579466388e-76,0,2.6523081928422e-171,1.66239454240237e-31,3.39950557414914e-42
age_4lvl,over65y,inc_to_pov,-0.477626978582222,-0.885581287811072,1,-0.20076031320344,-0.272193451357621,9.75710448700304e-80,2.6523081928422e-171,0,3.7288445495775e-35,7.93990251347231e-54
age_4lvl,over65y,employ_status.int,0.147537644872643,0.183491439049005,-0.20076031320344,1,0.0512717780224726,6.50886075830483e-25,1.66239454240237e-31,3.7288445495775e-35,0,8.98029478745713e-06
age_4lvl,over65y,foodsecure_level.int,0.18365237799085,0.262142474100784,-0.272193451357621,0.0512717780224726,1,1.5761701204759e-35,3.39950557414914e-42,7.93990251347231e-54,8.98029478745713e-06,0
age_4lvl,40to64y,educ_level.int,1,0.429808825714727,-0.466731776598847,0.185019113759548,0.218426930067118,0,3.30907644699753e-96,1.93839385637771e-99,2.60318919799074e-42,5.01526642263883e-42
age_4lvl,40to64y,inc_to_pov_level.int,0.429808825714727,1,-0.920023661466918,0.307398818621819,0.379084892877814,3.30907644699753e-96,0,3.53409496329158e-209,1.46575631036497e-65,8.12858296651573e-66
age_4lvl,40to64y,inc_to_pov,-0.466731776598847,-0.920023661466918,1,-0.332972591015529,-0.411289929724446,1.93839385637771e-99,3.53409496329158e-209,0,7.24130310519939e-72,3.24938951978756e-74
age_4lvl,40to64y,employ_status.int,0.185019113759548,0.307398818621819,-0.332972591015529,1,0.175526734670995,2.60318919799074e-42,1.46575631036497e-65,7.24130310519939e-72,0,8.53678481075883e-39
age_4lvl,40to64y,foodsecure_level.int,0.218426930067118,0.379084892877814,-0.411289929724446,0.175526734670995,1,5.01526642263883e-42,8.12858296651573e-66,3.24938951978756e-74,8.53678481075883e-39,0
age_4lvl,30to39y,educ_level.int,1,0.481273295573146,-0.5207354720246,0.150933396058636,0.294472927547622,0,1.60977250760975e-82,8.61325408323922e-87,1.18274250214808e-22,4.52495601719922e-40
age_4lvl,30to39y,inc_to_pov_level.int,0.481273295573146,1,-0.910840061110252,0.246330319871901,0.370520274125853,1.60977250760975e-82,0,1.41969328503893e-182,7.7995127459505e-37,8.97330444834111e-58
age_4lvl,30to39y,inc_to_pov,-0.5207354720246,-0.910840061110252,1,-0.266780268636912,-0.402001912227905,8.61325408323922e-87,1.41969328503893e-182,0,8.31687946156504e-40,4.39873395879377e-66
age_4lvl,30to39y,employ_status.int,0.150933396058636,0.246330319871901,-0.266780268636912,1,0.178345895672581,1.18274250214808e-22,7.7995127459505e-37,8.31687946156504e-40,0,8.95478353626087e-23
age_4lvl,30to39y,foodsecure_level.int,0.294472927547622,0.370520274125853,-0.402001912227905,0.178345895672581,1,4.52495601719922e-40,8.97330444834111e-58,4.39873395879377e-66,8.95478353626087e-23,0
