Variable,Total,Full-time employed,Part-time employed,Student,Unemployed,n_raw_Total,n_raw_Full-time employed,n_raw_Part-time employed,n_raw_Student,n_raw_Unemployed,n_weight_Total,n_weight_Full-time employed,n_weight_Part-time employed,n_weight_Student,n_weight_Unemployed
Years,"","","","","",,,,,,,,,,
 1999-2000,8.016 (0.342),8.358 (0.355),7.04 (0.566),8.339 (1.852),7.761 (0.497),5440,2432,500,157,2351,18134659,10033079,1650382,403314,6047884
 2001-2002,9.159 (0.369),9.342 (0.364),8.971 (0.619),7.687 (1.455),9.025 (0.581),5983,2690,604,134,2555,20721684,11214047,2103086,371804,7032747
 2003-2004,8.899 (0.582),9.049 (0.557),8.505 (0.896),9.858 (1.749),8.727 (0.709),5618,2348,558,208,2504,20133462,10862439,1993748,476786,6800489
 2005-2006,9.076 (0.518),9.75 (0.609),8.452 (0.877),5.878 (1.065),8.424 (0.593),5561,2635,549,163,2214,20534185,11704208,1981494,284293,6564190
 2007-2008,9.299 (0.494),9.608 (0.614),8.332 (0.673),10.669 (1.579),9.029 (0.561),6226,2847,533,145,2701,21037404,11532731,1953182,516033,7035459
 2009-2010,9.434 (0.473),9.128 (0.494),9.461 (0.775),10.897 (1.165),9.806 (0.536),6526,2760,687,181,2898,21342667,10956553,2217923,527066,7641125
 2011-2012,9.672 (0.549),8.904 (0.637),10.503 (1.308),18.191 (3.96),10.076 (0.703),5862,2446,585,307,2524,21881885,10688099,2462176,879850,7851761
 2013-2014,9.906 (0.492),9.409 (0.543),10.25 (0.801),10.184 (1.149),10.549 (0.618),6108,2733,646,186,2543,22410652,11294886,2402991,492576,8220199
 2015-2016,10.009 (0.504),9.905 (0.593),10.977 (0.937),6.687 (0.91),10.085 (0.614),5982,2768,669,124,2421,22645115,11889533,2573296,323424,7858862
 2017-2020,16.531 (0.632),16.547 (0.722),17.51 (0.848),11.611 (1.652),16.517 (0.73),9689,4460,993,196,4040,37400492,19863244,4104796,561600,12870851
gender,"","","","","",,,,,,,,,,
 Female,51.83 (0.216),42.617 (0.352),65.09 (0.775),51.998 (1.65),62.023 (0.357),32587,12185,3920,922,15560,117262021,51156948,15259213,2514989,48330871
 Male,48.17 (0.216),57.383 (0.352),34.91 (0.775),48.002 (1.65),37.977 (0.357),30408,15934,2404,879,11191,108980185,68881871,8183861,2321757,29592696
age_4lvl,"","","","","",,,,,,,,,,
 under30y,21.463 (0.38),22.234 (0.404),34.009 (0.946),87.262 (1.451),12.417 (0.374),14398,6831,2474,1601,3492,48558630,26689746,7972767,4220661,9675456
 30to39y,18.037 (0.282),23.707 (0.398),15.146 (0.61),6.492 (0.991),10.888 (0.316),9826,6473,881,98,2374,40806383,28457302,3550623,314011,8484447
 40to64y,42.805 (0.35),50.955 (0.499),36.763 (0.873),5.786 (0.854),34.365 (0.478),23833,13614,1983,91,8145,96841872,61165537,8618400,279854,26778081
 over65y,17.696 (0.319),3.104 (0.163),14.082 (0.548),0.459 (0.178),42.331 (0.589),14938,1201,986,11,12740,40035320,3726234,3301283,22220,32985583
racethn_combn,"","","","","",,,,,,,,,,
 Mexican-American,8.31 (0.515),9.11 (0.516),7.726 (0.57),9.589 (0.958),7.174 (0.567),11148,5446,1045,320,4337,18800923,10935628,1811278,463785,5590232
 NHAsian,2.584 (0.22),2.6 (0.225),2.733 (0.256),5.844 (0.914),2.313 (0.227),3424,1777,378,197,1072,5846651,3120616,640651,282665,1802719
 NHB,11.387 (0.567),10.928 (0.547),10.068 (0.615),15.593 (1.456),12.23 (0.662),13867,6180,1285,518,5884,25762006,13117256,2360352,754182,9530216
 NHW,67.29 (1.017),66.624 (1.021),69.436 (1.159),54.299 (2.086),68.477 (1.14),26744,11078,2807,506,12353,152238692,79974959,16277957,2626295,53359481
 Other Hispanic,5.865 (0.428),6.13 (0.43),5.328 (0.476),7.458 (1.027),5.519 (0.488),5250,2476,508,143,2123,13268489,7357898,1248991,360722,4300877
 Other/Multi-Racial,1.578 (0.094),1.456 (0.117),1.956 (0.174),1.894 (0.386),1.631 (0.131),1060,462,138,40,420,3569298,1747802,458578,91615,1271304
 Other/Multi-Racial/NHAsian,2.986 (0.19),3.153 (0.21),2.752 (0.269),5.323 (0.827),2.655 (0.247),1502,700,163,77,562,6756147,3784660,645266,257482,2068739
educ_level,"","","","","",,,,,,,,,,
 College graduate or above,27.14 (0.683),32.97 (0.824),26.011 (0.907),15.182 (1.443),19.178 (0.679),12632,7491,1194,171,3776,61042490,39475682,6003974,696555,14866279
 Some college or AA degree,30.584 (0.35),30.752 (0.454),38.06 (0.953),52.126 (2.704),26.823 (0.466),17453,8254,2183,748,6268,68789095,36820109,8785248,2391586,20792152
 HS graduate or GED,24.599 (0.395),23.299 (0.517),22.076 (0.778),13.66 (1.427),28.004 (0.443),14920,6450,1472,265,6733,55326812,27896693,5095796,626717,21707607
 9-11th grade,11.83 (0.3),9.074 (0.313),9.825 (0.5),18.396 (1.699),16.295 (0.418),10204,3579,909,478,5238,26608277,10864715,2267891,844019,12631652
 Less than 9th grade,5.847 (0.197),3.904 (0.185),4.028 (0.306),0.637 (0.222),9.699 (0.339),7221,2234,437,18,4532,13151877,4674307,929677,29245,7518648
inc_to_pov,2.974 ± 0.026,3.379 ± 0.024,2.79 ± 0.041,1.975 ± 0.101,2.452 ± 0.031,56616,25572,5730,1635,23679,208502413,111814806,21660758,4382977,70643872
inc_to_pov_level,"","","","","",,,,,,,,,,
 High income,35.91 (0.718),44.776 (0.773),32.73 (1.119),18.24 (1.676),23.948 (0.784),14224,8841,1305,221,3857,74872895,50066277,7089532,799457,16917629
 Middle income,49.4 (0.587),46.658 (0.683),49.228 (1.158),43.352 (2.364),54.168 (0.768),30008,13292,3011,714,12991,103000182,52170827,10663173,1900110,38266072
 Low income,14.69 (0.408),8.566 (0.295),18.042 (0.859),38.408 (3.031),21.885 (0.67),12384,3439,1414,700,6831,30629336,9577703,3908052,1683410,15460171
employ_status,"","","","","",,,,,,,,,,
 Full-time employed,53.058 (0.416),100 (0),0 (0),0 (0),0 (0),28119,28119,,,,120038819,120038819,,,
 Part-time employed,10.362 (0.215),0 (0),100 (0),0 (0),0 (0),6324,,6324,,,23443074,,23443074,,
 Student,2.138 (0.142),0 (0),0 (0),100 (0),0 (0),1801,,,1801,,4836746,,,4836746,
 Unemployed,34.443 (0.42),0 (0),0 (0),0 (0),100 (0),26751,,,,26751,77923567,,,,77923567
foodinsecure,"","","","","",,,,,,,,,,
 0,85.379 (0.364),87.866 (0.386),85.161 (0.7),84.708 (1.184),81.686 (0.535),40235,18540,4107,1178,16410,192760535,104710017,20221696,4120013,63708809
 1,14.621 (0.364),12.134 (0.386),14.839 (0.7),15.292 (1.184),18.314 (0.535),9818,3788,973,276,4781,33011120,14460568,3523511,743761,14283280
smoke_status,"","","","","",,,,,,,,,,
 Current smoker,21.03 (0.363),21.388 (0.459),18.339 (0.559),16.339 (1.43),21.47 (0.493),12172,5785,1031,152,5204,46478752,25369904,4036817,595662,16476368
 Former smoker,24.583 (0.333),22.366 (0.417),21.927 (0.832),8.235 (1.531),29.549 (0.474),14480,5530,1131,79,7740,54332916,26530019,4826717,300209,22675970
 Never smoker,54.387 (0.449),56.245 (0.531),59.734 (0.912),75.426 (1.863),48.981 (0.589),33067,15880,3370,857,12960,120202302,66715343,13148827,2749665,37588467
alch_freq_wk,"","","","","",,,,,,,,,,
 Never drinker,11.879 (0.493),7.814 (0.441),12.925 (0.769),22.191 (1.893),18.162 (0.7),6780,2119,705,261,3695,20774560,7680656,2343143,736553,10014208
 Non-drinker,3.217 (0.179),2.046 (0.133),2.662 (0.377),1.247 (0.475),5.607 (0.36),1636,502,123,13,998,5626530,2010749,482661,41400,3091720
 Less than 1 per month,30.327 (0.447),29.531 (0.536),33.104 (1.079),26.149 (1.613),31.083 (0.568),13569,6630,1442,285,5212,53036859,29028968,6001213,867919,17138759
 Less than 1 per week,14.863 (0.293),16.252 (0.385),15.1 (0.782),18.991 (1.931),12.059 (0.405),5954,3374,622,159,1799,25992878,15975734,2737441,630324,6649379
 1-2 per week,13.404 (0.317),15.64 (0.446),12.908 (0.782),14.865 (1.778),9.494 (0.331),5129,3041,497,117,1474,23442177,15373906,2340112,493408,5234753
 3-6 per week,20.5 (0.397),23.396 (0.507),18.762 (0.924),14.895 (1.831),16.246 (0.461),7263,4089,684,113,2377,35851380,22997806,3401232,494378,8957964
 1 or more per day,5.81 (0.206),5.321 (0.224),4.538 (0.458),1.662 (0.593),7.349 (0.37),2346,1021,172,12,1141,10160712,5230620,822747,55169,4052175
pa_level_mets,"","","","","",,,,,,,,,,
 High,39.089 (0.42),43.865 (0.479),43.916 (0.922),54.183 (2.267),29.327 (0.553),22198,11824,2667,930,6777,88164299,52514073,10276137,2614084,22760005
 Low,42.208 (0.469),36.883 (0.526),37.295 (0.904),24.421 (1.654),53.009 (0.6),29773,11243,2494,516,15520,95199099,44155144,8726676,1178217,41139062
 Moderate,18.703 (0.258),19.252 (0.377),18.789 (0.679),21.396 (1.53),17.664 (0.35),10806,4969,1146,353,4338,42185538,23048260,4396491,1032283,13708504
genhealth,"","","","","",,,,,,,,,,
 Poor,3.22 (0.109),0.865 (0.063),1.628 (0.201),0.66 (0.211),7.485 (0.252),2903,371,120,13,2399,7279734,1037727,381166,31879,5828963
 Fair,14.371 (0.262),10.369 (0.265),11.059 (0.492),7.801 (1.01),21.94 (0.433),11919,3888,900,143,6988,32491792,12439414,2589235,376934,17086209
 Good,33.798 (0.314),34.346 (0.436),32.173 (0.776),31.174 (1.574),33.605 (0.432),22115,10264,2179,593,9079,76413770,41204192,7532847,1506265,26170466
 Very good,31.492 (0.371),35.258 (0.474),34.829 (0.866),33.844 (1.813),24.543 (0.464),16592,8599,1984,573,5436,71201014,42298058,8154789,1635229,19112937
 Excellent,17.119 (0.281),19.162 (0.389),20.312 (0.738),26.521 (1.407),12.427 (0.367),9417,4981,1135,478,2823,38703444,22988814,4755748,1281418,9677464
income_hh,"","","","","",,,,,,,,,,
" $0-$4,999",1.613 (0.099),0.658 (0.075),1.924 (0.221),9.158 (1.764),2.536 (0.156),1207,236,140,147,684,3359047,733482,409270,419507,1796787
" $5,000-$9,999",3.392 (0.154),1.146 (0.09),3.856 (0.34),7.95 (1.037),6.493 (0.304),2554,397,246,131,1780,7062933,1278145,820379,364172,4600237
" $10,000-$14,999",5.56 (0.203),2.669 (0.133),6.547 (0.435),7.949 (1.29),9.657 (0.396),3997,881,430,114,2572,11575433,2975813,1393028,364121,6842472
" $15,000-$19,999",5.606 (0.172),3.456 (0.152),6.063 (0.469),8.355 (1.297),8.674 (0.296),3805,1089,388,109,2219,11670905,3852755,1289988,382695,6145466
" Under $20,000",0.512 (0.043),0.281 (0.049),0.625 (0.145),0.423 (0.146),0.849 (0.073),435,116,48,18,253,1066921,313392,132913,19381,601235
" Over $20,000",1.577 (0.123),1.576 (0.161),1.097 (0.186),2.474 (0.646),1.665 (0.132),883,412,71,30,370,3283475,1757230,233440,113334,1179470
" $20,000-$24,999",6.553 (0.205),4.689 (0.209),7.239 (0.454),8.57 (1.029),9.149 (0.29),4065,1433,414,133,2085,13643240,5228089,1540224,392553,6482374
" $25,000-$34,999",10.897 (0.272),9.213 (0.329),11.282 (0.613),9.928 (1.096),13.494 (0.38),6201,2544,626,181,2850,22687125,10271389,2400381,454779,9560576
" $35,000-$44,999",9.714 (0.269),9.434 (0.307),9.768 (0.657),7.829 (0.979),10.26 (0.395),4913,2305,508,124,1976,20224223,10517906,2078294,358597,7269426
" $45,000-$54,999",9.126 (0.228),10.029 (0.303),7.45 (0.467),7.343 (1.134),8.323 (0.359),4129,2207,366,96,1460,19000856,11181979,1585130,336350,5897397
" $55,000-$64,999",7.09 (0.223),8.32 (0.304),6.012 (0.467),5.054 (0.883),5.61 (0.268),3011,1736,280,66,929,14761188,9275874,1279113,231491,3974710
" $65,000-$74,999",6.22 (0.253),7.445 (0.316),5.838 (0.541),4.047 (0.787),4.547 (0.291),2418,1410,240,57,711,12950037,8301178,1242036,185354,3221470
" Over $75,000",11.223 (0.491),15.133 (0.676),10.93 (0.838),5.266 (0.978),5.543 (0.313),4061,2650,441,78,892,23366769,16872725,2325371,241219,3927455
" $75,000-$99,999",6.766 (0.268),8.344 (0.393),6.257 (0.512),3.819 (0.798),4.627 (0.267),2610,1582,241,53,734,14086909,9302585,1331254,174928,3278141
" Over $100,000",14.151 (0.717),17.607 (0.827),15.112 (1.256),11.835 (1.536),8.575 (0.618),4581,2929,463,112,1077,29462833,19630112,3215126,542089,6075505
income_fam,"","","","","",,,,,,,,,,
" $0-$4,999",2.988 (0.174),1.211 (0.094),4.212 (0.437),19.655 (2.872),4.299 (0.23),2110,427,278,289,1116,6364905,1377219,918728,944806,3124153
" $5,000-$9,999",4.426 (0.195),1.803 (0.114),5.913 (0.522),9.434 (0.999),7.752 (0.345),3192,597,349,147,2099,9428171,2050858,1289753,453465,5634095
" $10,000-$14,999",6.6 (0.198),3.848 (0.168),7.893 (0.495),7.187 (0.916),10.48 (0.372),4648,1229,501,120,2798,14058972,4375277,1721511,345478,7616705
" $15,000-$19,999",5.885 (0.189),4.225 (0.194),6.218 (0.485),6.124 (0.859),8.368 (0.29),4031,1296,401,100,2234,12536264,4804229,1356178,294365,6081492
" Under $20,000",0.979 (0.072),0.696 (0.087),1.002 (0.171),1.17 (0.459),1.402 (0.105),789,246,79,19,445,2084669,791159,218640,56261,1018609
" Over $20,000",2.023 (0.151),1.85 (0.176),1.821 (0.291),2.514 (0.657),2.323 (0.17),1070,451,98,24,497,4309481,2103197,397258,120865,1688161
" $20,000-$24,999",7.058 (0.188),5.668 (0.21),7.145 (0.45),9.433 (1.106),9.05 (0.268),4384,1682,419,150,2133,15034663,6445838,1558316,453435,6577074
" $25,000-$34,999",10.894 (0.273),10.019 (0.335),10.146 (0.58),8.599 (0.986),12.641 (0.37),6093,2650,570,167,2706,23206472,11393156,2213056,413347,9186913
" $35,000-$44,999",9.423 (0.27),9.613 (0.293),8.732 (0.643),4.71 (0.72),9.643 (0.387),4735,2311,469,90,1865,20071059,10931904,1904528,226420,7008207
" $45,000-$54,999",8.738 (0.222),9.74 (0.297),7.33 (0.461),6.026 (1.02),7.771 (0.332),3962,2142,363,89,1368,18612387,11076106,1598666,289658,5647957
" $55,000-$64,999",6.578 (0.197),7.798 (0.268),5.3 (0.446),4.26 (0.786),5.207 (0.248),2780,1609,252,61,858,14012641,8867831,1156022,204771,3784017
" $65,000-$74,999",5.669 (0.24),6.887 (0.301),5.351 (0.499),3.265 (0.685),4.017 (0.286),2295,1353,231,46,665,12075227,7831466,1167051,156932,2919779
" Over $75,000",9.789 (0.451),13.209 (0.609),9.794 (0.793),4.098 (0.783),4.812 (0.312),3505,2306,390,67,742,20850855,15020798,2136172,197012,3496873
" $75,000-$99,999",6.102 (0.25),7.48 (0.354),5.43 (0.544),3.178 (0.749),4.342 (0.245),2422,1466,215,44,697,12998188,8505854,1184240,152782,3155313
" Over $100,000",12.848 (0.649),15.953 (0.751),13.713 (1.127),10.347 (1.375),7.894 (0.569),4249,2699,433,102,1015,27367394,18141788,2991019,497355,5737232
foodsecure_level,"","","","","",,,,,,,,,,
 Food secure,85.379 (0.364),87.866 (0.386),85.161 (0.7),84.708 (1.184),81.686 (0.535),40235,18540,4107,1178,16410,192760535,104710017,20221696,4120013,63708809
 Low food security,9.044 (0.263),7.968 (0.295),8.555 (0.519),10.033 (1.022),10.776 (0.349),6180,2508,592,183,2897,20419102,9495412,2031402,487972,8404316
 Very low food security,5.577 (0.203),4.166 (0.203),6.284 (0.458),5.259 (0.954),7.538 (0.334),3638,1280,381,93,1884,12592018,4965156,1492109,255789,5878963
uacr_level,"","","","","",,,,,,,,,,
 uacr_lt30,90.09 (0.184),93.049 (0.222),93.146 (0.399),92.51 (0.912),84.343 (0.315),50795,24220,5465,1562,19548,199284013,109992800,21527452,4372286,63391474
 uacr_30to100,6.419 (0.141),4.725 (0.181),4.898 (0.354),5.652 (0.71),9.601 (0.236),4558,1394,354,103,2707,14200242,5584935,1132084,267148,7216075
 uacr_100to300,2.027 (0.087),1.429 (0.107),1.185 (0.174),1.141 (0.382),3.284 (0.161),1557,456,94,22,985,4484888,1689004,273911,53926,2468047
 uacr_gte300,1.463 (0.056),0.798 (0.059),0.77 (0.128),0.697 (0.297),2.772 (0.126),1284,293,65,10,916,3237353,942732,177976,32948,2083697
ckd_gfr_level,"","","","","",,,,,,,,,,
 Stage 0,62.534 (0.436),70.651 (0.481),67.986 (0.931),88.031 (1.473),46.545 (0.619),34029,18142,3984,1426,10477,133481941,80725420,15120899,3855617,33780004
 Stage 2,31.248 (0.359),27.661 (0.432),27.908 (0.867),11.846 (1.474),39.09 (0.514),16983,6555,1453,155,8820,66700300,31605217,6207037,518845,28369201
 Stage 3a,4.193 (0.123),1.425 (0.112),3.212 (0.242),0.123 (0.089),9.096 (0.237),3010,408,201,2,2399,8949154,1627701,714433,5381,6601639
 Stage 3b,1.426 (0.056),0.162 (0.024),0.72 (0.139),0 (0),3.718 (0.145),1155,77,49,,1029,3043804,184974,160235,,2698595
 Stage 4,0.346 (0.025),0.057 (0.015),0.089 (0.027),0 (0),0.901 (0.064),322,27,10,,285,738725,64967,19744,,654014
 Stage 5,0.061 (0.01),0.016 (0.008),0.029 (0.029),0 (0),0.145 (0.026),65,5,1,,59,129501,17791,6476,,105234
 ESRD,0.193 (0.018),0.03 (0.009),0.056 (0.022),0 (0),0.505 (0.053),194,14,7,,173,412392,33746,12426,,366220
fib4_cat,"","","","","",,,,,,,,,,
 High,2.494 (0.088),0.688 (0.066),1.655 (0.196),0.054 (0.054),5.747 (0.218),1913,228,116,1,1568,5299185,782850,365983,2367,4147985
 Low,83.876 (0.33),87.934 (0.327),86.776 (0.65),99.033 (0.313),75.669 (0.565),45561,21999,4951,1565,17046,178215752,100074338,19193235,4330748,54617432
 Moderate,13.63 (0.292),11.378 (0.32),11.569 (0.65),0.913 (0.308),18.584 (0.492),8007,2903,619,15,4470,28961576,12948881,2558957,39917,13413821
nfs_cat,"","","","","",,,,,,,,,,
 High,4.2 (0.099),1.523 (0.097),3.11 (0.267),0.198 (0.116),9.091 (0.22),3137,447,196,4,2490,8801496,1720155,682582,8633,6390126
 Low,70.189 (0.397),80.042 (0.379),75.631 (0.82),96.804 (0.543),51.008 (0.59),35340,19337,4197,1512,10294,147080952,90415629,16597105,4214681,35853537
 Moderate,25.611 (0.355),18.435 (0.371),21.258 (0.817),2.998 (0.492),39.901 (0.499),16047,5138,1240,56,9613,53666707,20824499,4665069,130536,28046603
smoke_current,"","","","","",,,,,,,,,,
 0,72.115 (0.476),72.45 (0.569),76.511 (0.713),82.194 (1.524),69.525 (0.676),33067,15880,3370,857,12960,120202302,66715343,13148827,2749665,37588467
 1,27.885 (0.476),27.55 (0.569),23.489 (0.713),17.806 (1.524),30.475 (0.676),12172,5785,1031,152,5204,46478752,25369904,4036817,595662,16476368
smoke_ever,"","","","","",,,,,,,,,,
 0,54.387 (0.449),56.245 (0.531),59.734 (0.912),75.426 (1.863),48.981 (0.589),33067,15880,3370,857,12960,120202302,66715343,13148827,2749665,37588467
 1,45.613 (0.449),43.755 (0.531),40.266 (0.912),24.574 (1.863),51.019 (0.589),26652,11315,2162,231,12944,100811668,51899923,8863535,895872,39152339
alch_drink_curr,"","","","","",,,,,,,,,,
 0,15.096 (0.503),9.859 (0.456),15.588 (0.83),23.438 (1.924),23.769 (0.708),8416,2621,828,274,4693,26401090,9691405,2825803,777953,13105928
 1,84.904 (0.503),90.141 (0.456),84.412 (0.83),76.562 (1.924),76.231 (0.708),34261,18155,3417,686,12003,148484006,88607034,15302745,2541198,42033029
alch_drink_daily,"","","","","",,,,,,,,,,
 0,94.19 (0.206),94.679 (0.224),95.462 (0.458),98.338 (0.593),92.651 (0.37),40331,19755,4073,948,15555,164724385,93067819,17305801,3263982,51086782
 1,5.81 (0.206),5.321 (0.224),4.538 (0.458),1.662 (0.593),7.349 (0.37),2346,1021,172,12,1141,10160712,5230620,822747,55169,4052175
alch_drink_weekly,"","","","","",,,,,,,,,,
 0,60.286 (0.575),55.643 (0.653),63.791 (1.125),68.578 (2.322),66.911 (0.722),27939,12625,2892,718,11704,105430828,54696107,11564457,2276197,36894066
 1,39.714 (0.575),44.357 (0.653),36.209 (1.125),31.422 (2.322),33.089 (0.722),14738,8151,1353,242,4992,69454269,43602332,6564091,1042954,18244892
pa_total_mets_wk,2898.97 ± 44.267,3572.398 ± 66.451,2811.674 ± 72.733,3035.085 ± 165.038,1878 ± 46.191,62777,28036,6307,1799,26635,225548937,119717478,23399304,4824584,77607571
pa_meets_guidelines,"","","","","",,,,,,,,,,
 0,42.208 (0.469),36.883 (0.526),37.295 (0.904),24.421 (1.654),53.009 (0.6),29773,11243,2494,516,15520,95199099,44155144,8726676,1178217,41139062
 1,57.792 (0.469),63.117 (0.526),62.705 (0.904),75.579 (1.654),46.991 (0.6),33004,16793,3813,1283,11115,130349837,75562334,14672628,3646367,36468509
hei2015_total,51.142 ± 0.186,50.847 ± 0.228,51.058 ± 0.325,48.178 ± 0.501,51.768 ± 0.244,35362,15728,3765,1017,14852,233642012,116933114,27045083,5382737,84281078
ahei_total,42.874 ± 0.159,43.149 ± 0.21,43.153 ± 0.253,40.379 ± 0.396,42.562 ± 0.19,35325,15714,3760,1017,14834,233396100,116802022,27019769,5382737,84191572
dii_total,2.324 ± 0.033,2.114 ± 0.04,2.343 ± 0.052,2.604 ± 0.118,2.59 ± 0.041,35325,15714,3760,1017,14834,233396100,116802022,27019769,5382737,84191572
dietsuppl_any,"","","","","",,,,,,,,,,
 0,70.715 (0.561),74.136 (0.574),69.231 (0.984),80.692 (1.409),65.271 (0.833),47086,21837,4709,1537,19003,159986398,88992179,16229847,3902862,50861511
 1,29.285 (0.561),25.864 (0.574),30.769 (0.984),19.308 (1.409),34.729 (0.833),15909,6282,1615,264,7748,66255807,31046641,7213227,933884,27062056
dietsuppl_num,1.262 ± 0.03,1.025 ± 0.026,1.289 ± 0.052,0.504 ± 0.047,1.658 ± 0.054,35466,15934,3704,1016,14812,220073362,114918726,23746759,4952602,76455275
addsalt_prep_often,"","","","","",,,,,,,,,,
 0,43.238 (0.447),42.255 (0.514),40.895 (0.998),40.491 (2.061),45.651 (0.652),28815,12355,2737,729,12994,96556334,50202282,9523935,1938608,34891509
 1,56.762 (0.447),57.745 (0.514),59.105 (0.998),59.509 (2.061),54.349 (0.652),33208,15454,3528,1048,13178,126757724,68604222,13764925,2849150,41539427
addsalt_table_often,"","","","","",,,,,,,,,,
 0,65.899 (0.443),65.136 (0.535),66.087 (0.833),66.674 (1.865),66.969 (0.59),44300,19563,4375,1245,19117,148991731,78164638,15490542,3221249,52115302
 1,34.101 (0.443),34.864 (0.535),33.913 (0.833),33.326 (1.865),33.031 (0.59),18638,8543,1947,555,7593,77100365,41836808,7949159,1610104,25704294
restaur_freq_gt2,"","","","","",,,,,,,,,,
 0,52.29 (0.503),42.47 (0.517),49.894 (1.056),44.587 (2.816),68.62 (0.626),36717,13047,3316,863,19491,118257761,50963795,11691383,2156582,53446002
 1,47.71 (0.503),57.53 (0.517),50.106 (1.056),55.413 (2.816),31.38 (0.626),26237,15058,3004,938,7237,107897928,69035618,11740935,2680164,24441210
govtmeal_any,"","","","","",,,,,,,,,,
 0,97.12 (0.158),99.69 (0.127),98.711 (0.277),100 (0),96.292 (0.205),19518,3158,1468,14,14878,53848078,9914738,4903289,24288,39005764
 1,2.88 (0.158),0.31 (0.127),1.289 (0.277),0 (0),3.708 (0.205),807,16,26,,765,1597020,30848,64035,,1502137
foodinsecure,"","","","","",,,,,,,,,,
 0,85.379 (0.364),87.866 (0.386),85.161 (0.7),84.708 (1.184),81.686 (0.535),40235,18540,4107,1178,16410,192760535,104710017,20221696,4120013,63708809
 1,14.621 (0.364),12.134 (0.386),14.839 (0.7),15.292 (1.184),18.314 (0.535),9818,3788,973,276,4781,33011120,14460568,3523511,743761,14283280
genhealth_low_vs_other,"","","","","",,,,,,,,,,
 0,82.409 (0.311),88.766 (0.279),87.313 (0.55),91.539 (1.025),70.575 (0.526),48124,23844,5298,1644,17338,186318227,106491063,20443384,4422912,54960868
 1,17.591 (0.311),11.234 (0.279),12.687 (0.55),8.461 (1.025),29.425 (0.526),14822,4259,1020,156,9387,39771527,13477141,2970401,408813,22915172
hc_drvisit,"","","","","",,,,,,,,,,
 0,15.909 (0.245),19.959 (0.346),14.941 (0.595),17.266 (1.208),9.872 (0.294),10366,6265,1082,327,2692,35967903,23951796,3499780,833572,7682755
 1,84.091 (0.245),80.041 (0.346),85.059 (0.595),82.734 (1.208),90.128 (0.294),52555,21844,5235,1471,24005,190112282,96055095,19924316,3994172,70138699
hc_hospadmit,"","","","","",,,,,,,,,,
 0,89.288 (0.181),93.787 (0.23),91.267 (0.46),94.865 (0.7),81.412 (0.323),55126,26265,5772,1700,21389,201954240,112569367,21392957,4585832,63406084
 1,10.712 (0.181),6.213 (0.23),8.733 (0.46),5.135 (0.7),18.588 (0.323),7840,1849,550,100,5341,24229282,7457422,2047095,248229,14476536
insur_any,"","","","","",,,,,,,,,,
 0,17.421 (0.406),17.772 (0.471),20.486 (0.786),19.45 (1.383),15.833 (0.44),13132,6598,1579,392,4563,39249498,21246776,4774904,936919,12290900
 1,82.579 (0.406),82.228 (0.471),79.514 (0.786),80.55 (1.383),84.167 (0.44),49479,21366,4698,1396,22019,186055820,98303939,18533638,3880082,65338162
uninsur_lastyr,"","","","","",,,,,,,,,,
 0,93.498 (0.166),92.798 (0.248),92.641 (0.53),93.47 (0.947),94.79 (0.198),45781,19418,4270,1267,20826,173720249,90973333,17128118,3585422,62033376
 1,6.502 (0.166),7.202 (0.248),7.359 (0.53),6.53 (0.947),5.21 (0.198),3619,1877,407,110,1225,12080738,7060173,1360671,250501,3409394
bmi,28.714 ± 0.06,28.821 ± 0.071,27.722 ± 0.122,25.936 ± 0.265,29.026 ± 0.067,58535,26527,6005,1723,24280,222516068,118948096,23214750,4790918,75562305
waist,98.03 ± 0.16,97.985 ± 0.184,94.52 ± 0.311,88.097 ± 0.648,99.847 ± 0.175,56404,25836,5858,1676,23034,215510109,116243926,22663672,4635377,71967134
whr,0.93 ± 0.002,0.928 ± 0.003,0.909 ± 0.005,0.871 ± 0.013,0.945 ± 0.003,8428,3979,899,172,3378,236385870,127507131,26616645,3541798,78720296
wt,81.822 ± 0.178,84.106 ± 0.232,77.755 ± 0.362,75.313 ± 0.79,79.898 ± 0.205,58748,26550,6012,1724,24462,223108500,119042443,23232134,4791532,76042391
sbp_mean,122.14 ± 0.154,119.96 ± 0.161,119.125 ± 0.334,112.632 ± 0.395,127.05 ± 0.236,56410,25404,5788,1657,23561,214995803,114508914,22388390,4596475,73502024
dbp_mean,70.985 ± 0.134,72.439 ± 0.147,69.671 ± 0.24,67.248 ± 0.442,69.353 ± 0.169,56410,25404,5788,1657,23561,214995803,114508914,22388390,4596475,73502024
fg,105.515 ± 0.274,103.965 ± 0.345,101.653 ± 0.561,94.305 ± 0.636,109.948 ± 0.433,27511,12366,2843,778,11524,226337588,120862133,24567426,4889564,76018465
fi,12.36 ± 0.135,11.882 ± 0.171,11.687 ± 0.44,11.97 ± 0.843,13.369 ± 0.183,26965,12174,2785,751,11255,222225759,119066496,24051412,4744141,74363709
tg,128.6 ± 1.112,127.241 ± 1.578,117.474 ± 2.944,103.262 ± 4.57,136.02 ± 1.318,27025,12186,2796,764,11279,224019808,119763814,24410132,4824937,75020924
tc,194.633 ± 0.367,195.12 ± 0.435,191.979 ± 0.794,176.047 ± 1.213,195.802 ± 0.507,55864,25281,5718,1589,23276,213901735,114475870,22298154,4394484,72733227
hdl,53.194 ± 0.156,52.054 ± 0.171,55.882 ± 0.289,52.581 ± 0.543,54.202 ± 0.218,55862,25281,5718,1589,23274,213894516,114477266,22298154,4394484,72724613
ldl_friedewald,114.536 ± 0.365,116.226 ± 0.445,111.57 ± 0.981,103.683 ± 2.219,113.515 ± 0.563,26512,11944,2761,760,11047,219855734,117460821,24091270,4771932,73531711
glu,98.049 ± 0.2,95.817 ± 0.238,93.918 ± 0.398,87.273 ± 0.487,103.483 ± 0.323,55708,25224,5705,1583,23196,213367236,114236509,22241251,4379842,72509634
tgglu,1.316 ± 0.01,1.318 ± 0.015,1.245 ± 0.031,1.182 ± 0.053,1.346 ± 0.013,26937,12153,2792,760,11232,223436005,119516317,24353372,4805086,74761229
ogtt_2hg,115.23 ± 0.648,109.728 ± 0.706,110.782 ± 1.674,97.596 ± 2.101,127.563 ± 1.316,11586,5551,1281,376,4378,188629356,103092576,21119204,4447841,59969735
hba1c,5.569 ± 0.007,5.49 ± 0.008,5.436 ± 0.012,5.186 ± 0.016,5.756 ± 0.01,56588,25506,5780,1614,23688,216232197,115334175,22517496,4454639,73925887
uacr,34.342 ± 1.38,20.502 ± 0.921,23.966 ± 2.995,18.831 ± 3.61,60.276 ± 3.466,58194,26363,5978,1697,24156,221206496,118209472,23111424,4726309,75159292
egfr,95.411 ± 0.213,99.601 ± 0.208,99.27 ± 0.422,113.148 ± 0.684,86.552 ± 0.309,55707,25226,5705,1583,23193,213379052,114255440,22241251,4379842,72502519
crp,4.069 ± 0.057,3.512 ± 0.065,3.682 ± 0.145,2.564 ± 0.245,5.177 ± 0.093,36871,16710,3731,998,15432,207347361,112920628,20871305,4035288,69520139
creatinine,0.901 ± 0.002,0.888 ± 0.002,0.85 ± 0.004,0.845 ± 0.007,0.939 ± 0.005,55707,25226,5705,1583,23193,213379052,114255440,22241251,4379842,72502519
vitd,67.898 ± 0.497,66.411 ± 0.503,71.012 ± 0.747,63.85 ± 1.3,69.509 ± 0.601,42315,18968,4348,1274,17725,211055992,112052268,22022578,4592755,72388392
b_carot,17.892 ± 0.425,16.748 ± 0.455,19.239 ± 0.925,14.004 ± 1.079,19.599 ± 0.549,15144,6863,1532,446,6303,204302557,112778389,20337955,3556978,67629235
g_tocoph,231.306 ± 3.081,235.352 ± 3.167,219.309 ± 4.797,207.696 ± 5.757,229.436 ± 4.136,19111,8695,1913,575,7928,193490731,107117592,19030091,3639557,63703491
t_lycop,23.078 ± 0.185,24.736 ± 0.213,23.226 ± 0.38,24.204 ± 0.825,20.211 ± 0.239,15137,6860,1532,446,6299,204232092,112724940,20337955,3556978,67612219
manganese,9.736 ± 0.041,9.614 ± 0.055,9.96 ± 0.123,10.151 ± 0.208,9.824 ± 0.054,19344,8735,2017,584,8008,180887401,94422167,19661860,3979036,62824338
selenium,192.235 ± 0.644,192.707 ± 0.76,193.135 ± 1.167,192.318 ± 1.67,191.24 ± 0.772,19344,8735,2017,584,8008,180887401,94422167,19661860,3979036,62824338
mercury,1.537 ± 0.033,1.625 ± 0.035,1.545 ± 0.06,1.388 ± 0.083,1.404 ± 0.038,44192,19918,4626,1364,18284,169358629,90363121,18077769,3816494,57101244
lead,1.568 ± 0.015,1.492 ± 0.017,1.317 ± 0.032,0.951 ± 0.034,1.801 ± 0.02,51093,22999,5163,1487,21444,194731340,104452047,19931832,4140528,66206933
cadmium,0.509 ± 0.006,0.467 ± 0.007,0.464 ± 0.009,0.371 ± 0.019,0.596 ± 0.008,51093,22999,5163,1487,21444,194731340,104452047,19931832,4140528,66206933
hcb,0.13 ± 0.003,0.128 ± 0.003,0.13 ± 0.007,0.145 ± 0.02,0.132 ± 0.004,4476,1990,462,140,1884,59715906,32521912,6145294,1312584,19736115
hcb_adj,21.118 ± 0.471,20.956 ± 0.556,21.65 ± 1.113,25.368 ± 2.929,20.938 ± 0.629,4476,1990,462,140,1884,59715906,32521912,6145294,1312584,19736115
hepox,0.054 ± 0.002,0.045 ± 0.002,0.048 ± 0.003,0.028 ± 0.002,0.073 ± 0.005,4306,1904,447,136,1819,55892874,30383896,5831044,1146726,18531208
pcb180,0.21 ± 0.005,0.175 ± 0.005,0.173 ± 0.012,0.074 ± 0.01,0.287 ± 0.008,4585,2050,461,140,1934,191880765,105453125,18392779,4056498,63978363
pcbdiox,29.939 ± 0.9,24.84 ± 0.836,24.623 ± 1.335,17.019 ± 1.443,40.722 ± 1.706,4084,1834,384,118,1748,174725683,96659343,16209487,3711913,58144939
u_bpa,3.587 ± 0.182,3.526 ± 0.229,3.817 ± 0.375,3.02 ± 0.242,3.647 ± 0.366,12752,5728,1318,409,5297,223400446,118083857,23764311,5178588,76373690
testosterone,233.693 ± 2.198,269.775 ± 3.505,201.493 ± 7.555,261.751 ± 14.159,187.272 ± 3.509,17119,7805,1813,569,6932,118858269,62081577,12962318,2835469,40978906
estradiol,71.151 ± 5.451,63.463 ± 4.422,122.79 ± 25.143,54.432 ± 3.392,67.577 ± 9.839,18873,8837,2003,435,7598,122879240,65794704,13327224,1973592,41783719
hpv_oral,"","","","","",,,,,,,,,,
 0,92.867 (0.309),92.569 (0.464),95.22 (0.675),97.245 (0.661),92.031 (0.508),17100,8748,2058,717,5577,178467917,101991082,21595936,5430227,49450672
 1,7.133 (0.309),7.431 (0.464),4.78 (0.675),2.755 (0.661),7.969 (0.508),1411,724,115,24,548,13707168,8187402,1084216,153828,4281722
diabetes,"","","","","",,,,,,,,,,
 0,87.718 (0.2),91.568 (0.243),91.339 (0.445),98.023 (0.579),80.06 (0.323),53099,25323,5678,1771,20327,198455958,109916884,21412654,4741145,62385276
 1,12.282 (0.2),8.432 (0.243),8.661 (0.445),1.977 (0.579),19.94 (0.323),9896,2796,646,30,6424,27786247,10121935,2030420,95601,15538291
diabetes_undx,"","","","","",,,,,,,,,,
 0,99.503 (0.036),99.572 (0.046),99.746 (0.076),99.792 (0.109),99.305 (0.063),62647,27992,6304,1796,26555,225116904,119525023,23383432,4826701,77381749
 1,0.497 (0.036),0.428 (0.046),0.254 (0.076),0.208 (0.109),0.695 (0.063),348,127,20,5,196,1125301,513796,59642,10045,541818
htn,"","","","","",,,,,,,,,,
 0,54.956 (0.402),60.613 (0.52),64.159 (0.86),84.671 (1.279),41.629 (0.515),33588,17301,4052,1550,10685,124334711,72759334,15040869,4095343,32439164
 1,45.044 (0.402),39.387 (0.52),35.841 (0.86),15.329 (1.279),58.371 (0.515),29407,10818,2272,251,16066,101907495,47279486,8402204,741403,45484402
htn_undx,"","","","","",,,,,,,,,,
 0,63.421 (0.36),66.586 (0.494),71.256 (0.835),86.345 (1.32),54.672 (0.546),34344,16756,4019,1445,12124,136353145,76246483,15952967,3968809,40184885
 1,36.579 (0.36),33.414 (0.494),28.744 (0.835),13.655 (1.32),45.328 (0.546),22066,8648,1769,212,11437,78642658,38262431,6435423,627666,33317138
htn_stg1,"","","","","",,,,,,,,,,
 0,65.24 (0.344),68.125 (0.473),72.549 (0.815),87.023 (1.233),57.244 (0.524),40929,19471,4555,1589,15314,147599547,81776388,17007651,4209080,44606428
 1,34.76 (0.344),31.875 (0.473),27.451 (0.815),12.977 (1.233),42.756 (0.524),22066,8648,1769,212,11437,78642658,38262431,6435423,627666,33317138
obese,"","","","","",,,,,,,,,,
 0,55.691 (0.365),55.558 (0.495),61.575 (0.8),73.131 (1.667),53.042 (0.437),35803,15996,3944,1311,14552,125995833,66690988,14435082,3537174,41332589
 1,44.309 (0.365),44.442 (0.495),38.425 (0.8),26.869 (1.667),46.958 (0.437),27192,12123,2380,490,12199,100246373,53347831,9007992,1299572,36590977
obese_abd,"","","","","",,,,,,,,,,
 0,48.639 (0.456),51.553 (0.535),53.147 (0.853),72.936 (1.704),41.284 (0.475),32351,15328,3519,1325,12179,110041546,61884194,12459386,3527745,32170221
 1,51.361 (0.456),48.447 (0.535),46.853 (0.853),27.064 (1.704),58.716 (0.475),30644,12791,2805,476,14572,116200659,58154625,10983688,1309001,45753346
cvd,"","","","","",,,,,,,,,,
 0,94.13 (0.175),97.592 (0.127),95.885 (0.365),99.321 (0.313),87.946 (0.327),58477,27453,6086,1794,23144,212961216,117148224,22478484,4803915,68530593
 1,5.87 (0.175),2.408 (0.127),4.115 (0.365),0.679 (0.313),12.054 (0.327),4518,666,238,7,3607,13280990,2890595,964590,32831,9392974
ascvd,"","","","","",,,,,,,,,,
 0,92.201 (0.19),97.027 (0.137),94.719 (0.411),99.228 (0.31),83.572 (0.351),56859,27248,6017,1791,21803,208596833,116470501,22204982,4799389,65121961
 1,7.799 (0.19),2.973 (0.137),5.281 (0.411),0.772 (0.31),16.428 (0.351),6136,871,307,10,4948,17645373,3568318,1238092,37358,12801605
chf,"","","","","",,,,,,,,,,
 0,97.547 (0.09),99.309 (0.07),98.661 (0.204),99.884 (0.082),94.403 (0.19),56447,26763,5157,802,23725,212929293,117203650,20964954,3076091,71684598
 1,2.453 (0.09),0.691 (0.07),1.339 (0.204),0.116 (0.082),5.597 (0.19),2065,209,80,2,1774,5353414,815496,284446,3566,4249905
mdd,"","","","","",,,,,,,,,,
 0,94.401 (0.156),96.382 (0.153),95.417 (0.399),94.727 (0.71),91.024 (0.304),59370,27123,6039,1720,24488,213575341,115695765,22368723,4581698,70929155
 1,5.599 (0.156),3.618 (0.153),4.583 (0.399),5.273 (0.71),8.976 (0.304),3625,996,285,81,2263,12666865,4343055,1074350,255048,6994411
ckd,"","","","","",,,,,,,,,,
 0,95.787 (0.111),97.961 (0.119),97.23 (0.281),99.303 (0.289),91.784 (0.19),59551,27485,6143,1791,24132,216709744,117591775,22793757,4803037,71521176
 1,4.213 (0.111),2.039 (0.119),2.77 (0.281),0.697 (0.289),8.216 (0.19),3444,634,181,10,2619,9532461,2447044,649317,33709,6402391
ckd_gfr_gte3,"","","","","",,,,,,,,,,
 0,93.782 (0.149),98.312 (0.12),95.894 (0.302),99.877 (0.089),85.635 (0.312),51012,24697,5437,1581,19297,200182240,112330637,21327936,4374461,62149205
 1,6.218 (0.149),1.688 (0.12),4.106 (0.302),0.123 (0.089),14.365 (0.312),4746,531,268,2,3945,13273577,1929180,913315,5381,10425702
ckd_any,"","","","","",,,,,,,,,,
 0,58.039 (0.409),65.682 (0.47),64.076 (0.873),79.227 (1.535),43.087 (0.548),33063,17555,3893,1363,10252,129990539,78160730,14903519,3767874,33158417
 1,41.961 (0.409),34.318 (0.47),35.924 (0.873),20.773 (1.535),56.913 (0.548),26032,8986,2131,347,14568,93980963,40838278,8355704,987922,43799058
copd,"","","","","",,,,,,,,,,
 0,92.641 (0.2),95.484 (0.182),94.345 (0.456),97.698 (0.553),87.433 (0.37),58533,27021,6006,1776,23730,209592011,114618190,22117344,4725403,68131074
 1,7.359 (0.2),4.516 (0.182),5.655 (0.456),2.302 (0.553),12.567 (0.37),4462,1098,318,25,3021,16650195,5420629,1325730,111343,9792492
copd_pft,"","","","","",,,,,,,,,,
 0,89.893 (0.261),92.945 (0.265),91.703 (0.513),96.293 (0.742),84.248 (0.4),56948,26403,5860,1761,22924,203374900,111570157,21497957,4657441,65649344
 1,10.107 (0.261),7.055 (0.265),8.297 (0.513),3.707 (0.742),15.752 (0.4),6047,1716,464,40,3827,22867306,8468662,1945117,179305,12274222
pft_lt07,"","","","","",,,,,,,,,,
 0,86.541 (0.529),88.824 (0.655),88.003 (1.092),96.055 (1.454),80.687 (0.773),12369,6229,1366,542,4232,162272872,93002768,18305154,5846951,45117999
 1,13.459 (0.529),11.176 (0.655),11.997 (1.092),3.945 (1.454),19.313 (0.773),1821,660,169,15,977,25237010,11702057,2495409,240131,10799413
nfs,-2.15 ± 0.014,-2.45 ± 0.012,-2.409 ± 0.027,-3.449 ± 0.043,-1.507 ± 0.021,54524,24922,5633,1572,22397,209549155,112960283,21944755,4353850,70290266
nfs_mod_vs_low,"","","","","",,,,,,,,,,
 0,73.267 (0.38),81.28 (0.376),78.059 (0.836),96.996 (0.494),56.109 (0.583),35340,19337,4197,1512,10294,147080952,90415629,16597105,4214681,35853537
 1,26.733 (0.38),18.72 (0.376),21.941 (0.836),3.004 (0.494),43.891 (0.583),16047,5138,1240,56,9613,53666707,20824499,4665069,130536,28046603
nfs_high_vs_low,"","","","","",,,,,,,,,,
 0,94.354 (0.144),98.133 (0.119),96.05 (0.335),99.796 (0.12),84.873 (0.414),35340,19337,4197,1512,10294,147080952,90415629,16597105,4214681,35853537
 1,5.646 (0.144),1.867 (0.119),3.95 (0.335),0.204 (0.12),15.127 (0.414),3137,447,196,4,2490,8801496,1720155,682582,8633,6390126
liver_cap_any,"","","","","",,,,,,,,,,
 0,39.229 (1.107),39.173 (1.516),45.545 (2.898),62.639 (6.345),36.114 (1.29),3108,1457,402,102,1147,89019518,48359921,11443765,2177711,27038121
 1,60.771 (1.107),60.827 (1.516),54.455 (2.898),37.361 (6.345),63.886 (1.29),4986,2410,459,66,2051,137902293,75091057,13682652,1298922,47829662
liver_cap_mod_sev,"","","","","",,,,,,,,,,
 0,54.148 (0.961),54.597 (1.474),60.44 (2.409),76.495 (5.416),50.256 (1.259),4360,2055,526,129,1650,122872539,67400888,15186423,2659452,37625776
 1,45.852 (0.961),45.403 (1.474),39.56 (2.409),23.505 (5.416),49.744 (1.259),3734,1812,335,39,1548,104049273,56050090,9939995,817181,37242007
fib4,1.032 ± 0.007,0.872 ± 0.006,0.917 ± 0.011,0.493 ± 0.009,1.35 ± 0.012,55481,25130,5686,1581,23084,212476513,113806069,22118176,4373031,72179238
fib4_mod_vs_low,"","","","","",,,,,,,,,,
 0,86.021 (0.303),88.543 (0.322),88.236 (0.657),99.087 (0.308),80.283 (0.531),45561,21999,4951,1565,17046,178215752,100074338,19193235,4330748,54617432
 1,13.979 (0.303),11.457 (0.322),11.764 (0.657),0.913 (0.308),19.717 (0.531),8007,2903,619,15,4470,28961576,12948881,2558957,39917,13413821
fib4_high_vs_low,"","","","","",,,,,,,,,,
 0,97.112 (0.106),99.224 (0.075),98.129 (0.219),99.945 (0.055),92.941 (0.277),45561,21999,4951,1565,17046,178215752,100074338,19193235,4330748,54617432
 1,2.888 (0.106),0.776 (0.075),1.871 (0.219),0.055 (0.055),7.059 (0.277),1913,228,116,1,1568,5299185,782850,365983,2367,4147985
prevent_cvd_10yr_base,0.114 ± 0.001,0.084 ± 0.001,0.109 ± 0.002,0.063 ± 0.005,0.166 ± 0.001,36290,17631,3158,156,15345,147854654,82800709,13549389,496444,51008111
prevent_cvd_10yr_hba1c,0.114 ± 0.001,0.084 ± 0.001,0.109 ± 0.002,0.063 ± 0.005,0.166 ± 0.001,36235,17604,3153,156,15322,147661601,82684466,13534933,496444,50945758
prevent_cvd_10yr_uacr,0.095 ± 0.001,0.065 ± 0.001,0.09 ± 0.002,0.049 ± 0.004,0.145 ± 0.001,35989,17561,3141,156,15131,146913706,82508594,13502717,496444,50405950
prevent_cvd_10yr_full,0.095 ± 0.001,0.066 ± 0.001,0.09 ± 0.002,0.05 ± 0.004,0.144 ± 0.001,35936,17534,3136,156,15110,146725373,82392351,13488261,496444,50348317
prevent_cvd_30yr_base,0.27 ± 0.001,0.241 ± 0.001,0.258 ± 0.003,0.198 ± 0.011,0.32 ± 0.002,36290,17631,3158,156,15345,147854654,82800709,13549389,496444,51008111
prevent_cvd_30yr_hba1c,0.264 ± 0.001,0.236 ± 0.001,0.253 ± 0.003,0.194 ± 0.011,0.313 ± 0.002,36235,17604,3153,156,15322,147661601,82684466,13534933,496444,50945758
prevent_cvd_30yr_uacr,0.243 ± 0.001,0.212 ± 0.001,0.233 ± 0.003,0.174 ± 0.01,0.297 ± 0.002,35989,17561,3141,156,15131,146913706,82508594,13502717,496444,50405950
prevent_cvd_30yr_full,0.234 ± 0.001,0.205 ± 0.001,0.225 ± 0.002,0.169 ± 0.01,0.284 ± 0.001,35936,17534,3136,156,15110,146725373,82392351,13488261,496444,50348317
prevent_ascvd_10yr_base,0.063 ± 0.001,0.046 ± 0,0.06 ± 0.001,0.035 ± 0.003,0.09 ± 0.001,36290,17631,3158,156,15345,147854654,82800709,13549389,496444,51008111
prevent_ascvd_10yr_hba1c,0.062 ± 0.001,0.046 ± 0,0.059 ± 0.001,0.034 ± 0.003,0.089 ± 0.001,36235,17604,3153,156,15322,147661601,82684466,13534933,496444,50945758
prevent_ascvd_10yr_uacr,0.054 ± 0,0.038 ± 0,0.051 ± 0.001,0.029 ± 0.003,0.081 ± 0.001,35989,17561,3141,156,15131,146913706,82508594,13502717,496444,50405950
prevent_ascvd_10yr_full,0.053 ± 0,0.038 ± 0,0.051 ± 0.001,0.029 ± 0.002,0.08 ± 0.001,35936,17534,3136,156,15110,146725373,82392351,13488261,496444,50348317
prevent_ascvd_30yr_base,0.153 ± 0.001,0.136 ± 0.001,0.146 ± 0.002,0.111 ± 0.007,0.181 ± 0.001,36290,17631,3158,156,15345,147854654,82800709,13549389,496444,51008111
prevent_ascvd_30yr_hba1c,0.147 ± 0.001,0.132 ± 0.001,0.141 ± 0.002,0.107 ± 0.007,0.174 ± 0.001,36235,17604,3153,156,15322,147661601,82684466,13534933,496444,50945758
prevent_ascvd_30yr_uacr,0.142 ± 0.001,0.125 ± 0.001,0.135 ± 0.002,0.101 ± 0.007,0.172 ± 0.001,35989,17561,3141,156,15131,146913706,82508594,13502717,496444,50405950
prevent_ascvd_30yr_full,0.135 ± 0.001,0.12 ± 0.001,0.129 ± 0.002,0.097 ± 0.006,0.162 ± 0.001,35936,17534,3136,156,15110,146725373,82392351,13488261,496444,50348317
prevent_hf_10yr_base,0.08 ± 0.001,0.053 ± 0.001,0.077 ± 0.002,0.038 ± 0.004,0.124 ± 0.001,36290,17631,3158,156,15345,147854654,82800709,13549389,496444,51008111
prevent_hf_10yr_hba1c,0.082 ± 0.001,0.054 ± 0.001,0.078 ± 0.002,0.039 ± 0.004,0.128 ± 0.001,36235,17604,3153,156,15322,147661601,82684466,13534933,496444,50945758
prevent_hf_10yr_uacr,0.064 ± 0.001,0.039 ± 0.001,0.06 ± 0.001,0.029 ± 0.004,0.105 ± 0.001,35989,17561,3141,156,15131,146913706,82508594,13502717,496444,50405950
prevent_hf_10yr_full,0.066 ± 0.001,0.041 ± 0.001,0.063 ± 0.001,0.03 ± 0.003,0.109 ± 0.001,35936,17534,3136,156,15110,146725373,82392351,13488261,496444,50348317
prevent_hf_30yr_base,0.198 ± 0.001,0.167 ± 0.001,0.193 ± 0.003,0.131 ± 0.01,0.25 ± 0.001,36290,17631,3158,156,15345,147854654,82800709,13549389,496444,51008111
prevent_hf_30yr_hba1c,0.198 ± 0.001,0.167 ± 0.001,0.193 ± 0.003,0.131 ± 0.01,0.251 ± 0.001,36235,17604,3153,156,15322,147661601,82684466,13534933,496444,50945758
prevent_hf_30yr_uacr,0.171 ± 0.001,0.14 ± 0.001,0.167 ± 0.002,0.111 ± 0.009,0.224 ± 0.001,35989,17561,3141,156,15131,146913706,82508594,13502717,496444,50405950
prevent_hf_30yr_full,0.169 ± 0.001,0.138 ± 0.001,0.166 ± 0.002,0.111 ± 0.009,0.221 ± 0.001,35936,17534,3136,156,15110,146725373,82392351,13488261,496444,50348317
prevent_chd_10yr_base,0.036 ± 0,0.026 ± 0,0.034 ± 0.001,0.019 ± 0.002,0.053 ± 0,36290,17631,3158,156,15345,147854654,82800709,13549389,496444,51008111
prevent_chd_10yr_hba1c,0.035 ± 0,0.025 ± 0,0.032 ± 0.001,0.018 ± 0.002,0.051 ± 0,36235,17604,3153,156,15322,147661601,82684466,13534933,496444,50945758
prevent_chd_10yr_uacr,0.031 ± 0,0.021 ± 0,0.029 ± 0.001,0.015 ± 0.001,0.047 ± 0,35989,17561,3141,156,15131,146913706,82508594,13502717,496444,50405950
prevent_chd_10yr_full,0.03 ± 0,0.021 ± 0,0.027 ± 0.001,0.014 ± 0.001,0.046 ± 0,35936,17534,3136,156,15110,146725373,82392351,13488261,496444,50348317
prevent_chd_30yr_base,0.091 ± 0.001,0.081 ± 0.001,0.085 ± 0.001,0.062 ± 0.005,0.11 ± 0.001,36290,17631,3158,156,15345,147854654,82800709,13549389,496444,51008111
prevent_chd_30yr_hba1c,0.085 ± 0.001,0.076 ± 0.001,0.079 ± 0.001,0.058 ± 0.005,0.103 ± 0.001,36235,17604,3153,156,15322,147661601,82684466,13534933,496444,50945758
prevent_chd_30yr_uacr,0.084 ± 0.001,0.073 ± 0.001,0.078 ± 0.001,0.056 ± 0.004,0.103 ± 0.001,35989,17561,3141,156,15131,146913706,82508594,13502717,496444,50405950
prevent_chd_30yr_full,0.077 ± 0.001,0.067 ± 0.001,0.072 ± 0.001,0.051 ± 0.004,0.095 ± 0.001,35936,17534,3136,156,15110,146725373,82392351,13488261,496444,50348317
prevent_stroke_10yr_base,0.032 ± 0,0.023 ± 0,0.031 ± 0.001,0.018 ± 0.001,0.046 ± 0,36290,17631,3158,156,15345,147854654,82800709,13549389,496444,51008111
prevent_stroke_10yr_hba1c,0.032 ± 0,0.023 ± 0,0.031 ± 0,0.018 ± 0.001,0.046 ± 0,36235,17604,3153,156,15322,147661601,82684466,13534933,496444,50945758
prevent_stroke_10yr_uacr,0.028 ± 0,0.019 ± 0,0.027 ± 0,0.015 ± 0.001,0.042 ± 0,35989,17561,3141,156,15131,146913706,82508594,13502717,496444,50405950
prevent_stroke_10yr_full,0.028 ± 0,0.02 ± 0,0.027 ± 0,0.016 ± 0.001,0.042 ± 0,35936,17534,3136,156,15110,146725373,82392351,13488261,496444,50348317
prevent_stroke_30yr_base,0.08 ± 0,0.07 ± 0,0.078 ± 0.001,0.058 ± 0.004,0.096 ± 0.001,36290,17631,3158,156,15345,147854654,82800709,13549389,496444,51008111
prevent_stroke_30yr_hba1c,0.079 ± 0,0.07 ± 0,0.077 ± 0.001,0.057 ± 0.003,0.094 ± 0,36235,17604,3153,156,15322,147661601,82684466,13534933,496444,50945758
prevent_stroke_30yr_uacr,0.075 ± 0,0.065 ± 0,0.073 ± 0.001,0.054 ± 0.004,0.092 ± 0.001,35989,17561,3141,156,15131,146913706,82508594,13502717,496444,50405950
prevent_stroke_30yr_full,0.075 ± 0,0.065 ± 0,0.073 ± 0.001,0.054 ± 0.003,0.09 ± 0,35936,17534,3136,156,15110,146725373,82392351,13488261,496444,50348317
taste_mouth_quinine_glms,51.761 ± 0.6,50.303 ± 0.84,53.455 ± 2.018,57.982 ± 6.566,52.922 ± 0.664,3111,1295,284,10,1522,129339095,60372143,12847733,218430,55900788
taste_mouth_nacl_1M_glms,51.338 ± 0.696,49.369 ± 0.932,55.061 ± 2.329,57.077 ± 4.78,52.555 ± 0.818,3214,1323,291,11,1589,132514077,61203452,13047043,242533,58021048
taste_mouth_nacl_320mM_glms,32.349 ± 0.45,31.27 ± 0.634,33.973 ± 1.488,34.984 ± 4.586,33.111 ± 0.776,3215,1323,292,11,1589,132506667,61207976,13069767,242533,57986390
smell_pst_total,5.937 ± 0.052,6.076 ± 0.037,6.197 ± 0.073,6.283 ± 0.283,5.742 ± 0.079,3515,1396,310,11,1798,140503542,63192185,13599198,242533,63469626
smell_dysfun_any,"","","","","",,,,,,,,,,
 0,71.833 (1.895),76.524 (1.478),79.819 (2.929),81.186 (11.94),65.395 (2.702),2307,1010,227,9,1061,100779151,48357227,10854693,196903,41370329
 1,28.167 (1.895),23.476 (1.478),20.181 (2.929),18.814 (11.94),34.605 (2.702),1199,386,83,2,728,39516936,14834958,2744504,45630,21891843
smell_dysfun_severe,"","","","","",,,,,,,,,,
 0,95.73 (0.484),97.632 (0.512),98.517 (0.786),100 (0),93.223 (0.913),3294,1349,300,11,1634,134504004,61695882,13397563,242533,59168025
 1,4.27 (0.484),2.368 (0.512),1.483 (0.786),0 (0),6.777 (0.913),221,47,10,,164,5999537,1496302,201634,,4301601
tastechange_sweet_worse,"","","","","",,,,,,,,,,
 0,95.973 (0.288),97.054 (0.519),96.166 (1.068),100 (0),94.818 (0.431),7099,2770,578,31,3720,138379652,63492409,13179759,341705,61365780
 1,4.027 (0.288),2.946 (0.519),3.834 (1.068),0 (0),5.182 (0.431),292,80,21,,191,5806193,1927074,525447,,3353672
tastechange_salt_worse,"","","","","",,,,,,,,,,
 0,95.17 (0.337),96.438 (0.568),96.338 (0.936),97.259 (2.688),93.631 (0.594),6983,2751,568,30,3634,137057198,63082100,13080748,332339,60562011
 1,4.83 (0.337),3.562 (0.568),3.662 (0.936),2.741 (2.688),6.369 (0.594),400,98,28,1,273,6955945,2330143,497170,9366,4119266
tastechange_bitter_worse,"","","","","",,,,,,,,,,
 0,96.1 (0.306),97.179 (0.353),96.257 (0.964),97.259 (2.688),94.97 (0.454),7068,2762,579,30,3697,138110530,63351699,13181323,332339,61245169
 1,3.9 (0.306),2.821 (0.353),3.743 (0.964),2.741 (2.688),5.03 (0.454),295,75,19,1,200,5604578,1839012,512576,9366,3243625
tastechange_sour_worse,"","","","","",,,,,,,,,,
 0,95.962 (0.379),97.244 (0.459),96.115 (1.04),97.259 (2.688),94.626 (0.596),7063,2765,572,30,3696,138233177,63583674,13096290,332339,61220873
 1,4.038 (0.379),2.756 (0.459),3.885 (1.04),2.741 (2.688),5.374 (0.596),318,82,24,1,211,5817421,1802006,529355,9366,3476694
ndi_mortstat,"","","","","",,,,,,,,,,
 0,87.544 (0.281),95.402 (0.17),92.97 (0.44),98.774 (0.41),73.097 (0.59),44124,22369,4879,1577,15299,194362520,112353770,21118576,4968676,55921498
 1,12.456 (0.281),4.598 (0.17),7.03 (0.44),1.226 (0.41),26.903 (0.59),9090,1246,441,24,7379,27654888,5414735,1596947,61677,20581529
ndi_mortstat_hd,"","","","","",,,,,,,,,,
 0,75.528 (0.655),80.04 (1.46),79.254 (2.232),95.213 (4.051),73.994 (0.694),6723,960,353,22,5388,20884972,4331562,1265647,58725,15229038
 1,24.472 (0.655),19.96 (1.46),20.746 (2.232),4.787 (4.051),26.006 (0.694),2365,285,88,2,1990,6766913,1080170,331300,2952,5352492
ndi_mortstat_cbvd,"","","","","",,,,,,,,,,
 0,94.873 (0.274),95.606 (0.798),96.037 (0.992),99.229 (0.813),94.577 (0.3),8570,1191,417,23,6939,26234276,5173929,1533660,61201,19465486
 1,5.127 (0.274),4.394 (0.798),3.963 (0.992),0.771 (0.813),5.423 (0.3),518,54,24,1,439,1417609,237803,63287,475,1116044
ndi_mortstat_cvd,"","","","","",,,,,,,,,,
 0,96.314 (0.137),98.881 (0.081),98.263 (0.205),99.932 (0.048),91.545 (0.305),50331,23276,5208,1598,20249,213832886,116450533,22320936,5026925,70034492
 1,3.686 (0.137),1.119 (0.081),1.737 (0.205),0.068 (0.048),8.455 (0.305),2883,339,112,3,2429,8184523,1317972,394587,3428,6468536
ndi_mortstat_diab,"","","","","",,,,,,,,,,
 0,96.521 (0.272),96.212 (0.73),98.021 (0.808),100 (0),96.475 (0.288),8763,1194,433,24,7112,26689777,5206759,1565350,61677,19855991
 1,3.479 (0.272),3.788 (0.73),1.979 (0.808),0 (0),3.525 (0.288),325,51,8,,266,962108,204973,31597,,725539
ndi_mortstat_diab_any,"","","","","",,,,,,,,,,
 0,89.356 (0.494),89.388 (1.278),88.901 (2.151),98.924 (1.131),89.354 (0.528),8047,1095,394,23,6535,24708572,4837416,1419707,61013,18390436
 1,10.644 (0.494),10.612 (1.278),11.099 (2.151),1.076 (1.131),10.646 (0.528),1041,150,47,1,843,2943314,574316,177241,664,2191094
