Intersect,Variable,Level,Var2_level,mean_total,se_total,mean_HighInc,mean_MiddleInc,mean_LowInc,se_HighInc,se_MiddleInc,se_LowInc,teststat,teststat_val,p_value
incpovlvl,educ_level,Collgrad_Above,,27.596751314065,0.705287291436799,49.863756330058,17.4744006616907,7.08450440253071,0.981850756526447,0.549965717885944,0.403727587053403,"F(6.94, 575.2)",575.19982497395,0
incpovlvl,educ_level,SomeColl_AA,,30.8840895669846,0.358223406380625,28.9646963027912,33.679316278292,26.1507585534933,0.647921206700118,0.437056162719021,0.998502010349979,"F(6.94, 575.2)",575.19982497395,0
incpovlvl,educ_level,HSgrad_GED,,24.4289373921169,0.414291145559629,16.3772361516185,29.2316239328197,27.982938450362,0.510518566200085,0.522255462028448,0.715914593552627,"F(6.94, 575.2)",575.19982497395,0
incpovlvl,educ_level,SomeHS_9to11,,11.5853962086906,0.313690263237452,4.01504074079704,13.3681208152703,24.1679006294393,0.265022305524019,0.361152622272257,0.697238309515317,"F(6.94, 575.2)",575.19982497395,0
incpovlvl,educ_level,LessThan9th,,5.50482551814293,0.194382448509945,0.77927047473522,6.24653831192725,14.6138979641746,0.0866681234988108,0.243966338379338,0.57172144913409,"F(6.94, 575.2)",575.19982497395,0
incpovlvl,inc_to_pov,0.05,,0.51,0.0177248878740666,4.13,1.1,0.01,0.0101285073566095,0.00506425367830476,0.00759638051745713,"F(6.94, 575.2)",575.19982497395,0
incpovlvl,inc_to_pov,0.25,,1.45,0.0303855220698285,4.81,1.56,0.4,0.020257014713219,0.0151927610349143,0.0101285073566095,"F(6.94, 575.2)",575.19982497395,0
incpovlvl,inc_to_pov,0.5,,2.93,0.0582389173005046,5,2.22,0.66,0,0.0177248878740666,0.00759638051745713,"F(6.94, 575.2)",575.19982497395,0
incpovlvl,inc_to_pov,0.75,,5,0,5,3.07,0.83,0,0.020257014713219,0.00506425367830476,"F(6.94, 575.2)",575.19982497395,0
incpovlvl,inc_to_pov,0.95,,5,0,5,3.79,0.96,0,0.0101285073566095,0.00253212683915238,"F(6.94, 575.2)",575.19982497395,0
incpovlvl,employ_status,Full-time employed,,53.6275837416779,0.426738689262118,66.8683592030032,50.6511987506524,31.2697040824962,0.583425771122859,0.512818923222456,0.874162460437694,"F(6.94, 575.2)",575.19982497395,0
incpovlvl,employ_status,Part-time employed,,10.3887324317449,0.218516994410726,9.46875671922127,10.3525772919628,12.759179908858,0.334341893608081,0.252329868819917,0.616945901919727,"F(6.94, 575.2)",575.19982497395,0
incpovlvl,employ_status,Student,,2.10212304610956,0.146393054166793,1.06775248268439,1.84476389966695,5.49607058040184,0.0903185234583846,0.116105573961525,0.685379191356209,"F(6.94, 575.2)",575.19982497395,0
incpovlvl,employ_status,Unemployed,,33.8815607804676,0.433815509375286,22.5951315950911,37.1514600577178,50.475045428244,0.559883756248812,0.523803081065629,1.05441855904652,"F(6.94, 575.2)",575.19982497395,0
incpovlvl,foodinsecure,0,,85.4435936939805,0.375855566125133,98.5435519088837,83.5862593770056,59.318912332091,0.191326050592869,0.445090043298346,0.985751954118231,"F(6.94, 575.2)",575.19982497395,0
incpovlvl,foodinsecure,1,,14.5564063060195,0.375855566125133,1.45644809111629,16.4137406229944,40.681087667909,0.191326050592869,0.445090043298346,0.985751954118231,"F(6.94, 575.2)",575.19982497395,0
