Variable,Total,Female,Male,n_raw_Total,n_raw_Female,n_raw_Male,n_weight_Total,n_weight_Female,n_weight_Male
Years,"","","",,,,,,
 1999-2000,8.018 (0.343),8.063 (0.356),7.97 (0.369),5448,2898,2550,18147427,9457525,8689902
 2001-2002,9.157 (0.369),9.193 (0.382),9.118 (0.376),5993,3148,2845,20724316,10783613,9940702
 2003-2004,8.897 (0.582),8.926 (0.61),8.866 (0.575),5620,2924,2696,20136647,10470124,9666523
 2005-2006,9.074 (0.519),9.065 (0.508),9.084 (0.546),5563,2888,2675,20537780,10633352,9904428
 2007-2008,9.297 (0.493),9.265 (0.524),9.332 (0.485),6228,3160,3068,21041539,10867130,10174409
 2009-2010,9.431 (0.473),9.41 (0.506),9.452 (0.457),6527,3352,3175,21343713,11038037,10305675
 2011-2012,9.671 (0.549),9.642 (0.575),9.701 (0.554),5864,2967,2897,21887032,11309819,10577213
 2013-2014,9.905 (0.492),9.915 (0.43),9.893 (0.579),6113,3197,2916,22416470,11630519,10785952
 2015-2016,10.021 (0.505),10.018 (0.528),10.025 (0.507),5992,3105,2887,22680627,11751064,10929563
 2017-2020,16.529 (0.631),16.502 (0.68),16.558 (0.659),9693,4975,4718,37409162,19356898,18052264
gender,"","","",,,,,,
 Female,51.827 (0.216),100 (0),0 (0),32614,32614,,117298081,117298081,
 Male,48.173 (0.216),0 (0),100 (0),30427,,30427,109026632,,109026632
age_4lvl,"","","",,,,,,
 under30y,21.463 (0.38),20.559 (0.41),22.436 (0.426),14404,7555,6849,48576427,24114796,24461632
 30to39y,18.041 (0.282),17.676 (0.342),18.435 (0.327),9834,5198,4636,40832178,20733553,20098625
 40to64y,42.795 (0.351),42.492 (0.407),43.12 (0.431),23841,12224,11617,96854612,49842700,47011911
 over65y,17.701 (0.319),19.273 (0.356),16.009 (0.344),14962,7637,7325,40061496,22607032,17454464
racethn_combn,"","","",,,,,,
 Mexican-American,8.311 (0.514),7.678 (0.496),8.992 (0.548),11154,5751,5403,18809905,9005738,9804167
 NHAsian,2.59 (0.22),2.682 (0.226),2.49 (0.221),3431,1777,1654,5860870,3146282,2714588
 NHB,11.387 (0.567),12.172 (0.63),10.544 (0.512),13873,7221,6652,25772417,14277171,11495245
 NHW,67.285 (1.017),66.93 (1.062),67.666 (1.005),26758,13641,13117,152281521,78507490,73774031
 Other Hispanic,5.864 (0.428),6.034 (0.46),5.682 (0.412),5252,2912,2340,13272810,7078260,6194550
 Other/Multi-Racial,1.577 (0.094),1.457 (0.102),1.706 (0.117),1061,506,555,3569298,1708885,1860413
 Other/Multi-Racial/NHAsian,2.986 (0.19),3.047 (0.198),2.92 (0.214),1512,806,706,6757892,3574254,3183638
educ_level,"","","",,,,,,
 College graduate or above,27.148 (0.683),26.818 (0.685),27.503 (0.755),12643,6458,6185,61076993,31283326,29793667
 Some college or AA degree,30.581 (0.35),32.276 (0.434),28.755 (0.406),17458,9652,7806,68800582,37650086,31150496
 HS graduate or GED,24.594 (0.395),23.81 (0.399),25.438 (0.529),14923,7551,7372,55331323,27774453,27556870
 9-11th grade,11.829 (0.3),11.506 (0.306),12.176 (0.361),10206,5113,5093,26612561,13421899,13190661
 Less than 9th grade,5.849 (0.198),5.591 (0.208),6.127 (0.223),7224,3547,3677,13159535,6521653,6637882
inc_to_pov,2.974 ± 0.026,2.873 ± 0.027,3.083 ± 0.027,56637,29230,27407,208555160,107915509,100639651
inc_to_pov_level,"","","",,,,,,
 High income,35.906 (0.718),33.657 (0.721),38.319 (0.762),14227,6917,7310,74884607,36320588,38564019
 Middle income,49.403 (0.587),50.066 (0.596),48.692 (0.659),30021,15362,14659,103031702,54028738,49002964
 Low income,14.691 (0.408),16.278 (0.449),12.99 (0.412),12389,6951,5438,30638851,17566184,13072667
employ_status,"","","",,,,,,
 Full-time employed,53.058 (0.416),43.626 (0.482),63.206 (0.48),28119,12185,15934,120038819,51156948,68881871
 Part-time employed,10.362 (0.215),13.013 (0.308),7.509 (0.22),6324,3920,2404,23443074,15259213,8183861
 Student,2.138 (0.142),2.145 (0.145),2.13 (0.172),1801,922,879,4836746,2514989,2321757
 Unemployed,34.443 (0.42),41.216 (0.518),27.154 (0.444),26751,15560,11191,77923567,48330871,29592696
foodinsecure,"","","",,,,,,
 0,85.377 (0.364),84.94 (0.387),85.847 (0.395),40253,20608,19645,192826748,99477962,93348786
 1,14.623 (0.364),15.06 (0.387),14.153 (0.395),9824,5214,4610,33027620,17637779,15389841
smoke_status,"","","",,,,,,
 Current smoker,21.031 (0.363),18.417 (0.396),23.854 (0.455),12179,5174,7005,46493823,21142500,25351323
 Former smoker,24.579 (0.333),20.591 (0.431),28.887 (0.386),14483,5807,8676,54338855,23638222,30700633
 Never smoker,54.39 (0.449),60.992 (0.508),47.258 (0.547),33083,20015,13068,120243732,70019118,50224614
alch_freq_wk,"","","",,,,,,
 Never drinker,11.878 (0.492),16.497 (0.617),7.063 (0.439),6784,4974,1810,20780248,14731003,6049245
 Non-drinker,3.22 (0.18),3.287 (0.161),3.15 (0.233),1638,820,818,5633182,2934989,2698193
 Less than 1 per month,30.322 (0.447),35.823 (0.596),24.586 (0.51),13573,8011,5562,53046275,31987641,21058634
 Less than 1 per week,14.862 (0.293),14.622 (0.409),15.111 (0.345),5958,2870,3088,25999624,13056578,12943046
 1-2 per week,13.406 (0.316),11.373 (0.378),15.525 (0.397),5130,2042,3088,23453227,10155816,13297411
 3-6 per week,20.505 (0.398),14.964 (0.448),26.281 (0.462),7266,2481,4785,35871986,13361799,22510187
 1 or more per day,5.808 (0.205),3.434 (0.21),8.283 (0.283),2346,614,1732,10160712,3065949,7094763
pa_level_mets,"","","",,,,,,
 High,39.09 (0.42),31.841 (0.474),46.896 (0.504),22207,9138,13069,88196471,37249331,50947140
 Low,42.208 (0.47),48.146 (0.559),35.813 (0.503),29785,17463,12322,95231524,56324980,38906544
 Moderate,18.703 (0.258),20.013 (0.332),17.292 (0.335),10813,5902,4911,42198062,23412510,18785553
genhealth,"","","",,,,,,
 Poor,3.219 (0.109),3.495 (0.141),2.922 (0.138),2906,1597,1309,7279734,4097326,3182408
 Fair,14.374 (0.261),14.987 (0.304),13.714 (0.319),11930,6379,5551,32508387,17569997,14938389
 Good,33.797 (0.314),33.647 (0.388),33.958 (0.419),22131,11473,10658,76437213,39447337,36989876
 Very good,31.498 (0.371),31.197 (0.418),31.822 (0.503),16603,8540,8063,71238337,36574831,34663505
 Excellent,17.113 (0.281),16.674 (0.346),17.585 (0.356),9420,4601,4819,38703444,19548285,19155159
income_hh,"","","",,,,,,
" $0-$4,999",1.613 (0.099),1.846 (0.112),1.362 (0.117),1207,712,495,3359047,1991901,1367145
" $5,000-$9,999",3.393 (0.154),4.095 (0.188),2.638 (0.15),2556,1512,1044,7065772,4417764,2648008
" $10,000-$14,999",5.56 (0.203),6.33 (0.233),4.732 (0.218),3998,2251,1747,11579291,6828769,4750521
" $15,000-$19,999",5.606 (0.172),6.172 (0.21),4.998 (0.195),3808,2038,1770,11675727,6658126,5017601
" Under $20,000",0.516 (0.043),0.605 (0.056),0.42 (0.046),437,249,188,1073969,652429,421541
" Over $20,000",1.577 (0.123),1.55 (0.121),1.605 (0.152),883,464,419,3283475,1672484,1610990
" $20,000-$24,999",6.551 (0.205),7.008 (0.229),6.06 (0.239),4065,2145,1920,13643240,7559729,6083511
" $25,000-$34,999",10.895 (0.272),11.218 (0.287),10.548 (0.336),6203,3160,3043,22690323,12101041,10589282
" $35,000-$44,999",9.713 (0.269),9.667 (0.29),9.763 (0.313),4915,2466,2449,20228812,10427911,9800901
" $45,000-$54,999",9.131 (0.227),8.761 (0.25),9.527 (0.268),4131,2046,2085,19015625,9451369,9564255
" $55,000-$64,999",7.089 (0.223),6.899 (0.239),7.293 (0.249),3012,1521,1491,14763692,7442628,7321064
" $65,000-$74,999",6.219 (0.253),5.983 (0.274),6.472 (0.273),2420,1214,1206,12951268,6454517,6496751
" Over $75,000",11.22 (0.491),10.502 (0.457),11.991 (0.552),4061,2046,2015,23366769,11328738,12038032
" $75,000-$99,999",6.764 (0.268),6.254 (0.292),7.312 (0.3),2610,1277,1333,14086909,6746794,7340114
" Over $100,000",14.155 (0.717),13.109 (0.688),15.279 (0.772),4585,2180,2405,29479310,14140960,15338350
income_fam,"","","",,,,,,
" $0-$4,999",2.987 (0.174),3.385 (0.177),2.559 (0.207),2110,1216,894,6364905,3737790,2627115
" $5,000-$9,999",4.426 (0.195),5.117 (0.218),3.682 (0.218),3194,1849,1345,9431010,5650606,3780404
" $10,000-$14,999",6.599 (0.198),7.24 (0.233),5.911 (0.223),4649,2536,2113,14062830,7994227,6068603
" $15,000-$19,999",5.885 (0.189),6.347 (0.222),5.389 (0.213),4034,2124,1910,12541087,7008437,5532650
" Under $20,000",0.991 (0.073),1.158 (0.093),0.812 (0.075),794,461,333,2112817,1279209,833608
" Over $20,000",2.024 (0.151),2.013 (0.164),2.036 (0.166),1071,562,509,4313232,2223220,2090012
" $20,000-$24,999",7.055 (0.188),7.353 (0.217),6.735 (0.223),4384,2278,2106,15034663,8119567,6915096
" $25,000-$34,999",10.893 (0.274),11.15 (0.292),10.616 (0.32),6096,3116,2980,23212054,12311840,10900214
" $35,000-$44,999",9.421 (0.27),9.174 (0.283),9.686 (0.311),4737,2360,2377,20075649,10130581,9945068
" $45,000-$54,999",8.74 (0.222),8.423 (0.247),9.081 (0.25),3963,1981,1982,18624772,9301035,9323736
" $55,000-$64,999",6.577 (0.197),6.267 (0.211),6.91 (0.222),2781,1390,1391,14015145,6920470,7094674
" $65,000-$74,999",5.667 (0.24),5.484 (0.26),5.864 (0.261),2297,1162,1135,12076458,6056010,6020448
" Over $75,000",9.785 (0.451),9.094 (0.426),10.528 (0.498),3505,1749,1756,20850855,10041616,10809239
" $75,000-$99,999",6.1 (0.25),5.805 (0.268),6.417 (0.267),2422,1200,1222,12998188,6410126,6588062
" Over $100,000",12.85 (0.649),11.99 (0.631),13.776 (0.691),4253,2041,2212,27383871,13240072,14143799
foodsecure_level,"","","",,,,,,
 Food secure,85.377 (0.364),84.94 (0.387),85.847 (0.395),40253,20608,19645,192826748,99477962,93348786
 Low food security,9.048 (0.263),9.373 (0.293),8.697 (0.28),6185,3316,2869,20434781,10977265,9457516
 Very low food security,5.576 (0.203),5.687 (0.209),5.456 (0.266),3639,1898,1741,12592839,6660515,5932325
uacr_level,"","","",,,,,,
 uacr_lt30,90.091 (0.184),89.304 (0.261),90.937 (0.225),50818,26200,24618,199351431,102326303,97025128
 uacr_30to100,6.418 (0.141),7.278 (0.203),5.495 (0.175),4559,2531,2028,14202216,8339710,5862506
 uacr_100to300,2.028 (0.087),2.044 (0.109),2.01 (0.116),1558,776,782,4486596,2342196,2144401
 uacr_gte300,1.463 (0.056),1.374 (0.085),1.559 (0.075),1284,569,715,3237353,1574393,1662960
ckd_gfr_level,"","","",,,,,,
 Stage 0,62.541 (0.436),61.904 (0.54),63.22 (0.49),34049,18065,15984,133544879,68221320,65323559
 Stage 2,31.242 (0.359),30.811 (0.459),31.702 (0.435),16987,8148,8839,66712809,33955532,32757278
 Stage 3a,4.192 (0.123),4.836 (0.179),3.505 (0.124),3011,1583,1428,8950899,5329737,3621162
 Stage 3b,1.425 (0.056),1.783 (0.083),1.044 (0.053),1155,649,506,3043804,1964793,1079010
 Stage 4,0.346 (0.025),0.434 (0.037),0.252 (0.03),322,188,134,738725,478439,260286
 Stage 5,0.061 (0.01),0.063 (0.015),0.058 (0.015),65,33,32,129501,69232,60270
 ESRD,0.193 (0.018),0.17 (0.027),0.218 (0.029),195,82,113,412392,186808,225584
fib4_cat,"","","",,,,,,
 High,2.494 (0.088),2.158 (0.105),2.852 (0.122),1914,740,1174,5301016,2368349,2932667
 Low,83.876 (0.33),86.171 (0.359),81.427 (0.407),45583,24521,21062,178281594,94550955,83730639
 Moderate,13.63 (0.292),11.67 (0.327),15.721 (0.369),8009,3354,4655,28971096,12805027,16166070
nfs_cat,"","","",,,,,,
 High,4.199 (0.099),4.172 (0.13),4.227 (0.15),3137,1532,1605,8801496,4514922,4286574
 Low,70.189 (0.397),70.099 (0.463),70.286 (0.456),35356,18499,16857,147135007,75861419,71273588
 Moderate,25.612 (0.355),25.729 (0.413),25.487 (0.425),16056,8106,7950,53689845,27844213,25845632
smoke_current,"","","",,,,,,
 0,72.116 (0.477),76.808 (0.483),66.456 (0.636),33083,20015,13068,120243732,70019118,50224614
 1,27.884 (0.477),23.192 (0.483),33.544 (0.636),12179,5174,7005,46493823,21142500,25351323
smoke_ever,"","","",,,,,,
 0,54.39 (0.449),60.992 (0.508),47.258 (0.547),33083,20015,13068,120243732,70019118,50224614
 1,45.61 (0.449),39.008 (0.508),52.742 (0.547),26662,10981,15681,100832678,44780722,56051956
alch_drink_curr,"","","",,,,,,
 0,15.098 (0.503),19.784 (0.62),10.213 (0.479),8422,5794,2628,26413430,17665992,8747438
 1,84.902 (0.503),80.216 (0.62),89.787 (0.479),34273,16018,18255,148531823,71627782,76904041
alch_drink_daily,"","","",,,,,,
 0,94.192 (0.205),96.566 (0.21),91.717 (0.283),40349,21198,19151,164784541,86227826,78556716
 1,5.808 (0.205),3.434 (0.21),8.283 (0.283),2346,614,1732,10160712,3065949,7094763
alch_drink_weekly,"","","",,,,,,
 0,60.281 (0.575),70.229 (0.675),49.911 (0.594),27953,16675,11278,105459329,62710211,42749118
 1,39.719 (0.575),29.771 (0.675),50.089 (0.594),14742,5137,9605,69485924,26583564,42902361
pa_total_mets_wk,2898.481 ± 44.247,2028.012 ± 37.669,3835.834 ± 66.34,62805,32503,30302,225626058,116986821,108639237
pa_meets_guidelines,"","","",,,,,,
 0,42.208 (0.47),48.146 (0.559),35.813 (0.503),29785,17463,12322,95231524,56324980,38906544
 1,57.792 (0.47),51.854 (0.559),64.187 (0.503),33020,15040,17980,130394534,60661841,69732693
hei2015_total,51.144 ± 0.186,52.254 ± 0.226,49.934 ± 0.191,35378,18515,16863,233785804,121911675,111874129
ahei_total,42.877 ± 0.159,43.422 ± 0.177,42.283 ± 0.179,35341,18502,16839,233539892,121818157,111721735
dii_total,2.323 ± 0.033,2.709 ± 0.037,1.902 ± 0.034,35341,18502,16839,233539892,121818157,111721735
dietsuppl_any,"","","",,,,,,
 0,70.711 (0.56),67.246 (0.657),74.438 (0.589),47124,23527,23597,160036136,78878615,81157521
 1,29.289 (0.56),32.754 (0.657),25.562 (0.589),15917,9087,6830,66288577,38419466,27869111
dietsuppl_num,1.262 ± 0.03,1.481 ± 0.038,1.029 ± 0.028,35485,18169,17316,220164208,113551501,106612708
addsalt_prep_often,"","","",,,,,,
 0,43.236 (0.447),42.248 (0.497),44.313 (0.523),28847,14615,14232,96588376,49203661,47384715
 1,56.764 (0.447),57.752 (0.497),55.687 (0.523),33222,17712,15510,126808189,67259953,59548237
addsalt_table_often,"","","",,,,,,
 0,65.895 (0.443),67.303 (0.496),64.381 (0.539),44336,23548,20788,149038605,78882333,70156272
 1,34.105 (0.443),32.697 (0.496),35.619 (0.539),18648,9041,9607,77135999,38322230,38813769
restaur_freq_gt2,"","","",,,,,,
 0,52.294 (0.503),58.51 (0.538),45.605 (0.583),36736,20581,16155,118305378,68607685,49697693
 1,47.706 (0.503),41.49 (0.538),54.395 (0.583),26245,12005,14240,107926604,48649843,59276761
govtmeal_any,"","","",,,,,,
 0,97.121 (0.158),96.753 (0.203),97.577 (0.189),19529,9905,9624,53871585,29728052,24143533
 1,2.879 (0.158),3.247 (0.203),2.423 (0.189),807,441,366,1597020,997570,599450
foodinsecure,"","","",,,,,,
 0,85.377 (0.364),84.94 (0.387),85.847 (0.395),40253,20608,19645,192826748,99477962,93348786
 1,14.623 (0.364),15.06 (0.387),14.153 (0.395),9824,5214,4610,33027620,17637779,15389841
genhealth_low_vs_other,"","","",,,,,,
 0,82.408 (0.311),81.518 (0.364),83.365 (0.369),48154,24614,23540,186378994,95570453,90808541
 1,17.592 (0.311),18.482 (0.364),16.635 (0.369),14836,7976,6860,39788121,21667323,18120797
hc_drvisit,"","","",,,,,,
 0,15.917 (0.245),9.831 (0.244),22.464 (0.384),10373,3457,6916,35999403,11522193,24477210
 1,84.083 (0.245),90.169 (0.244),77.536 (0.384),52593,29115,23478,190163290,105679492,84483797
hc_hospadmit,"","","",,,,,,
 0,89.284 (0.181),87.07 (0.237),91.666 (0.236),55160,27949,27211,202019934,102103351,99916582
 1,10.716 (0.181),12.93 (0.237),8.334 (0.236),7851,4650,3201,24246096,15162045,9084052
insur_any,"","","",,,,,,
 0,17.426 (0.405),15.035 (0.398),20 (0.482),13139,6066,7073,39275500,17565951,21709549
 1,82.574 (0.405),84.965 (0.398),80 (0.482),49503,26346,23157,186105282,99266096,86839186
uninsur_lastyr,"","","",,,,,,
 0,93.499 (0.166),93.189 (0.208),93.854 (0.219),45803,24231,21572,173767880,92435014,81332866
 1,6.501 (0.166),6.811 (0.208),6.146 (0.219),3620,2092,1528,12082570,6756191,5326379
bmi,28.713 ± 0.06,28.876 ± 0.075,28.537 ± 0.064,58562,30270,28292,222598575,115302308,107296267
waist,98.027 ± 0.16,95.559 ± 0.185,100.647 ± 0.187,56428,29000,27428,215579191,111024757,104554434
whr,0.93 ± 0.002,0.894 ± 0.002,0.969 ± 0.003,8430,4289,4141,236429940,121454663,114975278
wt,81.817 ± 0.178,75.72 ± 0.205,88.371 ± 0.215,58775,30369,28406,223191007,115616414,107574593
sbp_mean,122.14 ± 0.154,120.622 ± 0.19,123.749 ± 0.167,56436,28941,27495,215074715,110686116,104388599
dbp_mean,70.984 ± 0.134,69.642 ± 0.153,72.407 ± 0.146,56436,28941,27495,215074715,110686116,104388599
fg,105.515 ± 0.274,102.727 ± 0.317,108.495 ± 0.343,27525,14197,13328,226437932,116985437,109452495
fi,12.362 ± 0.135,11.698 ± 0.147,13.066 ± 0.199,26979,13878,13101,222326102,114373878,107952224
tg,128.578 ± 1.111,117.739 ± 1.079,140.085 ± 1.826,27039,13920,13119,224120151,115409333,108710818
tc,194.626 ± 0.366,197.322 ± 0.407,191.748 ± 0.456,55889,28808,27081,213978928,110470431,103508497
hdl,53.196 ± 0.156,58.409 ± 0.204,47.631 ± 0.149,55887,28807,27080,213971709,110469402,103502307
ldl_friedewald,114.529 ± 0.365,114.232 ± 0.433,114.849 ± 0.49,26526,13759,12767,219956077,114305886,105650191
glu,98.049 ± 0.2,96.096 ± 0.23,100.132 ± 0.276,55733,28720,27013,213444429,110161326,103283102
tgglu,1.316 ± 0.01,1.235 ± 0.011,1.403 ± 0.017,26951,13875,13076,223536348,115067161,108469188
ogtt_2hg,115.219 ± 0.647,116.524 ± 0.716,113.889 ± 0.931,11592,5806,5786,188711381,95291509,93419872
hba1c,5.569 ± 0.007,5.54 ± 0.008,5.6 ± 0.009,56613,29261,27352,216309390,112070247,104239143
uacr,34.336 ± 1.379,33.719 ± 1.552,34.999 ± 2.167,58219,30076,28143,221277596,114582601,106694995
egfr,95.415 ± 0.213,95.285 ± 0.263,95.553 ± 0.211,55732,28719,27013,213456245,110161870,103294376
crp,4.068 ± 0.057,4.739 ± 0.08,3.35 ± 0.067,36888,19070,17818,207434519,107269447,100165072
creatinine,0.901 ± 0.002,0.793 ± 0.003,1.015 ± 0.003,55732,28719,27013,213456245,110161870,103294376
vitd,67.899 ± 0.497,69.539 ± 0.586,66.145 ± 0.474,42335,21812,20523,211128979,109156577,101972402
b_carot,17.892 ± 0.425,20.684 ± 0.577,14.895 ± 0.348,15147,7832,7315,204323110,105756567,98566543
g_tocoph,231.291 ± 3.084,227.561 ± 3.503,235.302 ± 3.185,19115,9920,9195,193535426,100272606,93262820
t_lycop,23.078 ± 0.185,22.157 ± 0.201,24.066 ± 0.228,15140,7829,7311,204252644,105724771,98527874
manganese,9.737 ± 0.041,10.396 ± 0.058,9.035 ± 0.046,19356,9926,9430,180968108,93348280,87619828
selenium,192.231 ± 0.644,189.911 ± 0.625,194.702 ± 0.774,19356,9926,9430,180968108,93348280,87619828
mercury,1.537 ± 0.033,1.458 ± 0.031,1.632 ± 0.042,44208,24228,19980,169402017,93261126,76140891
lead,1.568 ± 0.015,1.291 ± 0.012,1.865 ± 0.023,51112,26380,24732,194788410,100837334,93951076
cadmium,0.509 ± 0.006,0.531 ± 0.006,0.485 ± 0.007,51112,26380,24732,194788410,100837334,93951076
hcb,0.13 ± 0.003,0.129 ± 0.003,0.13 ± 0.003,4477,2374,2103,59727158,31539405,28187753
hcb_adj,21.116 ± 0.471,21.297 ± 0.518,20.914 ± 0.55,4477,2374,2103,59727158,31539405,28187753
hepox,0.054 ± 0.002,0.055 ± 0.003,0.054 ± 0.003,4307,2281,2026,55904127,29597084,26307043
pcb180,0.21 ± 0.005,0.195 ± 0.005,0.226 ± 0.007,4585,2417,2168,191880765,99155156,92725609
pcbdiox,29.939 ± 0.9,30.891 ± 1.166,28.897 ± 1.005,4084,2182,1902,174725683,91278854,83446829
u_bpa,3.586 ± 0.182,3.44 ± 0.207,3.742 ± 0.23,12757,6519,6238,223447865,115172640,108275225
testosterone,233.791 ± 2.216,24.979 ± 0.482,430.026 ± 3.494,17134,8273,8861,118940379,57623599,61316781
estradiol,71.146 ± 5.449,118.199 ± 11.18,26.377 ± 0.221,18890,9187,9703,122959544,59950194,63009350
hpv_oral,"","","",,,,,,
 0,92.867 (0.309),96.642 (0.253),89.004 (0.526),17114,9088,8026,178564469,93970486,84593983
 1,7.133 (0.309),3.358 (0.253),10.996 (0.526),1412,370,1042,13715849,3264840,10451009
diabetes,"","","",,,,,,
 0,87.719 (0.2),88.425 (0.243),86.959 (0.285),53139,27773,25366,198529061,103720418,94808643
 1,12.281 (0.2),11.575 (0.243),13.041 (0.285),9902,4841,5061,27795651,13577663,14217988
diabetes_undx,"","","",,,,,,
 0,99.503 (0.036),99.583 (0.044),99.417 (0.058),62693,32450,30243,225199411,116808794,108390617
 1,0.497 (0.036),0.417 (0.044),0.583 (0.058),348,164,184,1125301,489287,636014
htn,"","","",,,,,,
 0,54.958 (0.403),57.793 (0.443),51.908 (0.543),33616,18413,15203,124382945,67789568,56593377
 1,45.042 (0.403),42.207 (0.443),48.092 (0.543),29425,14201,15224,101941768,49508513,52433255
htn_undx,"","","",,,,,,
 0,63.421 (0.36),66.759 (0.429),59.882 (0.499),34360,18746,15614,136402386,73892614,62509772
 1,36.579 (0.36),33.241 (0.429),40.118 (0.499),22076,10195,11881,78672329,36793501,41878827
htn_stg1,"","","",,,,,,
 0,65.239 (0.345),68.632 (0.418),61.588 (0.484),40965,22419,18546,147652384,80504580,67147804
 1,34.761 (0.345),31.368 (0.418),38.412 (0.484),22076,10195,11881,78672329,36793501,41878827
obese,"","","",,,,,,
 0,55.701 (0.365),53.298 (0.416),58.286 (0.518),35839,17207,18632,126064797,62517946,63546851
 1,44.299 (0.365),46.702 (0.416),41.714 (0.518),27202,15407,11795,100259916,54780135,45479780
obese_abd,"","","",,,,,,
 0,48.652 (0.456),39.662 (0.502),58.325 (0.554),32390,13333,19057,110111870,46522213,63589658
 1,51.348 (0.456),60.338 (0.502),41.675 (0.554),30651,19281,11370,116212842,70775869,45436974
cvd,"","","",,,,,,
 0,94.131 (0.175),95.35 (0.19),92.818 (0.244),58517,30820,27697,213040697,111844163,101196534
 1,5.869 (0.175),4.65 (0.19),7.182 (0.244),4524,1794,2730,13284016,5453918,7830098
ascvd,"","","",,,,,,
 0,92.202 (0.19),93.11 (0.227),91.225 (0.252),56899,29965,26934,208676314,109216725,99459589
 1,7.798 (0.19),6.89 (0.227),8.775 (0.252),6142,2649,3493,17648399,8081356,9567043
chf,"","","",,,,,,
 0,97.548 (0.09),97.718 (0.106),97.365 (0.122),56489,29477,27012,213010754,110922791,102087964
 1,2.452 (0.09),2.282 (0.106),2.635 (0.122),2066,940,1126,5353414,2590864,2762550
mdd,"","","",,,,,,
 0,94.402 (0.156),93.102 (0.221),95.802 (0.164),59414,30315,29099,213656174,109206735,104449438
 1,5.598 (0.156),6.898 (0.221),4.198 (0.164),3627,2299,1328,12668539,8091346,4577193
ckd,"","","",,,,,,
 0,95.787 (0.111),96.403 (0.135),95.125 (0.162),59594,31244,28350,216790507,113079020,103711487
 1,4.213 (0.111),3.597 (0.135),4.875 (0.162),3447,1370,2077,9534206,4219061,5315144
ckd_gfr_gte3,"","","",,,,,,
 0,93.783 (0.149),92.715 (0.199),94.923 (0.164),51036,26213,24823,200257689,102176852,98080837
 1,6.217 (0.149),7.285 (0.199),5.077 (0.164),4748,2535,2213,13275322,8029009,5246312
ckd_any,"","","",,,,,,
 0,58.047 (0.409),57.413 (0.501),58.727 (0.472),33083,17571,15512,130053489,66639516,63413973
 1,41.953 (0.409),42.587 (0.501),41.273 (0.472),26039,12977,13062,93996925,49430208,44566717
copd,"","","",,,,,,
 0,92.642 (0.2),91.212 (0.273),94.18 (0.223),58577,30012,28565,209671828,106990127,102681700
 1,7.358 (0.2),8.788 (0.273),5.82 (0.223),4464,2602,1862,16652885,10307954,6344931
copd_pft,"","","",,,,,,
 0,89.894 (0.261),89.226 (0.311),90.613 (0.335),56991,29463,27528,203452972,104660944,98792028
 1,10.106 (0.261),10.774 (0.311),9.387 (0.335),6050,3151,2899,22871741,12637137,10234604
pft_lt07,"","","",,,,,,
 0,86.54 (0.529),89.636 (0.656),83.405 (0.819),12372,6417,5955,162303195,84589414,77713781
 1,13.46 (0.529),10.364 (0.656),16.595 (0.819),1822,659,1163,25243174,9780023,15463151
nfs,-2.15 ± 0.014,-2.147 ± 0.016,-2.153 ± 0.016,54549,28137,26412,209626348,108220554,101405794
nfs_mod_vs_low,"","","",,,,,,
 0,73.265 (0.38),73.151 (0.441),73.388 (0.447),35356,18499,16857,147135007,75861419,71273588
 1,26.735 (0.38),26.849 (0.441),26.612 (0.447),16056,8106,7950,53689845,27844213,25845632
nfs_high_vs_low,"","","",,,,,,
 0,94.356 (0.144),94.383 (0.186),94.327 (0.205),35356,18499,16857,147135007,75861419,71273588
 1,5.644 (0.144),5.617 (0.186),5.673 (0.205),3137,1532,1605,8801496,4514922,4286574
liver_cap_any,"","","",,,,,,
 0,39.239 (1.105),44.257 (1.359),34.099 (1.464),3110,1694,1416,89063589,50828827,38234762
 1,60.761 (1.105),55.743 (1.359),65.901 (1.464),4987,2384,2603,137915663,64021238,73894425
liver_cap_mod_sev,"","","",,,,,,
 0,54.153 (0.96),59.709 (1.215),48.463 (1.194),4362,2367,1995,122916609,68575466,54341143
 1,45.847 (0.96),40.291 (1.215),51.537 (1.194),3735,1711,2024,104062642,46274598,57788044
fib4,1.032 ± 0.007,0.994 ± 0.007,1.072 ± 0.008,55506,28615,26891,212553706,109724331,102829375
fib4_mod_vs_low,"","","",,,,,,
 0,86.021 (0.303),88.072 (0.336),83.817 (0.383),45583,24521,21062,178281594,94550955,83730639
 1,13.979 (0.303),11.928 (0.336),16.183 (0.383),8009,3354,4655,28971096,12805027,16166070
fib4_high_vs_low,"","","",,,,,,
 0,97.112 (0.106),97.556 (0.121),96.616 (0.148),45583,24521,21062,178281594,94550955,83730639
 1,2.888 (0.106),2.444 (0.121),3.384 (0.148),1914,740,1174,5301016,2368349,2932667
prevent_cvd_10yr_base,0.114 ± 0.001,0.104 ± 0.001,0.125 ± 0.001,36305,18407,17898,147896235,75903241,71992993
prevent_cvd_10yr_hba1c,0.114 ± 0.001,0.104 ± 0.001,0.125 ± 0.001,36250,18371,17879,147703182,75770101,71933080
prevent_cvd_10yr_uacr,0.095 ± 0.001,0.091 ± 0.001,0.099 ± 0.001,36003,18260,17743,146947474,75440451,71507023
prevent_cvd_10yr_full,0.095 ± 0.001,0.091 ± 0.001,0.098 ± 0.001,35950,18226,17724,146759142,75312032,71447110
prevent_cvd_30yr_base,0.27 ± 0.001,0.25 ± 0.002,0.291 ± 0.001,36305,18407,17898,147896235,75903241,71992993
prevent_cvd_30yr_hba1c,0.264 ± 0.001,0.246 ± 0.002,0.284 ± 0.001,36250,18371,17879,147703182,75770101,71933080
prevent_cvd_30yr_uacr,0.243 ± 0.001,0.23 ± 0.002,0.257 ± 0.001,36003,18260,17743,146947474,75440451,71507023
prevent_cvd_30yr_full,0.234 ± 0.001,0.224 ± 0.002,0.244 ± 0.001,35950,18226,17724,146759142,75312032,71447110
prevent_ascvd_10yr_base,0.063 ± 0.001,0.056 ± 0.001,0.069 ± 0.001,36305,18407,17898,147896235,75903241,71992993
prevent_ascvd_10yr_hba1c,0.062 ± 0.001,0.056 ± 0.001,0.068 ± 0.001,36250,18371,17879,147703182,75770101,71933080
prevent_ascvd_10yr_uacr,0.054 ± 0,0.05 ± 0.001,0.058 ± 0.001,36003,18260,17743,146947474,75440451,71507023
prevent_ascvd_10yr_full,0.053 ± 0,0.05 ± 0.001,0.057 ± 0.001,35950,18226,17724,146759142,75312032,71447110
prevent_ascvd_30yr_base,0.153 ± 0.001,0.139 ± 0.001,0.167 ± 0.001,36305,18407,17898,147896235,75903241,71992993
prevent_ascvd_30yr_hba1c,0.147 ± 0.001,0.134 ± 0.001,0.16 ± 0.001,36250,18371,17879,147703182,75770101,71933080
prevent_ascvd_30yr_uacr,0.142 ± 0.001,0.129 ± 0.001,0.155 ± 0.001,36003,18260,17743,146947474,75440451,71507023
prevent_ascvd_30yr_full,0.135 ± 0.001,0.126 ± 0.001,0.146 ± 0.001,35950,18226,17724,146759142,75312032,71447110
prevent_hf_10yr_base,0.08 ± 0.001,0.074 ± 0.001,0.085 ± 0.001,36305,18407,17898,147896235,75903241,71992993
prevent_hf_10yr_hba1c,0.082 ± 0.001,0.077 ± 0.001,0.086 ± 0.001,36250,18371,17879,147703182,75770101,71933080
prevent_hf_10yr_uacr,0.064 ± 0.001,0.064 ± 0.001,0.064 ± 0.001,36003,18260,17743,146947474,75440451,71507023
prevent_hf_10yr_full,0.066 ± 0.001,0.068 ± 0.001,0.065 ± 0.001,35950,18226,17724,146759142,75312032,71447110
prevent_hf_30yr_base,0.198 ± 0.001,0.189 ± 0.001,0.207 ± 0.001,36305,18407,17898,147896235,75903241,71992993
prevent_hf_30yr_hba1c,0.198 ± 0.001,0.192 ± 0.001,0.204 ± 0.001,36250,18371,17879,147703182,75770101,71933080
prevent_hf_30yr_uacr,0.171 ± 0.001,0.171 ± 0.001,0.172 ± 0.001,36003,18260,17743,146947474,75440451,71507023
prevent_hf_30yr_full,0.169 ± 0.001,0.173 ± 0.001,0.165 ± 0.001,35950,18226,17724,146759142,75312032,71447110
prevent_chd_10yr_base,0.036 ± 0,0.03 ± 0,0.043 ± 0,36305,18407,17898,147896235,75903241,71992993
prevent_chd_10yr_hba1c,0.035 ± 0,0.029 ± 0,0.041 ± 0,36250,18371,17879,147703182,75770101,71933080
prevent_chd_10yr_uacr,0.031 ± 0,0.026 ± 0,0.036 ± 0,36003,18260,17743,146947474,75440451,71507023
prevent_chd_10yr_full,0.03 ± 0,0.026 ± 0,0.034 ± 0,35950,18226,17724,146759142,75312032,71447110
prevent_chd_30yr_base,0.091 ± 0.001,0.076 ± 0.001,0.107 ± 0.001,36305,18407,17898,147896235,75903241,71992993
prevent_chd_30yr_hba1c,0.085 ± 0.001,0.073 ± 0.001,0.098 ± 0.001,36250,18371,17879,147703182,75770101,71933080
prevent_chd_30yr_uacr,0.084 ± 0.001,0.07 ± 0.001,0.098 ± 0.001,36003,18260,17743,146947474,75440451,71507023
prevent_chd_30yr_full,0.077 ± 0.001,0.067 ± 0.001,0.088 ± 0.001,35950,18226,17724,146759142,75312032,71447110
prevent_stroke_10yr_base,0.032 ± 0,0.031 ± 0,0.033 ± 0,36305,18407,17898,147896235,75903241,71992993
prevent_stroke_10yr_hba1c,0.032 ± 0,0.03 ± 0,0.033 ± 0,36250,18371,17879,147703182,75770101,71933080
prevent_stroke_10yr_uacr,0.028 ± 0,0.028 ± 0,0.027 ± 0,36003,18260,17743,146947474,75440451,71507023
prevent_stroke_10yr_full,0.028 ± 0,0.028 ± 0,0.028 ± 0,35950,18226,17724,146759142,75312032,71447110
prevent_stroke_30yr_base,0.08 ± 0,0.077 ± 0.001,0.082 ± 0,36305,18407,17898,147896235,75903241,71992993
prevent_stroke_30yr_hba1c,0.079 ± 0,0.075 ± 0.001,0.082 ± 0,36250,18371,17879,147703182,75770101,71933080
prevent_stroke_30yr_uacr,0.075 ± 0,0.073 ± 0.001,0.076 ± 0,36003,18260,17743,146947474,75440451,71507023
prevent_stroke_30yr_full,0.075 ± 0,0.073 ± 0.001,0.076 ± 0,35950,18226,17724,146759142,75312032,71447110
taste_mouth_quinine_glms,51.765 ± 0.602,56.374 ± 0.918,46.898 ± 0.759,3114,1604,1510,129390093,66451001,62939093
taste_mouth_nacl_1M_glms,51.329 ± 0.695,55.085 ± 0.721,47.314 ± 0.784,3217,1669,1548,132565076,68475495,64089581
taste_mouth_nacl_320mM_glms,32.342 ± 0.448,33.61 ± 0.559,30.985 ± 0.762,3218,1672,1546,132557665,68548491,64009174
smell_pst_total,5.937 ± 0.052,6.036 ± 0.048,5.829 ± 0.068,3519,1840,1679,140565220,73511971,67053250
smell_dysfun_any,"","","",,,,,,
 0,71.838 (1.895),74.139 (1.854),69.316 (2.299),2310,1280,1030,100830150,54404971,46425179
 1,28.162 (1.895),25.861 (1.854),30.684 (2.299),1200,556,644,39527616,18977043,20550573
smell_dysfun_severe,"","","",,,,,,
 0,95.724 (0.485),97.508 (0.397),93.769 (0.827),3297,1766,1531,134555003,71679814,62875188
 1,4.276 (0.485),2.492 (0.397),6.231 (0.827),222,74,148,6010218,1832156,4178062
tastechange_sweet_worse,"","","",,,,,,
 0,95.974 (0.288),95.564 (0.442),96.432 (0.351),7103,3677,3426,138410492,72717744,65692748
 1,4.026 (0.288),4.436 (0.442),3.568 (0.351),292,172,120,5806193,3375498,2430696
tastechange_salt_worse,"","","",,,,,,
 0,95.171 (0.337),94.584 (0.494),95.828 (0.371),6987,3609,3378,137088038,71981640,65106397
 1,4.829 (0.337),5.416 (0.494),4.172 (0.371),400,241,159,6955945,4121665,2834280
tastechange_bitter_worse,"","","",,,,,,
 0,96.097 (0.306),96.283 (0.398),95.89 (0.419),7071,3678,3393,138136029,72961718,65174311
 1,3.903 (0.306),3.717 (0.398),4.11 (0.419),296,157,139,5609918,2816547,2793371
tastechange_sour_worse,"","","",,,,,,
 0,95.959 (0.379),95.59 (0.424),96.371 (0.53),7066,3651,3415,138258676,72723185,65535491
 1,4.041 (0.379),4.41 (0.424),3.629 (0.53),319,194,125,5822761,3354936,2467826
ndi_mortstat,"","","",,,,,,
 0,87.544 (0.281),88.192 (0.308),86.848 (0.315),44151,23426,20725,194440095,101519371,92920724
 1,12.456 (0.281),11.808 (0.308),13.152 (0.315),9104,4160,4944,27664277,13592506,14071771
ndi_mortstat_hd,"","","",,,,,,
 0,75.537 (0.655),75.972 (0.911),75.116 (0.815),6733,3091,3642,20894361,10326433,10567929
 1,24.463 (0.655),24.028 (0.911),24.884 (0.815),2369,1068,1301,6766913,3266073,3500840
ndi_mortstat_cbvd,"","","",,,,,,
 0,94.875 (0.274),94.692 (0.45),95.052 (0.387),8583,3902,4681,26243665,12871036,13372628
 1,5.125 (0.274),5.308 (0.45),4.948 (0.387),519,257,262,1417609,721469,696140
ndi_mortstat_cvd,"","","",,,,,,
 0,96.315 (0.137),96.536 (0.163),96.077 (0.159),50367,26261,24106,213919849,111124334,102795515
 1,3.685 (0.137),3.464 (0.163),3.923 (0.159),2888,1325,1563,8184523,3987543,4196980
ndi_mortstat_diab,"","","",,,,,,
 0,96.522 (0.272),96.493 (0.363),96.55 (0.346),8777,4002,4775,26699166,13115793,13583373
 1,3.478 (0.272),3.507 (0.363),3.45 (0.346),325,157,168,962108,476713,485396
ndi_mortstat_diab_any,"","","",,,,,,
 0,89.359 (0.494),89.713 (0.587),89.018 (0.663),8061,3686,4375,24717961,12194255,12523705
 1,10.641 (0.494),10.287 (0.587),10.982 (0.663),1041,473,568,2943314,1398251,1545063
