Intersect,Variable,Level,Var2_level,mean_total,se_total,mean_MexAm,mean_NHA,mean_NHB,mean_NHW,mean_Oth/Mult,mean_Oth/Mult/NHA,mean_OthHis,se_MexAm,se_NHA,se_NHB,se_NHW,se_Oth/Mult,se_Oth/Mult/NHA,se_OthHis,teststat,teststat_val,p_value
raceXeduc,inc_to_pov,0.05,Collgrad_Above,0.51,0.0177248878740666,0.89,0.91,0.87,1.31,1.03,0.83,0.73,0.132689885303597,0.105150475146246,0.0555379965038463,0.0481013580612799,0.0961493894788557,0.21291967149645,0.128005483798956,"F(34, 129)",405.601356050072,1.92467517165196e-115
raceXeduc,inc_to_pov,0.05,HSgrad_GED,0.51,0.0177248878740666,0.34,0.24,0.19,0.64,0.12,0.48,0.31,0.0327852767950045,0.143700822218936,0.0278005179633655,0.0278426436698628,0.0903140768381935,0.0589821075075933,0.0628355873681313,"F(34, 129)",405.601356050072,1.92467517165196e-115
raceXeduc,inc_to_pov,0.05,LessThan9th,0.51,0.0177248878740666,0.19,0.26,0.17,0.47,0.18,0.36,0.18,0.0377886450506109,0.115054748593306,0.0575653466180724,0.070469519355901,,0.0990610288474411,0.0651475941080421,"F(34, 129)",405.601356050072,1.92467517165196e-115
raceXeduc,inc_to_pov,0.05,SomeColl_AA,0.51,0.0177248878740666,0.42,0.46,0.3,0.68,0.58,0.44,0.41,0.0352870423942084,0.112361488661914,0.040451186931708,0.0354360919434617,0.141746281326976,0.10419935433265,0.0504100605631548,"F(34, 129)",405.601356050072,1.92467517165196e-115
raceXeduc,inc_to_pov,0.05,SomeHS_9to11,0.51,0.0177248878740666,0.25,0.44,0.12,0.36,0.09,0.24,0.22,0.0352551868811947,0.169581977771192,0.0227200894788462,0.0404428728759495,,0.101749186662716,0.0425965038398737,"F(34, 129)",405.601356050072,1.92467517165196e-115
raceXeduc,inc_to_pov,0.25,Collgrad_Above,1.45,0.0303855220698285,2.27,2.85,2.31,3.56,3.11,1.85,2.1,0.247854691416152,0.172747209168833,0.100978175461539,0.0683545614555031,0.2662598477876,0.309476266709957,0.158124421163417,"F(34, 129)",405.601356050072,1.92467517165196e-115
raceXeduc,inc_to_pov,0.25,HSgrad_GED,1.45,0.0303855220698285,0.93,1.1,0.87,1.55,0.94,1.13,0.82,0.035307221163851,0.0966264149403187,0.030327837778217,0.0430295402170607,0.107400523807581,0.164658383458698,0.0452416229050546,"F(34, 129)",405.601356050072,1.92467517165196e-115
raceXeduc,inc_to_pov,0.25,LessThan9th,1.45,0.0303855220698285,0.69,0.76,0.69,0.96,0.46,0.8,0.64,0.0226731870303665,0.0431455307224898,0.03003409388769,0.0352347596779505,,0.0825508573728676,0.0350794737504842,"F(34, 129)",405.601356050072,1.92467517165196e-115
raceXeduc,inc_to_pov,0.25,SomeColl_AA,1.45,0.0303855220698285,1.2,1.43,1.14,1.86,1.25,1.34,1.21,0.0579715696476281,0.14731839624562,0.0429793861149398,0.0480918390661266,0.119365289538506,0.146375283467295,0.0730945878165745,"F(34, 129)",405.601356050072,1.92467517165196e-115
raceXeduc,inc_to_pov,0.25,SomeHS_9to11,1.45,0.0303855220698285,0.74,1.03,0.68,1.05,0.96,0.78,0.74,0.0302187316124526,0.106594386027607,0.0176711807057693,0.0429705524306963,0.126135094460524,0.0993265869802699,0.0425965038398737,"F(34, 129)",405.601356050072,1.92467517165196e-115
raceXeduc,inc_to_pov,0.5,Collgrad_Above,2.94,0.0582389173005046,3.98,4.78,3.85,5,4.59,4.35,3.54,0.187768705618297,0.110157640629401,0.0934048123019234,0,0.298309644280552,0.324331127512035,0.203302827210107,"F(34, 129)",405.601356050072,1.92467517165196e-115
raceXeduc,inc_to_pov,0.5,HSgrad_GED,2.94,0.0582389173005046,1.61,1.84,1.62,2.66,1.57,2.26,1.58,0.0580047204834696,0.123880019154255,0.0556010359267311,0.0632787356133245,0.192832758654521,0.253131544720088,0.10053693978901,"F(34, 129)",405.601356050072,1.92467517165196e-115
raceXeduc,inc_to_pov,0.5,LessThan9th,2.94,0.0582389173005046,1.09,1.26,1.16,1.4,0.7,1.34,1.03,0.0302309160404887,0.124642644309415,0.0450511408315349,0.0629192137106259,0.1948186836556,0.261804147668237,0.0476078572328,"F(34, 129)",405.601356050072,1.92467517165196e-115
raceXeduc,inc_to_pov,0.5,SomeColl_AA,2.94,0.0582389173005046,2.13,2.87,2.08,3.31,2.12,2.7,2.25,0.0982996180981519,0.179778381859062,0.0606767803975621,0.0658098850378575,0.208889256692385,0.168703716538577,0.120984145351572,"F(34, 129)",405.601356050072,1.92467517165196e-115
raceXeduc,inc_to_pov,0.5,SomeHS_9to11,2.94,0.0582389173005046,1.23,1.49,1.21,1.85,1.36,1.34,1.17,0.0453280974186789,0.145355980946736,0.0454401789576924,0.078358066197152,0.183252873084157,0.142933381264291,0.0476078572328,"F(34, 129)",405.601356050072,1.92467517165196e-115
raceXeduc,inc_to_pov,0.75,Collgrad_Above,5,0,5,5,5,5,5,5,5,0,0,0,0,0,0,0,"F(34, 129)",405.601356050072,1.92467517165196e-115
raceXeduc,inc_to_pov,0.75,HSgrad_GED,5,0,2.69,3.14,2.81,4.35,3.04,3.71,2.91,0.0933119416473205,0.272536042139361,0.0707649548158396,0.0885902298586542,0.295351440470849,0.336689530355845,0.130698021725713,"F(34, 129)",405.601356050072,1.92467517165196e-115
raceXeduc,inc_to_pov,0.75,LessThan9th,5,0,1.7,2.28,1.79,2.32,1.4,2.73,1.7,0.0503848600674812,0.299621741128401,0.0976108051349924,0.0931204362917263,,0.412754286864338,0.0927100377691369,"F(34, 129)",405.601356050072,1.92467517165196e-115
raceXeduc,inc_to_pov,0.75,SomeColl_AA,5,0,3.74,4.44,3.62,5,3.81,4.02,3.72,0.118463642323414,0.227219899294092,0.0884869714131113,0,0.415291736519385,0.258017448823706,0.171394205914727,"F(34, 129)",405.601356050072,1.92467517165196e-115
raceXeduc,inc_to_pov,0.75,SomeHS_9to11,5,0,1.99,2.68,2.18,3.32,2.29,2.32,1.88,0.0805832842998736,0.409419346333308,0.0732091772096156,0.10363486174462,0.340326764299149,0.559620526644935,0.0952157144656001,"F(34, 129)",405.601356050072,1.92467517165196e-115
raceXeduc,inc_to_pov,0.95,Collgrad_Above,5,0,5,5,5,5,5,5,5,0,0,0,0,0,0,0,"F(34, 129)",405.601356050072,1.92467517165196e-115
raceXeduc,inc_to_pov,0.95,HSgrad_GED,5,0,5,5,5,5,4.44,5,5,0,0,0,0,0.297792361466476,0,0,"F(34, 129)",405.601356050072,1.92467517165196e-115
raceXeduc,inc_to_pov,0.95,LessThan9th,5,0,3.16,4.76,3.82,4.78,2.95,5,3.4,0.115885178155207,0.220521601470503,0.167690357539602,0.203858252422428,,0,0.263096053128632,"F(34, 129)",405.601356050072,1.92467517165196e-115
raceXeduc,inc_to_pov,0.95,SomeColl_AA,5,0,5,5,5,5,5,5,5,0,0,0,0,0,0,0,"F(34, 129)",405.601356050072,1.92467517165196e-115
raceXeduc,inc_to_pov,0.95,SomeHS_9to11,5,0,3.87,4.83,4.8,5,3.4,5,4,0.115838471181068,0.157468979358965,0.138844991259616,0,0.387924913152177,0,0.10273274455499,"F(34, 129)",405.601356050072,1.92467517165196e-115
raceXeduc,inc_to_pov_level,HighInc,Collgrad_Above,35.9420072498655,0.718234791337979,48.9646631622107,59.5417317631418,46.9615229738541,68.9510590765973,53.4152223962067,54.3958539014391,42.6171392279758,2.88351893985791,2.18878456101234,1.7237071103999,1.00277583996593,4.93679490467142,3.75635981533778,2.94799789475833,"F(34, 129)",405.601356050072,1.92467517165196e-115
raceXeduc,inc_to_pov_level,HighInc,HSgrad_GED,35.9420072498655,0.718234791337979,10.0952967844649,16.8922892748113,11.8534397082254,29.1042284989318,7.61390461184185,20.8758800445602,12.8586129860754,0.816177658922317,2.27634709809787,0.809972286723532,0.967611034932604,2.26986759704247,3.61485471168788,1.62743558560005,"F(34, 129)",405.601356050072,1.92467517165196e-115
raceXeduc,inc_to_pov_level,HighInc,LessThan9th,35.9420072498655,0.718234791337979,2.42182664071028,9.91957535881441,4.08931616471476,8.4222632983135,0,12.3444840870236,2.09804540970217,0.349297798664857,2.82031844426545,0.834034129755249,1.34692253884954,0,4.08938232716603,0.741275729610649,"F(34, 129)",405.601356050072,1.92467517165196e-115
raceXeduc,inc_to_pov_level,HighInc,SomeColl_AA,35.9420072498655,0.718234791337979,20.8127678077276,30.5212246320991,21.3517828227495,38.3934022316493,22.9609227921493,27.1903611249596,21.5318200924283,1.51294714901147,2.77632325934536,0.998794415220271,0.98735751504818,4.29177674333846,2.95488526773708,1.80754751482407,"F(34, 129)",405.601356050072,1.92467517165196e-115
raceXeduc,inc_to_pov_level,HighInc,SomeHS_9to11,35.9420072498655,0.718234791337979,4.01612895900585,12.6677232047836,7.88779435302779,17.334102486374,4.74690962515615,17.2242007387454,5.54498944796304,0.5281499075274,2.79146651642112,0.715726477239596,1.25362670265195,2.00387800859851,4.13422582856336,0.875146767902271,"F(34, 129)",405.601356050072,1.92467517165196e-115
raceXeduc,inc_to_pov_level,MiddleInc,Collgrad_Above,49.4376936417984,0.586809343403606,44.7691918518538,34.7927950918447,46.2097975711718,28.1556952460866,42.1996376006536,38.2533423618772,48.4153366829861,2.77115891422358,2.24924352623407,1.67408907452153,0.949273552336313,4.77860864564863,3.56696278878141,2.94086740211435,"F(34, 129)",405.601356050072,1.92467517165196e-115
raceXeduc,inc_to_pov_level,MiddleInc,HSgrad_GED,49.4376936417984,0.586809343403606,62.803318335414,60.835171344359,58.4214305421586,59.1827879734565,64.8278962241424,56.813072313295,54.1222613380936,1.63576842483916,2.94257594718656,1.09089155625654,1.05133541434786,3.90906654045561,4.12928382141278,2.31607830590643,"F(34, 129)",405.601356050072,1.92467517165196e-115
raceXeduc,inc_to_pov_level,MiddleInc,LessThan9th,49.4376936417984,0.586809343403606,53.020765526364,56.2265444612757,52.4725801326432,64.5794529875949,38.2918144913755,48.8041059086818,50.2317908376706,1.43426383757292,4.28043024796783,2.31718696760703,2.40338109149656,11.266515068641,6.09599004960677,2.96344783151423,"F(34, 129)",405.601356050072,1.92467517165196e-115
raceXeduc,inc_to_pov_level,MiddleInc,SomeColl_AA,49.4376936417984,0.586809343403606,60.2675822703389,54.2891174984007,57.6780213070325,52.0749665603194,59.5770876032184,57.293642580711,59.0187590703438,1.53844503555032,3.20308585250056,1.08353581944726,0.888609754648895,3.71390276061397,2.46475687424796,2.01130289936946,"F(34, 129)",405.601356050072,1.92467517165196e-115
raceXeduc,inc_to_pov_level,MiddleInc,SomeHS_9to11,49.4376936417984,0.586809343403606,56.8872167902641,65.39611424992,50.3273045067299,59.7755742639223,69.9112789106704,46.3134733107375,55.5244199757761,1.88462761615422,4.31826756125076,1.37452318047669,1.2577649354,5.87650752039204,4.86176961941396,2.79671284956021,"F(34, 129)",405.601356050072,1.92467517165196e-115
raceXeduc,inc_to_pov_level,LowInc,Collgrad_Above,14.6202991083362,0.408413363950714,6.26614498593549,5.66547314501348,6.82867945497419,2.89324567731617,4.38514000313966,7.35080373668375,8.96752408903817,1.19516873179585,0.769120562800046,0.710128305462352,0.241465977871887,1.1255531660628,1.58710782700207,1.73645040425658,"F(34, 129)",405.601356050072,1.92467517165196e-115
raceXeduc,inc_to_pov_level,LowInc,HSgrad_GED,14.6202991083362,0.408413363950714,27.1013848801211,22.2725393808297,29.725129749616,11.7129835276116,27.5581991640158,22.3110476421448,33.019125675831,1.57486390933403,2.22204051320403,1.11485397649469,0.691632145020306,3.61448331708467,4.59499774122731,2.31146485917472,"F(34, 129)",405.601356050072,1.92467517165196e-115
raceXeduc,inc_to_pov_level,LowInc,LessThan9th,14.6202991083362,0.408413363950714,44.5574078329257,33.8538801799099,43.4381037026421,26.9982837140917,61.7081855086245,38.8514100042945,47.6701637526272,1.4291973243378,4.49163937790641,2.28922885665865,2.03246917277106,11.266515068641,5.49367309684777,2.91217371617845,"F(34, 129)",405.601356050072,1.92467517165196e-115
raceXeduc,inc_to_pov_level,LowInc,SomeColl_AA,14.6202991083362,0.408413363950714,18.9196499219335,15.1896578695002,20.970195870218,9.53163120803126,17.4619896046323,15.5159962943294,19.4494208372279,1.44091628989001,2.23674848228269,1.28813108408024,0.609811065162194,2.54885851393873,2.27820356253709,2.06868057205205,"F(34, 129)",405.601356050072,1.92467517165196e-115
raceXeduc,inc_to_pov_level,LowInc,SomeHS_9to11,14.6202991083362,0.408413363950714,39.09665425073,21.9361625452964,41.7849011402423,22.8903232497037,25.3418114641735,36.4623259505172,38.9305905762609,1.91538819652048,4.13117045739534,1.47280788729651,1.31958162817985,5.45217705569607,5.38984175866669,2.67307166304386,"F(34, 129)",405.601356050072,1.92467517165196e-115
raceXeduc,employ_status,Full-time employed,Collgrad_Above,53.2332724623119,0.419911321255938,76.1290493670798,63.5779908508852,71.2931511375586,63.2999680445451,66.241143043645,70.9184841068086,68.0559373359157,1.56903492598504,1.37828053910943,1.11090154648684,0.765623322069157,5.00030902018838,2.33484069420656,2.30579500045725,"F(34, 129)",405.601356050072,1.92467517165196e-115
raceXeduc,employ_status,Full-time employed,HSgrad_GED,53.2332724623119,0.419911321255938,59.8986474886127,45.9179610577254,49.9987167191851,48.9772230036332,44.2451324306037,54.3779514873243,57.6980022507489,1.46130435403067,3.04460581119993,0.963874177452233,0.858979701527473,5.01851371555888,3.84701935122633,2.06011006383257,"F(34, 129)",405.601356050072,1.92467517165196e-115
raceXeduc,employ_status,Full-time employed,LessThan9th,53.2332724623119,0.419911321255938,52.4453821098311,22.685404776548,14.4088576140917,19.2376482038012,20.8539981836268,32.2432042431337,43.0539010059159,1.67748806191326,2.67197832706779,1.71285390817186,2.18105768376909,7.7543319678609,4.96953002382123,2.48104288249402,"F(34, 129)",405.601356050072,1.92467517165196e-115
raceXeduc,employ_status,Full-time employed,SomeColl_AA,53.2332724623119,0.419911321255938,59.1955889408618,47.2603595211606,56.34595837243,52.5670297068552,48.3541674606823,49.3004258542017,59.5607696964177,1.25279858035306,2.20185092824525,1.2268926126025,0.811112949692026,2.80988617804798,3.40853221845939,1.90168719066654,"F(34, 129)",405.601356050072,1.92467517165196e-115
raceXeduc,employ_status,Full-time employed,SomeHS_9to11,53.2332724623119,0.419911321255938,56.9399324914738,44.9327321029436,34.9251752776962,36.9131477587504,38.5489654524984,46.4098401770852,47.4917246897082,1.30592238662055,3.18601168086558,1.1675950423233,1.20142683623475,6.61660911488378,4.8803150499605,2.7319479457421,"F(34, 129)",405.601356050072,1.92467517165196e-115
raceXeduc,employ_status,Part-time employed,Collgrad_Above,10.2626419365778,0.216715978658302,7.2370610650753,8.801485333631,7.84465390596697,10.3210051758006,9.04925315610343,7.14805667734025,9.54146792677435,1.26585718260279,0.741016656887433,0.588462573818594,0.427919321520843,2.56950465708204,1.14384805025567,1.37105225124259,"F(34, 129)",405.601356050072,1.92467517165196e-115
raceXeduc,employ_status,Part-time employed,HSgrad_GED,10.2626419365778,0.216715978658302,9.90668173275481,13.2226061733554,8.95169845748766,9.17070475554907,7.84735693092813,8.62890663022215,8.79751139706302,0.857649660439853,2.19654032861836,0.521513041632459,0.433843202929824,1.90349856580826,1.7841079037319,0.949274394285876,"F(34, 129)",405.601356050072,1.92467517165196e-115
raceXeduc,employ_status,Part-time employed,LessThan9th,10.2626419365778,0.216715978658302,7.56177968787623,8.745534210602,5.92525515029036,6.93377720275406,11.0056580211454,4.98085414014318,6.81883625923767,0.619889448193425,2.21409076026615,0.974054294100066,1.07456282683638,7.25606312534534,3.24224423259808,0.943700682265848,"F(34, 129)",405.601356050072,1.92467517165196e-115
raceXeduc,employ_status,Part-time employed,SomeColl_AA,10.2626419365778,0.216715978658302,14.1060517830304,15.5071061718299,10.1250757876713,12.9844188903861,15.3523667132864,15.358891046673,11.4618000783418,0.921165526868773,1.60712323585492,0.58566258744468,0.569164483087788,2.2398313704604,2.66081251483397,1.03582760951646,"F(34, 129)",405.601356050072,1.92467517165196e-115
raceXeduc,employ_status,Part-time employed,SomeHS_9to11,10.2626419365778,0.216715978658302,7.08851261507464,11.1228495338035,9.35545558333265,8.50912935580188,13.894232604511,7.84478576561619,8.33593554887359,0.554303432011958,2.44937987768565,0.592196266343326,0.663153762368654,4.56373272477125,2.07207899414564,1.1976889480987,"F(34, 129)",405.601356050072,1.92467517165196e-115
raceXeduc,employ_status,Student,Collgrad_Above,2.039903673686,0.139553746943274,0.800105662504355,3.14635016392689,1.12074292717397,0.894112900112159,0.208253185891625,2.48394024965429,2.89468474479137,0.360419562946543,0.597561457835539,0.287980585599892,0.132380945522169,0.209235869540352,0.769409955742964,1.10651414748965,"F(34, 129)",405.601356050072,1.92467517165196e-115
raceXeduc,employ_status,Student,HSgrad_GED,2.039903673686,0.139553746943274,1.73507142081974,4.5088433816874,1.33151599025873,0.900292890131122,2.14839361684075,2.20790927179312,1.13346379195546,0.360516895780359,1.49906676707414,0.228135919649785,0.156979941932825,1.0755955332344,0.86349685539605,0.306181984243592,"F(34, 129)",405.601356050072,1.92467517165196e-115
raceXeduc,employ_status,Student,LessThan9th,2.039903673686,0.139553746943274,0.156314386759418,0.258236925258482,0.317271422853999,0.105440745444529,0.94049359792448,0,0.566620539442694,0.0783383102208237,0.259811436146752,0.272348438966707,0.0790258066415061,0.947434104334728,0,0.382548482219507,"F(34, 129)",405.601356050072,1.92467517165196e-115
raceXeduc,employ_status,Student,SomeColl_AA,2.039903673686,0.139553746943274,4.95646531676442,10.1680851467844,4.98239852710103,2.78390969993688,2.5222196806373,6.88110252386817,4.11068760419726,0.625573785005988,2.80830126761955,0.891746417533392,0.299762165073842,1.12056065884305,1.56129602215882,0.699924162706321,"F(34, 129)",405.601356050072,1.92467517165196e-115
raceXeduc,employ_status,Student,SomeHS_9to11,2.039903673686,0.139553746943274,3.51468068526421,3.09164937490489,3.29141663334439,2.72384307424338,7.45330287083786,5.84096181267427,3.60011744168157,0.363773814381488,1.17534328950517,0.342121983165839,0.366448690868242,3.67789013476428,1.91361251607788,0.691112867853228,"F(34, 129)",405.601356050072,1.92467517165196e-115
raceXeduc,employ_status,Unemployed,Collgrad_Above,34.4641819274244,0.419392551651545,15.8337839053405,24.474173651557,19.7414520293004,25.4849138795421,24.50135061436,19.4495189661969,19.5079099925186,1.74766801928555,1.07490867595689,0.953671331545545,0.696530569221125,4.8397106077693,1.92242936293652,1.94170022943988,"F(34, 129)",405.601356050072,1.92467517165196e-115
raceXeduc,employ_status,Unemployed,HSgrad_GED,34.4641819274244,0.419392551651545,28.4595993578128,36.3505893872318,39.7180688330685,40.9517793506867,45.7591170216274,34.7852326106604,32.3710225602326,1.44393941444446,2.40464456182575,0.964022698933501,0.841733431949135,4.16971565430436,3.33085869150346,1.92632168019938,"F(34, 129)",405.601356050072,1.92467517165196e-115
raceXeduc,employ_status,Unemployed,LessThan9th,34.4641819274244,0.419392551651545,39.8365238155333,68.3108240875915,79.3486158127639,73.7231338480002,67.1998501973034,62.7759416167232,49.5606421954037,1.64589997092933,3.63048295486546,1.97352875015951,2.20527779300731,9.24951392939052,5.3085208122525,2.37636440244728,"F(34, 129)",405.601356050072,1.92467517165196e-115
raceXeduc,employ_status,Unemployed,SomeColl_AA,34.4641819274244,0.419392551651545,21.7418939593434,27.0644491602252,28.5465673127977,31.6646417028218,33.7712461453941,28.4595805752572,24.8667426210433,1.16269343185087,1.96734691471301,1.03755835173263,0.670022222768427,2.81346449427555,3.46907967270519,1.44719337802186,"F(34, 129)",405.601356050072,1.92467517165196e-115
raceXeduc,employ_status,Unemployed,SomeHS_9to11,34.4641819274244,0.419392551651545,32.4568742081874,40.8527689883481,52.4279525056268,51.8538798112043,40.1034990721528,39.9044122446243,40.5722223197366,1.26239282795669,3.41257579345337,1.20384159522566,1.16198676280769,6.6649292154395,4.14196932275089,2.33124279526002,"F(34, 129)",405.601356050072,1.92467517165196e-115
raceXeduc,foodinsecure,0,Collgrad_Above,85.4276298849501,0.364894713013045,91.4657581822617,96.1215899835184,89.0661490416642,97.1614332172152,96.0379316940496,96.1823773031642,90.6888067409147,1.76866174733242,0.702852529683275,0.983326606857761,0.306522072394857,1.11269031901244,1.02377643581176,1.4165815852243,"F(34, 129)",405.601356050072,1.92467517165196e-115
raceXeduc,foodinsecure,0,HSgrad_GED,85.4276298849501,0.364894713013045,69.6878710830148,87.3307836654255,73.2800821106536,86.9807733645824,64.5512666026532,84.2829541115515,71.3789577581073,1.75565341411801,1.70797339984327,1.16301454373422,0.661580812286681,4.74345000088897,3.07225083161959,2.03696148900913,"F(34, 129)",405.601356050072,1.92467517165196e-115
raceXeduc,foodinsecure,0,LessThan9th,85.4276298849501,0.364894713013045,57.8638075657082,80.7288519004139,70.5773151223742,77.7214625621045,46.2041867501926,84.8356697218097,54.2465490320444,1.78484220500737,3.79312032761233,2.1237211218247,1.8332606416135,10.5412718117335,4.42508864695165,2.79816399486749,"F(34, 129)",405.601356050072,1.92467517165196e-115
raceXeduc,foodinsecure,0,SomeColl_AA,85.4276298849501,0.364894713013045,78.0901552811794,88.5920654651348,77.887000851015,88.8245797047044,75.6569576375296,84.7805232755746,75.3235338606332,1.38272506061296,2.17586756782655,0.980019393638212,0.538169490883025,3.14274184984294,2.23135121159114,1.86334179411566,"F(34, 129)",405.601356050072,1.92467517165196e-115
raceXeduc,foodinsecure,0,SomeHS_9to11,85.4276298849501,0.364894713013045,65.528897568613,84.8604029323275,66.9484213434303,80.2170228490523,55.3158179387099,73.5189202864592,62.749955361866,2.10194459015509,2.69800223686604,1.36651163427026,1.06694223295519,6.60618066405924,4.63701606469856,2.45313220334983,"F(34, 129)",405.601356050072,1.92467517165196e-115
raceXeduc,foodinsecure,1,Collgrad_Above,14.57237011505,0.364894713013045,8.53424181773828,3.87841001648159,10.9338509583358,2.83856678278477,3.96206830595041,3.81762269683584,9.31119325908535,1.76866174733242,0.702852529683275,0.98332660685776,0.306522072394857,1.11269031901244,1.02377643581176,1.4165815852243,"F(34, 129)",405.601356050072,1.92467517165196e-115
raceXeduc,foodinsecure,1,HSgrad_GED,14.57237011505,0.364894713013045,30.3121289169853,12.6692163345745,26.7199178893464,13.0192266354176,35.4487333973468,15.7170458884485,28.6210422418928,1.75565341411801,1.70797339984327,1.16301454373422,0.661580812286681,4.74345000088897,3.07225083161959,2.03696148900913,"F(34, 129)",405.601356050072,1.92467517165196e-115
raceXeduc,foodinsecure,1,LessThan9th,14.57237011505,0.364894713013045,42.1361924342918,19.2711480995861,29.4226848776258,22.2785374378955,53.7958132498074,15.1643302781904,45.7534509679556,1.78484220500737,3.79312032761233,2.1237211218247,1.8332606416135,10.5412718117335,4.42508864695165,2.79816399486749,"F(34, 129)",405.601356050072,1.92467517165196e-115
raceXeduc,foodinsecure,1,SomeColl_AA,14.57237011505,0.364894713013045,21.9098447188206,11.4079345348653,22.1129991489851,11.1754202952956,24.3430423624704,15.2194767244254,24.6764661393668,1.38272506061296,2.17586756782655,0.980019393638212,0.538169490883025,3.14274184984294,2.23135121159114,1.86334179411566,"F(34, 129)",405.601356050072,1.92467517165196e-115
raceXeduc,foodinsecure,1,SomeHS_9to11,14.57237011505,0.364894713013045,34.471102431387,15.1395970676725,33.0515786565697,19.7829771509478,44.6841820612901,26.4810797135408,37.250044638134,2.10194459015509,2.69800223686604,1.36651163427026,1.06694223295519,6.60618066405924,4.63701606469856,2.45313220334983,"F(34, 129)",405.601356050072,1.92467517165196e-115
