Intersect,Variable,Level,Var2_level,mean_Mexican-American,mean_NHAsian,mean_NHB,mean_NHW,mean_Other Hispanic,mean_Other/Multi-Racial,mean_Other/Multi-Racial/NHAsian,se_Mexican-American,se_NHAsian,se_NHB,se_NHW,se_Other Hispanic,se_Other/Multi-Racial,se_Other/Multi-Racial/NHAsian,teststat,teststat_val,P_value
raceXeduc,inc_to_pov,0,9-11th grade,0,0,0,0,0,0,0,0.0050364552687421,,0.0100978175461539,0.0101107182189874,,,,"F(34, 129)",405.601356050047,1.92467517165938e-115
raceXeduc,inc_to_pov,0,College graduate or above,0,0,0,0,0,0.01,0,,0.100143309663092,0.0530135421173078,0.022784853818501,,,0.160927658689178,"F(34, 129)",405.601356050047,1.92467517165938e-115
raceXeduc,inc_to_pov,0,HS graduate or GED,0,0,0,0,0,0,0,0.00756583310653951,,0.0101092792594057,0.0202491953962639,,0.0146455259737611,,"F(34, 129)",405.601356050047,1.92467517165938e-115
raceXeduc,inc_to_pov,0,Less than 9th grade,0,0,0,0,0,0,0,0.0100769720134962,,0.0225255704157675,0.0151006112905502,0.00751703008938948,,,"F(34, 129)",405.601356050047,1.92467517165938e-115
raceXeduc,inc_to_pov,0,Some college or AA degree,0,0,0,0,0,0,0,0.00504100605631549,,0.010112796732927,0.0151868965471979,0.0151230181689465,,,"F(34, 129)",405.601356050047,1.92467517165938e-115
raceXeduc,inc_to_pov,0.05,9-11th grade,0.25,0.44,0.12,0.36,0.22,0.09,0.24,0.0352551868811947,0.169581977771192,0.0227200894788462,0.0404428728759495,0.0425965038398737,,0.101749186662716,"F(34, 129)",405.601356050047,1.92467517165938e-115
raceXeduc,inc_to_pov,0.05,College graduate or above,0.89,0.91,0.87,1.31,0.73,1.03,0.83,0.132689885303597,0.105150475146246,0.0555379965038463,0.0481013580612799,0.128005483798956,0.0961493894788557,0.21291967149645,"F(34, 129)",405.601356050047,1.92467517165938e-115
raceXeduc,inc_to_pov,0.05,HS graduate or GED,0.34,0.24,0.19,0.64,0.31,0.12,0.48,0.0327852767950045,0.143700822218936,0.0278005179633655,0.0278426436698628,0.0628355873681313,0.0903140768381935,0.0589821075075933,"F(34, 129)",405.601356050047,1.92467517165938e-115
raceXeduc,inc_to_pov,0.05,Less than 9th grade,0.19,0.26,0.17,0.47,0.18,0.18,0.36,0.0377886450506109,0.115054748593306,0.0575653466180724,0.070469519355901,0.0651475941080421,,0.0990610288474411,"F(34, 129)",405.601356050047,1.92467517165938e-115
raceXeduc,inc_to_pov,0.05,Some college or AA degree,0.42,0.46,0.3,0.68,0.41,0.58,0.44,0.0352870423942084,0.112361488661914,0.040451186931708,0.0354360919434617,0.0504100605631548,0.141746281326976,0.10419935433265,"F(34, 129)",405.601356050047,1.92467517165938e-115
raceXeduc,inc_to_pov,0.25,9-11th grade,0.74,1.03,0.68,1.05,0.74,0.96,0.78,0.0302187316124526,0.106594386027607,0.0176711807057693,0.0429705524306963,0.0425965038398737,0.126135094460524,0.0993265869802699,"F(34, 129)",405.601356050047,1.92467517165938e-115
raceXeduc,inc_to_pov,0.25,College graduate or above,2.27,2.85,2.31,3.56,2.1,3.11,1.85,0.247854691416152,0.172747209168833,0.100978175461539,0.0683545614555031,0.158124421163417,0.2662598477876,0.309476266709957,"F(34, 129)",405.601356050047,1.92467517165938e-115
raceXeduc,inc_to_pov,0.25,HS graduate or GED,0.93,1.1,0.87,1.55,0.82,0.94,1.13,0.035307221163851,0.0966264149403187,0.030327837778217,0.0430295402170607,0.0452416229050546,0.107400523807581,0.164658383458698,"F(34, 129)",405.601356050047,1.92467517165938e-115
raceXeduc,inc_to_pov,0.25,Less than 9th grade,0.69,0.76,0.69,0.96,0.64,0.46,0.8,0.0226731870303665,0.0431455307224898,0.03003409388769,0.0352347596779505,0.0350794737504842,,0.0825508573728676,"F(34, 129)",405.601356050047,1.92467517165938e-115
raceXeduc,inc_to_pov,0.25,Some college or AA degree,1.2,1.43,1.14,1.86,1.21,1.25,1.34,0.0579715696476281,0.14731839624562,0.0429793861149398,0.0480918390661266,0.0730945878165745,0.119365289538506,0.146375283467295,"F(34, 129)",405.601356050047,1.92467517165938e-115
raceXeduc,inc_to_pov,0.5,9-11th grade,1.23,1.49,1.21,1.85,1.17,1.36,1.34,0.0453280974186789,0.145355980946736,0.0454401789576924,0.078358066197152,0.0476078572328,0.183252873084157,0.142933381264291,"F(34, 129)",405.601356050047,1.92467517165938e-115
raceXeduc,inc_to_pov,0.5,College graduate or above,3.98,4.78,3.85,5,3.54,4.59,4.35,0.187768705618297,0.110157640629401,0.0934048123019234,0,0.203302827210107,0.298309644280552,0.324331127512035,"F(34, 129)",405.601356050047,1.92467517165938e-115
raceXeduc,inc_to_pov,0.5,HS graduate or GED,1.61,1.84,1.62,2.66,1.58,1.57,2.26,0.0580047204834696,0.123880019154255,0.0556010359267311,0.0632787356133245,0.10053693978901,0.192832758654521,0.253131544720088,"F(34, 129)",405.601356050047,1.92467517165938e-115
raceXeduc,inc_to_pov,0.5,Less than 9th grade,1.09,1.26,1.16,1.4,1.03,0.7,1.34,0.0302309160404887,0.124642644309415,0.0450511408315349,0.0629192137106259,0.0476078572328,0.1948186836556,0.261804147668237,"F(34, 129)",405.601356050047,1.92467517165938e-115
raceXeduc,inc_to_pov,0.5,Some college or AA degree,2.13,2.87,2.08,3.31,2.25,2.12,2.7,0.0982996180981519,0.179778381859062,0.0606767803975621,0.0658098850378575,0.120984145351572,0.208889256692385,0.168703716538577,"F(34, 129)",405.601356050047,1.92467517165938e-115
raceXeduc,inc_to_pov,0.75,9-11th grade,1.99,2.68,2.18,3.32,1.88,2.29,2.32,0.0805832842998736,0.409419346333308,0.0732091772096156,0.10363486174462,0.0952157144656001,0.340326764299149,0.559620526644935,"F(34, 129)",405.601356050047,1.92467517165938e-115
raceXeduc,inc_to_pov,0.75,College graduate or above,5,5,5,5,5,5,5,0,0,0,0,0,0,0,"F(34, 129)",405.601356050047,1.92467517165938e-115
raceXeduc,inc_to_pov,0.75,HS graduate or GED,2.69,3.14,2.81,4.35,2.91,3.04,3.71,0.0933119416473205,0.272536042139361,0.0707649548158396,0.0885902298586542,0.130698021725713,0.295351440470849,0.336689530355845,"F(34, 129)",405.601356050047,1.92467517165938e-115
raceXeduc,inc_to_pov,0.75,Less than 9th grade,1.7,2.28,1.79,2.32,1.7,1.4,2.73,0.0503848600674812,0.299621741128401,0.0976108051349924,0.0931204362917263,0.0927100377691369,,0.412754286864338,"F(34, 129)",405.601356050047,1.92467517165938e-115
raceXeduc,inc_to_pov,0.75,Some college or AA degree,3.74,4.44,3.62,5,3.72,3.81,4.02,0.118463642323414,0.227219899294092,0.0884869714131113,0,0.171394205914727,0.415291736519385,0.258017448823706,"F(34, 129)",405.601356050047,1.92467517165938e-115
raceXeduc,inc_to_pov,0.95,9-11th grade,3.87,4.83,4.8,5,4,3.4,5,0.115838471181068,0.157468979358965,0.138844991259616,0,0.10273274455499,0.387924913152177,0,"F(34, 129)",405.601356050047,1.92467517165938e-115
raceXeduc,inc_to_pov,0.95,College graduate or above,5,5,5,5,5,5,5,0,0,0,0,0,0,0,"F(34, 129)",405.601356050047,1.92467517165938e-115
raceXeduc,inc_to_pov,0.95,HS graduate or GED,5,5,5,5,5,4.44,5,0,0,0,0,0,0.297792361466476,0,"F(34, 129)",405.601356050047,1.92467517165938e-115
raceXeduc,inc_to_pov,0.95,Less than 9th grade,3.16,4.76,3.82,4.78,3.4,2.95,5,0.115885178155207,0.220521601470503,0.167690357539602,0.203858252422428,0.263096053128632,,0,"F(34, 129)",405.601356050047,1.92467517165938e-115
raceXeduc,inc_to_pov,0.95,Some college or AA degree,5,5,5,5,5,5,5,0,0,0,0,0,0,0,"F(34, 129)",405.601356050047,1.92467517165938e-115
raceXeduc,inc_to_pov,1,9-11th grade,5,5,5,5,5,5,5,0,0,0,0,0,0,0,"F(34, 129)",405.601356050047,1.92467517165938e-115
raceXeduc,inc_to_pov,1,College graduate or above,5,5,5,5,5,5,5,0,0,0,0,0,0,0,"F(34, 129)",405.601356050047,1.92467517165938e-115
raceXeduc,inc_to_pov,1,HS graduate or GED,5,5,5,5,5,5,5,0,0,0,0,0,0,0,"F(34, 129)",405.601356050047,1.92467517165938e-115
raceXeduc,inc_to_pov,1,Less than 9th grade,5,5,5,5,5,3.22,5,0,0,0,0,0,0,0,"F(34, 129)",405.601356050047,1.92467517165938e-115
raceXeduc,inc_to_pov,1,Some college or AA degree,5,5,5,5,5,5,5,0,0,0,0,0,0,0,"F(34, 129)",405.601356050047,1.92467517165938e-115
