Variable,Total,Collgrad_Above,SomeColl_AA,HSgrad_GED,SomeHS_9to11,LessThan9th,n_raw_Total,n_raw_Collgrad_Above,n_raw_SomeColl_AA,n_raw_HSgrad_GED,n_raw_SomeHS_9to11,n_raw_LessThan9th,n_weight_Total,n_weight_Collgrad_Above,n_weight_SomeColl_AA,n_weight_HSgrad_GED,n_weight_SomeHS_9to11,n_weight_LessThan9th
Years,"","","","","","",,,,,,,,,,,,
 1999-2000,8.047 (0.344),6.305 (0.616),7.123 (0.427),8.608 (0.811),11.977 (0.834),10.658 (1.111),5422,793,1175,1269,1224,961,18104501,3850697,4900995,4762990,3187267,1402552
 2001-2002,9.197 (0.369),8.436 (0.542),8.725 (0.524),9.62 (0.509),10.502 (0.724),10.778 (0.905),5972,1079,1471,1460,1121,841,20690795,5152185,6002728,5322880,2794730,1418272
 2003-2004,8.944 (0.584),7.344 (0.525),9.154 (0.783),9.949 (0.893),9.356 (0.723),10.21 (0.768),5606,915,1505,1448,989,749,20121724,4485209,6298008,5505010,2489974,1343524
 2005-2006,9.117 (0.519),8.4 (0.883),9.31 (0.548),9.437 (0.656),9.149 (0.868),10.026 (1.08),5553,978,1558,1390,977,650,20511138,5130301,6405221,5221514,2434695,1319408
 2007-2008,9.347 (0.497),8.366 (0.681),8.767 (0.54),9.873 (0.809),11.338 (1.089),10.69 (1.155),6221,1100,1583,1551,1168,819,21028660,5109971,6031728,5462789,3017409,1406764
 2009-2010,9.468 (0.474),9.36 (0.623),9.427 (0.46),8.946 (0.789),10.662 (0.689),9.967 (0.913),6511,1259,1832,1528,1119,773,21301735,5717015,6485894,4949712,2837463,1311652
 2011-2012,9.726 (0.552),10.692 (1.069),10.287 (0.664),8.135 (0.737),9.472 (1.251),9.519 (0.77),5859,1397,1761,1258,883,560,21882050,6530277,7077436,4500945,2520801,1252591
 2013-2014,9.958 (0.494),10.685 (0.982),10.534 (0.527),9.034 (0.701),9.926 (0.891),7.522 (0.723),6106,1443,1849,1437,917,460,22403359,6526066,7247366,4998517,2641573,989838
 2015-2016,10.08 (0.508),11.694 (1.306),10.62 (0.686),8.729 (0.608),7.713 (0.58),10.229 (1.317),5987,1422,1749,1357,767,692,22677320,7142398,7306618,4829633,2052642,1346029
 2017-2020,16.117 (0.616),18.719 (1.429),16.053 (0.702),17.671 (0.886),9.905 (0.579),10.402 (1.03),9217,2257,2975,2225,1041,719,36259710,11432875,11044589,9777334,2636007,1368905
gender,"","","","","","",,,,,,,,,,,,
 Female,51.849 (0.216),51.219 (0.489),54.723 (0.424),50.197 (0.559),50.434 (0.628),49.558 (0.717),32321,6458,9652,7551,5113,3547,116651417,31283326,37650086,27774453,13421899,6521653
 Male,48.151 (0.216),48.781 (0.489),45.277 (0.424),49.803 (0.559),49.566 (0.628),50.442 (0.717),30133,6185,7806,7372,5093,3677,108329576,29793667,31150496,27556870,13190661,6637882
age_4lvl,"","","","","","",,,,,,,,,,,,
 under30y,21.081 (0.377),14.631 (0.581),24.696 (0.787),23.529 (0.568),26.182 (0.663),11.509 (0.71),13930,1793,4524,3827,3088,698,47428279,8936338,16991025,13018650,6967785,1514481
 30to39y,18.135 (0.283),21.653 (0.566),17.893 (0.43),15.69 (0.478),17.175 (0.558),15.284 (0.809),9826,2689,2861,2139,1400,737,40799341,13225247,12310778,8681391,4570591,2011334
 40to64y,43.023 (0.354),48.162 (0.808),42.305 (0.644),41.53 (0.625),37.762 (0.767),39.842 (0.999),23815,5528,6688,5378,3448,2773,96793587,29415698,29106176,22979274,10049398,5243041
 over65y,17.761 (0.32),15.554 (0.502),15.105 (0.405),19.251 (0.571),18.881 (0.623),33.365 (1.072),14883,2633,3385,3579,2270,3016,39959787,9499711,10392603,10652007,5024787,4390679
racethn_combn,"","","","","","",,,,,,,,,,,,
 MexAm,8.267 (0.511),2.462 (0.236),5.729 (0.42),7.786 (0.545),15.11 (0.96),36.664 (2.042),11060,670,2030,2237,2463,3660,18598917,1503630,3941349,4307935,4021187,4824816
 NHA,2.582 (0.218),4.995 (0.518),1.657 (0.133),1.494 (0.136),1.391 (0.188),3.196 (0.434),3378,1692,656,504,248,278,5807942,3050605,1139968,826684,370103,420580
 NHB,11.385 (0.567),6.835 (0.394),12.297 (0.66),12.332 (0.725),19.142 (1.095),8.063 (0.681),13746,2028,4359,3571,3036,752,25613820,4174639,8460505,6823478,5094206,1060992
 NHW,67.379 (1.018),77.164 (0.903),69.961 (1.041),69.389 (1.219),52.091 (1.842),30.927 (2.157),26568,6832,8215,7022,3220,1279,151589447,47129202,48133639,38394101,13862692,4069813
 Oth/Mult,1.555 (0.094),1.261 (0.132),2.209 (0.173),1.446 (0.194),1.175 (0.145),0.731 (0.135),1025,223,436,223,105,38,3498900,769944,1519986,800020,312727,96224
 Oth/Mult/NHA,2.998 (0.191),3.817 (0.343),2.678 (0.188),2.302 (0.241),2.776 (0.366),4.236 (0.551),1498,457,399,303,185,154,6743853,2331376,1842490,1273751,738772,557463
 OthHis,5.835 (0.426),3.467 (0.281),5.469 (0.446),5.251 (0.438),8.315 (0.788),16.183 (1.31),5179,741,1363,1063,949,1063,13128115,2117596,3762645,2905353,2212874,2129646
educ_level,"","","","","","",,,,,,,,,,,,
 Collgrad_Above,27.148 (0.683),100 (0),0 (0),0 (0),0 (0),0 (0),12643,12643,,,,,61076993,61076993,,,,
 SomeColl_AA,30.581 (0.35),0 (0),100 (0),0 (0),0 (0),0 (0),17458,,17458,,,,68800582,,68800582,,,
 HSgrad_GED,24.594 (0.395),0 (0),0 (0),100 (0),0 (0),0 (0),14923,,,14923,,,55331323,,,55331323,,
 SomeHS_9to11,11.829 (0.3),0 (0),0 (0),0 (0),100 (0),0 (0),10206,,,,10206,,26612561,,,,26612561,
 LessThan9th,5.849 (0.198),0 (0),0 (0),0 (0),0 (0),100 (0),7224,,,,,7224,13159535,,,,,13159535
inc_to_pov_level,"","","","","","",,,,,,,,,,,,
 HighInc,35.942 (0.718),64.943 (0.912),33.708 (0.772),24.096 (0.697),12.456 (0.712),5.088 (0.532),14157,6647,4216,2268,783,243,74568171,37182491,21598444,12212206,2993942,581088
 MiddleInc,49.438 (0.587),31.304 (0.85),53.912 (0.68),59.157 (0.812),57.045 (0.85),56.099 (1.136),29814,4307,9030,8063,5076,3338,102567405,17923039,34544001,29982118,13711335,6406912
 LowInc,14.62 (0.408),3.753 (0.22),12.38 (0.59),16.747 (0.658),30.499 (0.839),38.813 (1.097),12218,681,2736,3042,3184,2575,30332445,2148903,7932165,8487910,7330715,4432753
employ_status,"","","","","","",,,,,,,,,,,,
 Full-time employed,53.233 (0.42),64.669 (0.642),53.526 (0.677),50.422 (0.656),40.832 (0.799),35.541 (1.086),28008,7491,8254,6450,3579,2234,119731506,39475682,36820109,27896693,10864715,4674307
 Part-time employed,10.263 (0.217),9.836 (0.351),12.771 (0.443),9.21 (0.341),8.523 (0.399),7.069 (0.477),6195,1194,2183,1472,909,437,23082586,6003974,8785248,5095796,2267891,929677
 Student,2.04 (0.14),1.141 (0.126),3.477 (0.349),1.133 (0.136),3.172 (0.24),0.222 (0.077),1680,171,748,265,478,18,4588122,696555,2391586,626717,844019,29245
 Unemployed,34.464 (0.419),24.354 (0.589),30.226 (0.565),39.235 (0.635),47.473 (0.766),57.168 (1.078),26547,3776,6268,6733,5238,4532,77516339,14866279,20792152,21707607,12631652,7518648
foodinsecure,"","","","","","",,,,,,,,,,,,
 0,85.428 (0.365),96.122 (0.272),85.679 (0.451),82.553 (0.559),73.567 (0.873),66.031 (1.221),39887,9864,11837,9291,5412,3483,191727338,60526951,59837628,44940988,18238110,8183661
 1,14.572 (0.365),3.878 (0.272),14.321 (0.451),17.447 (0.559),26.433 (0.873),33.969 (1.221),9709,613,2580,2542,2213,1761,32705130,2442104,10002076,9497919,6552954,4210077
educ_level,"","","","","","",,,,,,,,,,,,
 Collgrad_Above,27.148 (0.683),100 (0),0 (0),0 (0),0 (0),0 (0),12643,12643,,,,,61076993,61076993,,,,
 SomeColl_AA,30.581 (0.35),0 (0),100 (0),0 (0),0 (0),0 (0),17458,,17458,,,,68800582,,68800582,,,
 HSgrad_GED,24.594 (0.395),0 (0),0 (0),100 (0),0 (0),0 (0),14923,,,14923,,,55331323,,,55331323,,
 SomeHS_9to11,11.829 (0.3),0 (0),0 (0),0 (0),100 (0),0 (0),10206,,,,10206,,26612561,,,,26612561,
 LessThan9th,5.849 (0.198),0 (0),0 (0),0 (0),0 (0),100 (0),7224,,,,,7224,13159535,,,,,13159535
inc_to_pov,2.977 ± 0.026,4.03 ± 0.024,2.986 ± 0.03,2.599 ± 0.028,1.936 ± 0.033,1.512 ± 0.027,56189,11635,15982,13373,9043,6156,207468022,57254434,64074610,50682233,24035992,11420753
inc_to_pov_level,"","","","","","",,,,,,,,,,,,
 HighInc,35.942 (0.718),64.943 (0.912),33.708 (0.772),24.096 (0.697),12.456 (0.712),5.088 (0.532),14157,6647,4216,2268,783,243,74568171,37182491,21598444,12212206,2993942,581088
 MiddleInc,49.438 (0.587),31.304 (0.85),53.912 (0.68),59.157 (0.812),57.045 (0.85),56.099 (1.136),29814,4307,9030,8063,5076,3338,102567405,17923039,34544001,29982118,13711335,6406912
 LowInc,14.62 (0.408),3.753 (0.22),12.38 (0.59),16.747 (0.658),30.499 (0.839),38.813 (1.097),12218,681,2736,3042,3184,2575,30332445,2148903,7932165,8487910,7330715,4432753
employ_status,"","","","","","",,,,,,,,,,,,
 Full-time employed,53.233 (0.42),64.669 (0.642),53.526 (0.677),50.422 (0.656),40.832 (0.799),35.541 (1.086),28008,7491,8254,6450,3579,2234,119731506,39475682,36820109,27896693,10864715,4674307
 Part-time employed,10.263 (0.217),9.836 (0.351),12.771 (0.443),9.21 (0.341),8.523 (0.399),7.069 (0.477),6195,1194,2183,1472,909,437,23082586,6003974,8785248,5095796,2267891,929677
 Student,2.04 (0.14),1.141 (0.126),3.477 (0.349),1.133 (0.136),3.172 (0.24),0.222 (0.077),1680,171,748,265,478,18,4588122,696555,2391586,626717,844019,29245
 Unemployed,34.464 (0.419),24.354 (0.589),30.226 (0.565),39.235 (0.635),47.473 (0.766),57.168 (1.078),26547,3776,6268,6733,5238,4532,77516339,14866279,20792152,21707607,12631652,7518648
foodinsecure,"","","","","","",,,,,,,,,,,,
 0,85.428 (0.365),96.122 (0.272),85.679 (0.451),82.553 (0.559),73.567 (0.873),66.031 (1.221),39887,9864,11837,9291,5412,3483,191727338,60526951,59837628,44940988,18238110,8183661
 1,14.572 (0.365),3.878 (0.272),14.321 (0.451),17.447 (0.559),26.433 (0.873),33.969 (1.221),9709,613,2580,2542,2213,1761,32705130,2442104,10002076,9497919,6552954,4210077
smoke_status,"","","","","","",,,,,,,,,,,,
 Current smoker,21.103 (0.364),8.729 (0.356),21.466 (0.436),27.989 (0.543),36.158 (0.724),20.166 (0.812),12138,1112,3441,3545,2816,1224,46376360,5329882,14446239,14975415,9002765,2622059
 Former smoker,24.691 (0.333),23.92 (0.6),25.81 (0.543),24.992 (0.57),22.964 (0.717),24.58 (0.745),14451,2961,4141,3416,2061,1872,54261537,14606188,17369772,13371879,5717719,3195979
 Never smoker,54.207 (0.448),67.351 (0.7),52.724 (0.582),47.019 (0.575),40.877 (0.83),55.254 (1.062),32601,8565,9110,6918,4030,3978,119127455,41125659,35482631,25157322,10177648,7184194
alch_freq_wk,"","","","","","",,,,,,,,,,,,
 Never drinker,11.913 (0.495),8.104 (0.737),10.151 (0.571),12.819 (0.557),17.495 (0.649),31.058 (1.02),6768,1071,1563,1590,1195,1349,20737593,4190997,5568469,5294644,3163660,2519823
 Non-drinker,3.201 (0.182),2.399 (0.228),2.693 (0.204),4.497 (0.343),3.698 (0.374),4.032 (0.523),1607,285,463,442,243,174,5571237,1240498,1477366,1857471,668741,327160
 Less than 1 per month,30.253 (0.446),24.66 (0.684),32.48 (0.652),33.084 (0.719),33.052 (0.865),30.204 (0.942),13438,2712,4301,3254,1915,1256,52662709,12753131,17817542,13664714,5976779,2450543
 Less than 1 per week,14.791 (0.293),15.123 (0.563),16.331 (0.519),14.438 (0.498),12.527 (0.536),9.097 (0.612),5866,1498,1967,1321,721,359,25746769,7821229,8958758,5963471,2265241,738070
 1-2 per week,13.41 (0.316),16.222 (0.546),13.28 (0.484),11.584 (0.454),10.934 (0.622),11.194 (0.643),5104,1407,1544,1078,640,435,23343895,8389291,7284810,4784394,1977244,908156
 3-6 per week,20.596 (0.399),26.389 (0.729),20.225 (0.504),17.677 (0.554),16.9 (0.67),9.287 (0.628),7260,2202,2194,1598,913,353,35852677,13647276,11094924,7301034,3055995,753447
 1 or more per day,5.835 (0.207),7.103 (0.407),4.84 (0.278),5.901 (0.365),5.393 (0.371),5.128 (0.491),2345,635,589,573,335,213,10157270,3673506,2655350,2437142,975231,416041
pa_level_mets,"","","","","","",,,,,,,,,,,,
 High,38.954 (0.419),43.322 (0.7),41.597 (0.662),37.418 (0.719),32.866 (0.817),23.578 (0.906),21894,5014,6940,5217,3208,1515,87369262,26417854,28521008,20630183,8707622,3092595
 Low,42.294 (0.471),31.843 (0.631),40.192 (0.663),45.955 (0.668),53.302 (0.845),64.24 (1.015),29596,4526,7357,7287,5589,4837,94861110,19417961,27558170,25337457,14121717,8425805
 Moderate,18.753 (0.261),24.835 (0.554),18.211 (0.423),16.627 (0.437),13.832 (0.507),12.182 (0.56),10751,3083,3098,2360,1365,845,42060549,15144276,12486452,9167387,3664667,1597767
genhealth,"","","","","","",,,,,,,,,,,,
 Poor,3.231 (0.109),0.959 (0.112),2.193 (0.142),3.668 (0.204),6.484 (0.328),10.803 (0.547),2890,187,522,650,686,845,7264950,585242,1507649,2028413,1724604,1419041
 Fair,14.374 (0.264),6.007 (0.267),12.013 (0.364),16.876 (0.436),23.098 (0.574),37.415 (0.84),11845,995,2575,2866,2562,2847,32316892,3666521,8260056,9332192,6143362,4914761
 Good,33.794 (0.316),25.724 (0.601),35.489 (0.499),38.188 (0.568),39.415 (0.65),32.544 (0.886),21924,3653,6394,5721,3866,2290,75979528,15701234,24402123,21118080,10483079,4275012
 Very good,31.487 (0.375),41.476 (0.669),33.943 (0.538),27.876 (0.58),19.605 (0.492),11.484 (0.621),16427,4837,5277,3747,1847,719,70792463,25315442,23338803,15415362,5214291,1508565
 Excellent,17.113 (0.28),25.834 (0.54),16.363 (0.393),13.392 (0.414),11.396 (0.487),7.754 (0.54),9319,2964,2676,1928,1240,511,38474770,15768419,11251129,7405633,3031037,1018552
income_hh,"","","","","","",,,,,,,,,,,,
" $0-$4,999",1.613 (0.099),0.66 (0.1),1.513 (0.161),1.691 (0.146),3.066 (0.267),3.065 (0.363),1203,91,302,308,301,201,3356535,367261,969192,846763,794385,378934
" $5,000-$9,999",3.381 (0.153),0.656 (0.092),2.874 (0.209),3.789 (0.214),7.065 (0.47),8.905 (0.664),2547,113,548,596,675,615,7035581,364888,1841680,1897778,1830434,1100802
" $10,000-$14,999",5.558 (0.203),1.553 (0.153),4.597 (0.284),6.556 (0.334),10.774 (0.509),13.586 (0.764),3987,237,844,1037,996,873,11564777,864573,2945431,3283916,2791381,1679476
" $15,000-$19,999",5.607 (0.172),1.862 (0.181),4.916 (0.253),6.575 (0.288),10.094 (0.428),12.727 (0.7),3801,265,883,1017,906,730,11668072,1036282,3150200,3293297,2615078,1573215
" Under $20,000",0.513 (0.043),0.179 (0.052),0.454 (0.066),0.536 (0.072),0.973 (0.135),1.266 (0.194),435,28,101,114,106,86,1068021,99893,290895,268583,252171,156480
" Over $20,000",1.574 (0.122),1.214 (0.17),1.613 (0.138),1.754 (0.241),1.739 (0.238),1.908 (0.298),882,129,235,224,157,137,3274412,675740,1033696,878645,450451,235880
" $20,000-$24,999",6.548 (0.205),2.589 (0.194),6.075 (0.287),7.937 (0.366),10.438 (0.465),13.042 (0.707),4060,332,1007,1107,913,701,13625943,1441019,3892822,3975678,2704220,1612205
" $25,000-$34,999",10.889 (0.272),5.446 (0.333),11.458 (0.381),13.115 (0.435),15.244 (0.573),14.302 (0.8),6194,667,1767,1648,1308,804,22659419,3031023,7341722,6569327,3949369,1767978
" $35,000-$44,999",9.718 (0.269),6.276 (0.344),10.638 (0.416),11.757 (0.498),10.13 (0.553),11.314 (0.76),4911,737,1451,1313,823,587,20221848,3493008,6816629,5889122,2624482,1398607
" $45,000-$54,999",9.132 (0.227),7.719 (0.358),9.877 (0.366),10.4 (0.418),8.764 (0.538),7.272 (0.683),4130,773,1262,1088,646,361,19003941,4296414,6328561,5209392,2270611,898963
" $55,000-$64,999",7.095 (0.223),6.526 (0.387),8.348 (0.388),8.118 (0.419),4.593 (0.355),4.26 (0.479),3011,680,987,785,369,190,14763692,3631958,5349081,4066258,1189836,526559
" $65,000-$74,999",6.221 (0.253),6.594 (0.425),7.077 (0.358),6.392 (0.411),4.801 (0.464),2.397 (0.355),2418,641,801,562,292,122,12946386,3670055,4534622,3201659,1243775,296275
" Over $75,000",11.217 (0.491),19.886 (1.106),10.957 (0.558),7.75 (0.522),4.236 (0.439),2.217 (0.34),4057,1686,1188,706,349,128,23341971,11067963,7020539,3882043,1097383,274042
" $75,000-$99,999",6.768 (0.268),9.653 (0.479),7.074 (0.375),5.914 (0.474),3.902 (0.463),1.657 (0.302),2608,893,869,524,234,88,14083226,5372479,4532907,2962149,1010899,204792
" Over $100,000",14.166 (0.718),29.187 (1.402),12.529 (0.684),7.715 (0.571),4.182 (0.419),2.081 (0.426),4584,2449,1241,612,209,73,29478484,16244974,8028283,3864557,1083433,257237
income_fam,"","","","","","",,,,,,,,,,,,
" $0-$4,999",2.984 (0.173),1.024 (0.139),3.209 (0.379),3.143 (0.267),5.25 (0.305),5.139 (0.462),2103,139,575,528,517,344,6352145,580187,2101425,1609097,1399733,661702
" $5,000-$9,999",4.412 (0.193),1.067 (0.117),3.857 (0.289),4.774 (0.268),8.956 (0.463),11.116 (0.672),3182,167,681,728,841,765,9393870,604721,2526374,2443683,2387685,1431408
" $10,000-$14,999",6.601 (0.198),2.104 (0.175),5.496 (0.255),7.715 (0.35),12.19 (0.559),16.009 (0.915),4639,296,985,1182,1148,1028,14052703,1192348,3599679,3949103,3250101,2061473
" $15,000-$19,999",5.886 (0.189),2.127 (0.177),5.058 (0.256),7.186 (0.331),10.375 (0.434),12.18 (0.625),4025,289,920,1111,959,746,12531000,1205415,3312759,3678227,2766207,1568392
" Under $20,000",0.98 (0.072),0.256 (0.063),0.792 (0.091),1.065 (0.141),1.855 (0.187),2.97 (0.408),785,42,154,198,203,188,2085878,145316,518495,544942,494667,382458
" Over $20,000",2.022 (0.151),2.007 (0.245),1.997 (0.166),2.132 (0.247),1.814 (0.24),2.204 (0.395),1068,218,289,267,161,133,4304169,1137249,1307995,1091596,483569,283760
" $20,000-$24,999",7.054 (0.188),3.14 (0.217),6.963 (0.291),8.219 (0.36),10.52 (0.462),12.933 (0.614),4379,393,1122,1167,957,740,15017366,1779745,4560460,4207210,2804673,1665277
" $25,000-$34,999",10.89 (0.274),6.353 (0.351),11.362 (0.418),13.313 (0.43),13.783 (0.558),12.837 (0.739),6089,763,1753,1644,1199,730,23184902,3600834,7441510,6814958,3674568,1653032
" $35,000-$44,999",9.426 (0.27),6.953 (0.358),10.39 (0.407),11.316 (0.483),8.979 (0.564),8.829 (0.556),4734,801,1424,1271,746,492,20068685,3940735,6804780,5792393,2393929,1136848
" $45,000-$54,999",8.742 (0.221),8.053 (0.378),9.459 (0.372),9.641 (0.42),7.892 (0.504),6.325 (0.664),3961,807,1235,1012,587,320,18612261,4564050,6194871,4934904,2103984,814453
" $55,000-$64,999",6.583 (0.197),6.461 (0.36),7.779 (0.371),7.344 (0.382),4.171 (0.345),3.009 (0.396),2781,664,931,712,334,140,14015145,3661837,5094679,3759245,1111957,387427
" $65,000-$74,999",5.669 (0.24),6.221 (0.408),6.523 (0.353),5.687 (0.371),4.064 (0.447),2.148 (0.345),2294,624,770,516,270,114,12069219,3525810,4272013,2911254,1083526,276617
" Over $75,000",9.784 (0.451),18.235 (1.061),9.458 (0.499),6.488 (0.436),3.057 (0.357),1.275 (0.237),3503,1566,1039,589,240,69,20829727,10335264,6194130,3321160,814951,164221
" $75,000-$99,999",6.105 (0.25),9.074 (0.475),6.4 (0.353),5.131 (0.425),3.334 (0.431),1.15 (0.25),2422,865,817,471,203,66,12998188,5142819,4191827,2626645,888847,148050
" Over $100,000",12.862 (0.649),26.927 (1.314),11.258 (0.626),6.847 (0.499),3.761 (0.4),1.876 (0.401),4253,2298,1132,562,196,65,27383871,15261539,7373374,3504755,1002701,241502
foodsecure_level,"","","","","","",,,,,,,,,,,,
 Food secure,85.428 (0.365),96.122 (0.272),85.679 (0.451),82.553 (0.559),73.567 (0.873),66.031 (1.221),39887,9864,11837,9291,5412,3483,191727338,60526951,59837628,44940988,18238110,8183661
 Low food security,9.038 (0.263),2.535 (0.195),8.555 (0.35),10.616 (0.413),16.571 (0.672),22.801 (0.935),6129,411,1536,1581,1399,1202,20284484,1596459,5974722,5779337,4108012,2825955
 Very low food security,5.534 (0.205),1.343 (0.168),5.767 (0.293),6.831 (0.327),9.862 (0.569),11.168 (0.709),3580,202,1044,961,814,559,12420646,845646,4027355,3718581,2444942,1384121
uacr_level,"","","","","","",,,,,,,,,,,,
 uacr_lt30,90.074 (0.184),93.194 (0.274),90.638 (0.301),89.238 (0.356),87.13 (0.376),81.87 (0.596),50391,10710,14435,12014,7977,5255,198168244,55964574,61265023,48061053,22430007,10447586
 uacr_30to100,6.426 (0.141),4.579 (0.211),6.151 (0.275),7.005 (0.288),7.899 (0.316),11.155 (0.499),4524,659,1199,1108,812,746,14137669,2749969,4157850,3772941,2033417,1423491
 uacr_100to300,2.032 (0.088),1.435 (0.15),1.88 (0.138),2.157 (0.182),2.686 (0.19),3.804 (0.311),1551,224,376,356,303,292,4471040,861924,1270520,1161761,691440,485395
 uacr_gte300,1.468 (0.056),0.791 (0.076),1.331 (0.097),1.6 (0.106),2.286 (0.199),3.171 (0.242),1281,151,310,296,257,267,3229238,475001,899581,861580,588369,404707
ckd_gfr_level,"","","","","","",,,,,,,,,,,,
 Stage 0,62.387 (0.437),61.014 (0.859),63.062 (0.597),61.952 (0.59),65.468 (0.841),60.921 (1.221),33659,6625,9623,7927,5824,3660,132475332,35445824,41178457,32143530,16227514,7480007
 Stage 2,31.378 (0.36),34.627 (0.784),31.502 (0.56),30.837 (0.511),26.681 (0.727),27.109 (1.009),16951,3943,4880,4026,2300,1802,66628458,20116412,20570558,15999570,6613419,3328499
 Stage 3a,4.201 (0.123),3.246 (0.219),3.792 (0.195),4.837 (0.205),4.911 (0.295),6.768 (0.426),2997,509,742,786,496,464,8919476,1885536,2476201,2509456,1217271,831012
 Stage 3b,1.432 (0.056),0.813 (0.083),1.108 (0.078),1.713 (0.115),2.123 (0.173),3.497 (0.322),1151,164,258,292,211,226,3040521,472363,723590,888994,526167,429407
 Stage 4,0.348 (0.025),0.138 (0.029),0.312 (0.043),0.351 (0.048),0.546 (0.075),1.114 (0.193),321,35,82,64,68,72,738024,80225,203734,182002,135317,136745
 Stage 5,0.061 (0.01),0.025 (0.009),0.066 (0.023),0.07 (0.025),0.044 (0.018),0.205 (0.056),65,8,15,14,8,20,129501,14415,42814,36123,10971,25179
 ESRD,0.194 (0.018),0.137 (0.032),0.159 (0.027),0.241 (0.049),0.227 (0.04),0.386 (0.069),192,26,49,43,34,40,411618,79532,103505,124791,56373,47417
fib4_cat,"","","","","","",,,,,,,,,,,,
 High,2.5 (0.089),2.133 (0.158),2.115 (0.12),2.614 (0.175),2.763 (0.213),5.272 (0.354),1909,348,452,437,311,361,5284561,1234249,1373842,1351271,680601,644599
 Low,83.807 (0.332),82.906 (0.533),85.209 (0.453),83.851 (0.522),85.03 (0.642),77.964 (0.719),45160,9131,13046,10785,7502,4696,177148396,47973640,55360403,43337789,20944820,9531744
 Moderate,13.693 (0.293),14.962 (0.513),12.676 (0.415),13.534 (0.487),12.207 (0.558),16.764 (0.632),7995,1784,2074,1873,1073,1191,28944905,8657537,8235718,6995206,3006887,2049558
nfs_cat,"","","","","","",,,,,,,,,,,,
 High,4.212 (0.099),2.715 (0.171),4.217 (0.176),4.558 (0.229),5.061 (0.294),8.203 (0.467),3130,441,834,749,527,579,8782703,1556611,2706467,2320448,1223624,975552
 Low,70.068 (0.397),72.978 (0.609),71.006 (0.558),69.018 (0.647),69.244 (0.811),57.154 (1.098),34980,7550,10228,8352,5826,3024,146089921,41841589,45570401,35139951,16740615,6797364
 Moderate,25.72 (0.355),24.308 (0.611),24.777 (0.517),26.425 (0.59),25.695 (0.737),34.643 (0.965),16018,3140,4300,3766,2348,2464,53624427,13936688,15901594,13453838,6212196,4120111
smoke_current,"","","","","","",,,,,,,,,,,,
 0,71.979 (0.477),88.527 (0.478),71.066 (0.56),62.685 (0.643),53.063 (0.892),73.261 (1.09),32601,8565,9110,6918,4030,3978,119127455,41125659,35482631,25157322,10177648,7184194
 1,28.021 (0.477),11.473 (0.478),28.934 (0.56),37.315 (0.643),46.937 (0.892),26.739 (1.09),12138,1112,3441,3545,2816,1224,46376360,5329882,14446239,14975415,9002765,2622059
smoke_ever,"","","","","","",,,,,,,,,,,,
 0,54.207 (0.448),67.351 (0.7),52.724 (0.582),47.019 (0.575),40.877 (0.83),55.254 (1.062),32601,8565,9110,6918,4030,3978,119127455,41125659,35482631,25157322,10177648,7184194
 1,45.793 (0.448),32.649 (0.7),47.276 (0.582),52.981 (0.575),59.123 (0.83),44.746 (1.062),26589,4073,7582,6961,4877,3096,100637897,19936070,31816011,28347293,14720485,5818038
alch_drink_curr,"","","","","","",,,,,,,,,,,,
 0,15.114 (0.506),10.503 (0.76),12.844 (0.582),17.316 (0.581),21.194 (0.712),35.091 (0.92),8375,1356,2026,2032,1438,1523,26308829,5431495,7045835,7152115,3832401,2846983
 1,84.886 (0.506),89.497 (0.76),87.156 (0.582),82.684 (0.581),78.806 (0.712),64.909 (0.92),34013,8454,10595,7824,4524,2616,147763321,46284434,47811385,34150754,14250490,5266257
alch_drink_daily,"","","","","","",,,,,,,,,,,,
 0,94.165 (0.207),92.897 (0.407),95.16 (0.278),94.099 (0.365),94.607 (0.371),94.872 (0.491),40043,9175,12032,9283,5627,3926,163914880,48042423,52201870,38865727,17107660,7697199
 1,5.835 (0.207),7.103 (0.407),4.84 (0.278),5.901 (0.365),5.393 (0.371),5.128 (0.491),2345,635,589,573,335,213,10157270,3673506,2655350,2437142,975231,416041
alch_drink_weekly,"","","","","","",,,,,,,,,,,,
 0,60.158 (0.574),50.286 (0.958),61.655 (0.733),64.839 (0.789),66.773 (0.91),74.392 (0.929),27679,5566,8294,6607,4074,3138,104718308,26005855,33822136,26780300,12074421,6035596
 1,39.842 (0.574),49.714 (0.958),38.345 (0.733),35.161 (0.789),33.227 (0.91),25.608 (0.929),14709,4244,4327,3249,1888,1001,69353842,25710073,21035084,14522569,6008470,2077645
pa_total_mets_wk,2885.857 ± 44.143,2249.257 ± 48.097,3230.596 ± 67.642,3312.566 ± 97.131,2925.166 ± 102.884,2170.298 ± 120.814,62241,12623,17395,14864,10162,7197,224290921,60980091,68565630,55135027,26494006,13116166
pa_meets_guidelines,"","","","","","",,,,,,,,,,,,
 0,42.294 (0.471),31.843 (0.631),40.192 (0.663),45.955 (0.668),53.302 (0.845),64.24 (1.015),29596,4526,7357,7287,5589,4837,94861110,19417961,27558170,25337457,14121717,8425805
 1,57.706 (0.471),68.157 (0.631),59.808 (0.663),54.045 (0.668),46.698 (0.845),35.76 (1.015),32645,8097,10038,7577,4573,2360,129429811,41562130,41007460,29797570,12372290,4690362
hei2015_total,51.19 ± 0.186,55.753 ± 0.287,50.36 ± 0.228,48.218 ± 0.248,47.501 ± 0.284,51.109 ± 0.341,35027,8012,10568,8279,5077,3091,232054131,69018861,72807951,55262506,24273857,10690957
ahei_total,42.912 ± 0.16,47.408 ± 0.219,42.354 ± 0.2,40 ± 0.175,39.165 ± 0.216,41.23 ± 0.284,34990,8005,10559,8265,5072,3089,231808219,68960098,72769653,55161188,24236226,10681055
dii_total,2.319 ± 0.033,1.565 ± 0.039,2.358 ± 0.037,2.769 ± 0.039,3.03 ± 0.066,2.977 ± 0.075,34990,8005,10559,8265,5072,3089,231808219,68960098,72769653,55161188,24236226,10681055
dietsuppl_any,"","","","","","",,,,,,,,,,,,
 0,70.635 (0.565),61.268 (0.934),69.805 (0.715),74.388 (0.827),80.561 (0.776),82.591 (0.751),46625,8090,12506,11542,8450,6037,158914551,37420505,48026256,41160000,21439246,10868545
 1,29.365 (0.565),38.732 (0.934),30.195 (0.715),25.612 (0.827),19.439 (0.776),17.409 (0.751),15829,4553,4952,3381,1756,1187,66066442,23656488,20774327,14171323,5173315,2290990
dietsuppl_num,1.27 ± 0.03,1.699 ± 0.054,1.279 ± 0.033,1.074 ± 0.042,0.765 ± 0.037,0.684 ± 0.031,35065,7881,10489,8245,5145,3305,218365056,64272683,68154087,51999675,23270517,10668095
addsalt_prep_often,"","","","","","",,,,,,,,,,,,
 0,43.302 (0.448),40.372 (0.828),42.18 (0.67),44.976 (0.798),47.488 (0.925),47.422 (1.183),28606,5404,7574,6990,5060,3578,96162967,24437287,28689777,24535700,12462406,6037796
 1,56.698 (0.448),59.628 (0.828),57.82 (0.67),55.024 (0.798),52.512 (0.925),52.578 (1.183),32888,7098,9676,7696,4998,3420,125913428,36093499,39326952,30017641,13780979,6694357
addsalt_table_often,"","","","","","",,,,,,,,,,,,
 0,65.865 (0.446),67.048 (0.678),64.919 (0.607),63.885 (0.756),66.41 (0.788),72.551 (0.775),43895,9090,12045,10193,7125,5442,148086762,40932618,44648015,35323076,17665454,9517600
 1,34.135 (0.446),32.952 (0.678),35.081 (0.607),36.115 (0.756),33.59 (0.788),27.449 (0.775),18504,3548,5404,4723,3075,1754,76747865,20116847,24126451,19968670,8935023,3600875
restaur_freq_gt2,"","","","","","",,,,,,,,,,,,
 0,52.382 (0.503),44.221 (0.753),48.476 (0.642),55.66 (0.688),62.227 (0.781),77.005 (0.814),36481,6165,9072,8751,6658,5835,117804592,27005426,33333852,30785123,16552723,10127468
 1,47.618 (0.503),55.779 (0.753),51.524 (0.642),44.34 (0.688),37.773 (0.781),22.995 (0.814),25932,6473,8374,6161,3542,1382,107090146,34063693,35429833,24524523,10047877,3024220
govtmeal_any,"","","","","","",,,,,,,,,,,,
 0,97.139 (0.158),98.854 (0.175),97.498 (0.266),97.207 (0.243),95.525 (0.455),93.523 (0.599),19468,3635,4641,4647,2910,3635,53780564,13750355,14410140,14313162,6225921,5080987
 1,2.861 (0.158),1.146 (0.175),2.502 (0.266),2.793 (0.243),4.475 (0.455),6.477 (0.599),799,75,141,177,164,242,1583948,159384,369733,411261,291660,351910
foodinsecure,"","","","","","",,,,,,,,,,,,
 0,85.428 (0.365),96.122 (0.272),85.679 (0.451),82.553 (0.559),73.567 (0.873),66.031 (1.221),39887,9864,11837,9291,5412,3483,191727338,60526951,59837628,44940988,18238110,8183661
 1,14.572 (0.365),3.878 (0.272),14.321 (0.451),17.447 (0.559),26.433 (0.873),33.969 (1.221),9709,613,2580,2542,2213,1761,32705130,2442104,10002076,9497919,6552954,4210077
genhealth_low_vs_other,"","","","","","",,,,,,,,,,,,
 0,82.395 (0.313),93.034 (0.277),85.794 (0.425),79.456 (0.498),70.417 (0.642),51.783 (0.929),47670,11454,14347,11396,6953,3520,185246762,56785094,58992056,43939075,18728408,6802129
 1,17.605 (0.313),6.966 (0.277),14.206 (0.425),20.544 (0.498),29.583 (0.642),48.217 (0.929),14735,1182,3097,3516,3248,3692,39581841,4251763,9767705,11360606,7867965,6333803
hc_drvisit,"","","","","","",,,,,,,,,,,,
 0,15.914 (0.247),11.548 (0.367),14.791 (0.397),17.177 (0.442),22.745 (0.566),22.971 (0.785),10279,1461,2571,2545,2171,1531,35780865,7052470,10171802,9496271,6044401,3015921
 1,84.086 (0.247),88.452 (0.367),85.209 (0.397),82.823 (0.442),77.255 (0.566),77.029 (0.785),52106,11179,14878,12361,8019,5669,189054085,54020575,58600433,45789069,20530474,10113535
hc_hospadmit,"","","","","","",,,,,,,,,,,,
 0,89.266 (0.182),91.837 (0.288),89.612 (0.29),88.197 (0.359),86.5 (0.5),85.616 (0.604),54643,11439,15392,12970,8738,6104,200784817,56086282,61636243,48794968,23009498,11257827
 1,10.734 (0.182),8.163 (0.288),10.388 (0.29),11.803 (0.359),13.5 (0.5),14.384 (0.604),7785,1202,2057,1949,1464,1113,24142839,4985506,7145263,6529709,3590961,1891400
insur_any,"","","","","","",,,,,,,,,,,,
 0,17.426 (0.404),6.135 (0.314),15.892 (0.536),20.891 (0.644),30.407 (0.776),37.258 (1.194),13035,975,3091,3376,3110,2483,39046564,3738158,10895129,11500615,8046084,4866578
 1,82.574 (0.404),93.865 (0.314),84.108 (0.536),79.109 (0.644),69.593 (0.776),62.742 (1.194),49049,11621,14293,11444,7013,4678,185020364,57196343,57662507,43550834,18415389,8195292
uninsur_lastyr,"","","","","","",,,,,,,,,,,,
 0,93.513 (0.165),95.672 (0.245),92.65 (0.279),92.719 (0.312),92.038 (0.478),92.034 (0.581),45392,11025,13139,10479,6409,4340,172787994,54706747,53356893,40308228,16882240,7533886
 1,6.487 (0.165),4.328 (0.245),7.35 (0.279),7.281 (0.312),7.962 (0.478),7.966 (0.581),3581,588,1137,936,577,343,11985819,2475081,4233097,3165134,1460381,652127
bmi,28.727 ± 0.059,27.714 ± 0.095,29.258 ± 0.087,29.145 ± 0.082,28.845 ± 0.107,28.676 ± 0.112,58079,11829,16411,13872,9435,6532,221307363,60366273,67808991,54365078,26027663,12739358
waist,98.08 ± 0.159,95.978 ± 0.255,98.945 ± 0.231,99.251 ± 0.214,98.116 ± 0.265,98.425 ± 0.266,55976,11470,15859,13379,9078,6190,214368081,58815185,65856704,52597881,25057737,12040573
whr,0.933 ± 0.002,0.916 ± 0.003,0.932 ± 0.003,0.944 ± 0.002,0.949 ± 0.004,0.959 ± 0.004,8027,1990,2619,1956,877,585,229369983,72934829,69952680,62264474,16272261,7945739
wt,81.861 ± 0.178,80.658 ± 0.298,83.698 ± 0.25,82.771 ± 0.283,80.83 ± 0.33,76.047 ± 0.336,58288,11854,16457,13917,9474,6586,221883823,60456006,67941518,54493455,26129464,12863380
sbp_mean,122.191 ± 0.154,119.647 ± 0.246,121.64 ± 0.198,123.487 ± 0.242,123.971 ± 0.309,128.115 ± 0.403,55994,11407,15834,13391,9105,6257,213882155,58365608,65678199,52566787,25156933,12114628
dbp_mean,71.01 ± 0.135,71.435 ± 0.175,71.372 ± 0.161,71.105 ± 0.196,69.847 ± 0.228,69.003 ± 0.266,55994,11407,15834,13391,9105,6257,213882155,58365608,65678199,52566787,25156933,12114628
fg,105.555 ± 0.273,102.191 ± 0.397,104.731 ± 0.364,107.117 ± 0.561,108.144 ± 0.69,113.713 ± 0.974,27319,5598,7660,6468,4435,3158,225116935,61473703,68797813,55024123,26442366,13378931
fi,12.357 ± 0.136,10.6 ± 0.206,12.725 ± 0.232,13.245 ± 0.312,13.32 ± 0.261,12.999 ± 0.311,26780,5499,7516,6331,4344,3090,221053954,60378445,67694086,53981951,25890166,13109305
tg,128.871 ± 1.107,117.755 ± 1.943,129.485 ± 1.821,132.845 ± 2.213,134.919 ± 2.311,148.619 ± 4.055,26837,5509,7525,6341,4365,3097,222818380,60874651,68194788,54386325,26170768,13191848
tc,194.791 ± 0.364,195.799 ± 0.613,194.627 ± 0.553,194.224 ± 0.624,193.292 ± 0.622,196.327 ± 0.731,55442,11337,15684,13180,8960,6281,212785015,58205735,65402153,52034231,24856740,12286157
hdl,53.208 ± 0.156,56.529 ± 0.235,53.093 ± 0.185,51.593 ± 0.234,50.863 ± 0.252,49.667 ± 0.276,55440,11337,15684,13179,8959,6281,212777797,58205735,65402153,52028880,24854872,12286157
ldl_friedewald,114.644 ± 0.362,113.997 ± 0.724,114.357 ± 0.636,115.551 ± 0.62,114.214 ± 0.755,116.261 ± 0.88,26325,5446,7383,6214,4271,3011,218657401,60151476,66672336,53376331,25635192,12822065
glu,98.091 ± 0.201,95.051 ± 0.302,97.428 ± 0.315,98.639 ± 0.388,100.969 ± 0.486,107.886 ± 0.736,55287,11305,15639,13140,8935,6268,212254348,58078694,65284605,51857320,24773072,12260656
tgglu,1.319 ± 0.01,1.235 ± 0.019,1.331 ± 0.017,1.36 ± 0.023,1.353 ± 0.021,1.408 ± 0.029,26749,5493,7504,6318,4351,3083,222234577,60742869,68060903,54207091,26096506,13127208
ogtt_2hg,115.219 ± 0.648,109.816 ± 1.023,113.656 ± 0.991,119.227 ± 1.555,117.147 ± 1.697,132.077 ± 2.145,11584,2647,3337,2727,1773,1100,188655880,54929772,58185495,43392262,21976206,10172145
hba1c,5.571 ± 0.007,5.448 ± 0.01,5.548 ± 0.01,5.606 ± 0.012,5.673 ± 0.013,5.922 ± 0.022,56156,11454,15858,13360,9091,6393,215092038,58799520,65946618,52697769,25160259,12487872
uacr,34.447 ± 1.385,22.923 ± 2.909,33.166 ± 2.091,35.967 ± 2.596,47.105 ± 3.306,63.503 ± 4.703,57747,11744,16320,13774,9349,6560,220006190,60051469,67592973,53857335,25743234,12761179
egfr,95.293 ± 0.212,94.321 ± 0.351,95.862 ± 0.284,95.081 ± 0.308,97.319 ± 0.384,93.664 ± 0.655,55286,11305,15640,13140,8933,6268,212266165,58078694,65289285,51864889,24772640,12260656
crp,4.067 ± 0.057,3.314 ± 0.09,4.138 ± 0.101,4.192 ± 0.093,4.807 ± 0.142,4.753 ± 0.16,36836,6812,9821,8893,6506,4804,207200255,52991228,62635821,51397935,26612765,13562505
creatinine,0.901 ± 0.002,0.9 ± 0.004,0.898 ± 0.004,0.909 ± 0.004,0.897 ± 0.005,0.897 ± 0.007,55286,11305,15640,13140,8933,6268,212266165,58078694,65289285,51864889,24772640,12260656
vitd,67.906 ± 0.498,72.455 ± 0.654,67.934 ± 0.52,67.059 ± 0.554,62.468 ± 0.807,61.336 ± 0.686,42291,8623,11901,10038,6918,4811,210968174,57369154,65649865,50063582,25203636,12681937
b_carot,17.896 ± 0.426,24.415 ± 0.693,16.732 ± 0.445,15.189 ± 0.502,13.563 ± 0.431,17.96 ± 0.633,15128,2660,4065,3775,2700,1928,204095239,49877207,62395857,53119842,25275982,13426350
g_tocoph,231.28 ± 3.087,195.626 ± 3.605,234.718 ± 3.788,246.276 ± 3.447,253.665 ± 3.924,239.49 ± 4.96,19084,3255,4964,4721,3598,2546,193265314,46034369,57997004,50326210,25940264,12967466
t_lycop,23.082 ± 0.185,24.42 ± 0.316,23.901 ± 0.219,23.054 ± 0.298,21.17 ± 0.307,18.017 ± 0.381,15121,2658,4064,3775,2700,1924,204024774,49852972,62367929,53119842,25275982,13408048
manganese,9.73 ± 0.042,9.64 ± 0.086,9.656 ± 0.059,9.763 ± 0.089,9.962 ± 0.122,10.194 ± 0.128,18957,4613,5887,4379,2404,1674,178554716,55447495,55739079,42703398,16127586,8537159
selenium,192.248 ± 0.645,194.301 ± 0.8,192.757 ± 0.79,190.347 ± 0.895,189.958 ± 1.101,189.425 ± 1.113,18957,4613,5887,4379,2404,1674,178554716,55447495,55739079,42703398,16127586,8537159
mercury,1.541 ± 0.033,2.159 ± 0.063,1.394 ± 0.029,1.218 ± 0.036,1.176 ± 0.045,1.443 ± 0.073,43774,9061,12682,10476,6896,4659,168252299,46642737,52125947,41364070,18780363,9339181
lead,1.573 ± 0.015,1.35 ± 0.02,1.435 ± 0.018,1.651 ± 0.027,1.937 ± 0.025,2.249 ± 0.052,50661,10172,14181,12107,8292,5909,193585739,52425821,58765870,48077307,22822097,11494644
cadmium,0.51 ± 0.006,0.364 ± 0.005,0.505 ± 0.008,0.58 ± 0.009,0.689 ± 0.012,0.556 ± 0.013,50661,10172,14181,12107,8292,5909,193585739,52425821,58765870,48077307,22822097,11494644
hcb,0.13 ± 0.003,0.118 ± 0.003,0.129 ± 0.005,0.131 ± 0.005,0.137 ± 0.005,0.151 ± 0.008,4472,716,1184,1045,898,629,59656175,13521707,18648809,14868773,8626578,3990308
hcb_adj,21.124 ± 0.472,19.403 ± 0.63,21.05 ± 0.76,20.979 ± 0.857,22.854 ± 0.956,24.1 ± 1.307,4472,716,1184,1045,898,629,59656175,13521707,18648809,14868773,8626578,3990308
hepox,0.054 ± 0.002,0.049 ± 0.003,0.049 ± 0.002,0.054 ± 0.003,0.056 ± 0.005,0.091 ± 0.015,4302,666,1134,1024,864,614,55833143,12436370,17343510,14402652,7932655,3717958
pcb180,0.21 ± 0.005,0.204 ± 0.008,0.192 ± 0.008,0.205 ± 0.008,0.222 ± 0.016,0.295 ± 0.02,4578,765,1199,1059,923,632,191623716,45395386,58158247,47182403,27981061,12906618
pcbdiox,29.928 ± 0.899,25.594 ± 0.886,28.173 ± 1.355,31.137 ± 1.551,33.4 ± 2.682,41.066 ± 3.031,4078,706,1049,939,790,594,174535772,42049583,52252421,43274705,24783332,12175731
u_bpa,3.585 ± 0.182,2.996 ± 0.301,4.106 ± 0.437,3.662 ± 0.262,3.688 ± 0.197,3.047 ± 0.243,12742,2636,3609,3031,2106,1360,223242897,61127622,69561898,52396577,27136509,13020291
testosterone,233.79 ± 2.219,231.211 ± 5.016,215.051 ± 3.961,249.279 ± 4.863,259.061 ± 6.651,248.37 ± 7.896,17125,4043,5124,3833,2470,1655,118895807,35743732,38423472,25527354,12795835,6405413
estradiol,71.352 ± 5.504,78.833 ± 10.858,71.861 ± 9.38,58.779 ± 8.934,70.55 ± 12.383,84.423 ± 28.027,18566,4416,5717,4298,2439,1696,121612056,37222291,38536519,28906941,11255964,5690341
hpv_oral,"","","","","","",,,,,,,,,,,,
 0,92.864 (0.31),95.172 (0.456),92.712 (0.489),91.029 (0.646),91.102 (0.718),91.44 (0.914),17103,4106,5233,3817,2517,1430,178480665,55591227,58028925,37264122,19366146,8230245
 1,7.136 (0.31),4.828 (0.456),7.288 (0.489),8.971 (0.646),8.898 (0.718),8.56 (0.914),1412,209,437,372,255,139,13715849,2819910,4561675,3672219,1891571,770473
diabetes,"","","","","","",,,,,,,,,,,,
 0,87.666 (0.202),91.239 (0.327),88.198 (0.334),86.796 (0.415),85.155 (0.411),77.038 (0.765),52581,11196,14976,12641,8459,5309,197231912,55725740,60680889,48025587,22661809,10137887
 1,12.334 (0.202),8.761 (0.327),11.802 (0.334),13.204 (0.415),14.845 (0.411),22.962 (0.765),9873,1447,2482,2282,1747,1915,27749081,5351253,8119693,7305736,3950751,3021648
diabetes_undx,"","","","","","",,,,,,,,,,,,
 0,99.5 (0.036),99.488 (0.085),99.467 (0.074),99.553 (0.058),99.589 (0.071),99.331 (0.152),62107,12573,17362,14834,10160,7178,223856662,60764191,68433754,55083962,26503269,13071485
 1,0.5 (0.036),0.512 (0.085),0.533 (0.074),0.447 (0.058),0.411 (0.071),0.669 (0.152),347,70,96,89,46,46,1124331,312802,366828,247361,109291,88050
htn,"","","","","","",,,,,,,,,,,,
 0,54.774 (0.403),60.059 (0.747),55.053 (0.642),51.399 (0.607),52.725 (0.738),47.122 (1.034),33122,7263,9488,7717,5482,3172,123231424,36681990,37877017,28439958,14031403,6201056
 1,45.226 (0.403),39.941 (0.747),44.947 (0.642),48.601 (0.607),47.275 (0.738),52.878 (1.034),29332,5380,7970,7206,4724,4052,101749569,24395003,30923565,26891365,12581157,6958479
htn_undx,"","","","","","",,,,,,,,,,,,
 0,63.28 (0.361),67.829 (0.694),64.125 (0.519),60.273 (0.648),60.811 (0.798),54.962 (0.934),33979,7413,9874,7969,5553,3170,135345232,39588963,42116095,31683571,15298138,6658467
 1,36.72 (0.361),32.171 (0.694),35.875 (0.519),39.727 (0.648),39.189 (0.798),45.038 (0.934),22015,3994,5960,5422,3552,3087,78536922,18776646,23562104,20883216,9858795,5456161
htn_stg1,"","","","","","",,,,,,,,,,,,
 0,65.092 (0.345),69.257 (0.688),65.753 (0.505),62.258 (0.619),62.954 (0.723),58.538 (0.904),40439,8649,11498,9501,6654,4137,146444071,42300347,45238478,34448106,16753765,7703374
 1,34.908 (0.345),30.743 (0.688),34.247 (0.505),37.742 (0.619),37.046 (0.723),41.462 (0.904),22015,3994,5960,5422,3552,3087,78536922,18776646,23562104,20883216,9858795,5456161
obese,"","","","","","",,,,,,,,,,,,
 0,55.614 (0.366),59.997 (0.705),52.055 (0.638),53.939 (0.577),56.842 (0.644),58.443 (0.906),35430,7661,9214,8403,5942,4210,125121484,36644356,35813932,29845245,15127178,7690772
 1,44.386 (0.366),40.003 (0.705),47.945 (0.638),46.061 (0.577),43.158 (0.644),41.557 (0.906),27024,4982,8244,6520,4264,3014,99859509,24432637,32986650,25486077,11485382,5468763
obese_abd,"","","","","","",,,,,,,,,,,,
 0,48.519 (0.457),54.311 (0.815),45.317 (0.628),45.951 (0.615),48.977 (0.732),48.261 (0.881),31944,7127,8371,7433,5401,3612,109159542,33171287,31178023,25425144,13034152,6350935
 1,51.481 (0.457),45.689 (0.815),54.683 (0.628),54.049 (0.615),51.023 (0.732),51.739 (0.881),30510,5516,9087,7490,4805,3612,115821451,27905706,37622559,29906179,13578408,6808600
cvd,"","","","","","",,,,,,,,,,,,
 0,94.1 (0.175),96.032 (0.218),94.507 (0.222),93.447 (0.345),92.241 (0.348),89.516 (0.578),57947,11974,16327,13834,9401,6411,211707855,58653714,65021283,51705207,24547814,11779837
 1,5.9 (0.175),3.968 (0.218),5.493 (0.222),6.553 (0.345),7.759 (0.348),10.484 (0.578),4507,669,1131,1089,805,813,13273138,2423279,3779299,3626116,2064747,1379698
ascvd,"","","","","","",,,,,,,,,,,,
 0,92.163 (0.189),94.826 (0.249),92.905 (0.253),91.017 (0.346),89.601 (0.4),85.932 (0.697),56336,11777,15940,13391,9097,6131,207350042,57917148,63918958,50360637,23844998,11308301
 1,7.837 (0.189),5.174 (0.249),7.095 (0.253),8.983 (0.346),10.399 (0.4),14.068 (0.697),6118,866,1518,1532,1109,1093,17630951,3159844,4881624,4970686,2767563,1851234
chf,"","","","","","",,,,,,,,,,,,
 0,97.548 (0.09),98.922 (0.101),97.713 (0.137),97.198 (0.182),96.069 (0.277),94.429 (0.37),56383,12418,16019,13078,8258,6610,212795134,60395339,65420392,51373561,23397272,12208570
 1,2.452 (0.09),1.078 (0.101),2.287 (0.137),2.802 (0.182),3.931 (0.277),5.571 (0.37),2058,216,511,515,411,405,5348469,658406,1531330,1480925,957477,720332
mdd,"","","","","","",,,,,,,,,,,,
 0,94.426 (0.155),97.03 (0.245),93.983 (0.287),93.607 (0.294),92.192 (0.373),92.617 (0.453),58869,12274,16389,14020,9449,6737,212440503,59263013,64660789,51793959,24534762,12187979
 1,5.574 (0.155),2.97 (0.245),6.017 (0.287),6.393 (0.294),7.808 (0.373),7.383 (0.453),3585,369,1069,903,757,487,12540490,1813979,4139793,3537364,2077799,971556
ckd,"","","","","","",,,,,,,,,,,,
 0,95.768 (0.112),96.879 (0.224),96.174 (0.198),95.57 (0.201),94.418 (0.294),92.043 (0.451),59021,12136,16613,14105,9567,6600,215458717,59170686,66168191,52880349,25127086,12112405
 1,4.232 (0.112),3.121 (0.224),3.826 (0.198),4.43 (0.201),5.582 (0.294),7.957 (0.451),3433,507,845,818,639,624,9522276,1906307,2632391,2450974,1485475,1047130
ckd_gfr_gte3,"","","","","","",,,,,,,,,,,,
 0,93.765 (0.149),95.641 (0.257),94.564 (0.23),92.789 (0.235),92.149 (0.359),88.03 (0.633),50610,10568,14503,11953,8124,5462,199103790,55562236,61749015,48143101,22840933,10808506
 1,6.235 (0.149),4.359 (0.257),5.436 (0.23),7.211 (0.235),7.851 (0.359),11.97 (0.633),4726,742,1146,1199,817,822,13239139,2532071,3549844,3741366,1946099,1469760
ckd_any,"","","","","","",,,,,,,,,,,,
 0,57.907 (0.411),58.374 (0.788),58.248 (0.587),57.116 (0.552),59.073 (0.789),54.916 (1.099),32704,6622,9301,7721,5533,3527,128982170,35351804,39728109,31262562,15502505,7137190
 1,42.093 (0.411),41.626 (0.788),41.752 (0.587),42.884 (0.552),40.927 (0.789),45.084 (1.099),25925,5254,7210,6286,4012,3163,93758762,25208825,28477505,23472487,10740487,5859458
copd,"","","","","","",,,,,,,,,,,,
 0,92.607 (0.2),95.515 (0.246),92.197 (0.275),91.335 (0.348),90.026 (0.463),91.829 (0.56),57999,12036,16113,13788,9365,6697,208349094,58337690,63432055,50536953,23958126,12084271
 1,7.393 (0.2),4.485 (0.246),7.803 (0.275),8.665 (0.348),9.974 (0.463),8.171 (0.56),4455,607,1345,1135,841,527,16631899,2739303,5368527,4794369,2654435,1075264
copd_pft,"","","","","","",,,,,,,,,,,,
 0,89.844 (0.261),92.667 (0.374),89.591 (0.344),88.449 (0.43),86.965 (0.576),89.749 (0.659),56414,11712,15708,13374,9089,6531,202131983,56598490,61639259,48940197,23143499,11810538
 1,10.156 (0.261),7.333 (0.374),10.409 (0.344),11.551 (0.43),13.035 (0.576),10.251 (0.659),6040,931,1750,1549,1117,693,22849010,4478503,7161323,6391126,3469061,1348997
pft_lt07,"","","","","","",,,,,,,,,,,,
 0,86.533 (0.528),87.602 (0.798),87.382 (0.912),84.893 (0.948),84.672 (0.989),87.221 (1.568),12362,2676,3689,2814,2036,1147,162165654,46819836,51236371,36228406,19707645,8173395
 1,13.467 (0.528),12.398 (0.798),12.618 (0.912),15.107 (0.948),15.328 (0.989),12.779 (1.568),1821,355,464,473,335,194,25237010,6626262,7398767,6446779,3567660,1197542
nfs,-2.145 ± 0.014,-2.192 ± 0.02,-2.189 ± 0.02,-2.12 ± 0.024,-2.192 ± 0.027,-1.687 ± 0.037,54128,11131,15362,12867,8701,6067,208497051,57334888,64178463,50914236,24176436,11893028
nfs_mod_vs_low,"","","","","","",,,,,,,,,,,,
 0,73.149 (0.381),75.014 (0.623),74.132 (0.545),72.314 (0.626),72.935 (0.786),62.261 (1.081),34980,7550,10228,8352,5826,3024,146089921,41841589,45570401,35139951,16740615,6797364
 1,26.851 (0.381),24.986 (0.623),25.868 (0.545),27.686 (0.626),27.065 (0.786),37.739 (1.081),16018,3140,4300,3766,2348,2464,53624427,13936688,15901594,13453838,6212196,4120111
nfs_high_vs_low,"","","","","","",,,,,,,,,,,,
 0,94.329 (0.144),96.413 (0.224),94.394 (0.24),93.806 (0.319),93.189 (0.406),87.449 (0.75),34980,7550,10228,8352,5826,3024,146089921,41841589,45570401,35139951,16740615,6797364
 1,5.671 (0.144),3.587 (0.224),5.606 (0.24),6.194 (0.319),6.811 (0.406),12.551 (0.75),3130,441,834,749,527,579,8782703,1556611,2706467,2320448,1223624,975552
liver_cap_any,"","","","","","",,,,,,,,,,,,
 0,38.334 (1.136),43.706 (1.718),36.284 (1.442),35.735 (2.054),36.121 (2.252),32.151 (2.764),2853,793,901,671,315,173,84304481,30584594,24211511,21185021,5729004,2594350
 1,61.666 (1.136),56.294 (1.718),63.716 (1.442),64.265 (2.054),63.879 (2.252),67.849 (2.764),4844,1118,1593,1195,524,414,135615576,39393929,42516782,38098483,10131470,5474912
liver_cap_mod_sev,"","","","","","",,,,,,,,,,,,
 0,53.374 (0.974),58.824 (1.579),51.01 (1.451),50.551 (2.037),52.356 (2.151),48.387 (2.421),4056,1089,1287,973,442,265,117379329,41164359,34037967,29968560,8303980,3904463
 1,46.626 (0.974),41.176 (1.579),48.99 (1.451),49.449 (2.037),47.644 (2.151),51.613 (2.421),3641,822,1207,893,397,322,102540727,28814164,32690326,29314944,7556494,4164799
fib4,1.034 ± 0.007,1.061 ± 0.01,0.985 ± 0.011,1.025 ± 0.011,1.006 ± 0.013,1.265 ± 0.021,55064,11263,15572,13095,8886,6248,211377862,57865425,64969963,51684265,24632308,12225901
fib4_mod_vs_low,"","","","","","",,,,,,,,,,,,
 0,85.955 (0.305),84.712 (0.524),87.05 (0.428),86.102 (0.501),87.446 (0.581),82.303 (0.67),45160,9131,13046,10785,7502,4696,177148396,47973640,55360403,43337789,20944820,9531744
 1,14.045 (0.305),15.288 (0.524),12.95 (0.428),13.898 (0.501),12.554 (0.581),17.697 (0.67),7995,1784,2074,1873,1073,1191,28944905,8657537,8235718,6995206,3006887,2049558
fib4_high_vs_low,"","","","","","",,,,,,,,,,,,
 0,97.103 (0.107),97.492 (0.186),97.578 (0.14),96.976 (0.204),96.853 (0.248),93.666 (0.427),45160,9131,13046,10785,7502,4696,177148396,47973640,55360403,43337789,20944820,9531744
 1,2.897 (0.107),2.508 (0.186),2.422 (0.14),3.024 (0.204),3.147 (0.248),6.334 (0.427),1909,348,452,437,311,361,5284561,1234249,1373842,1351271,680601,644599
prevent_cvd_10yr_base,0.114 ± 0.001,0.091 ± 0.001,0.112 ± 0.001,0.127 ± 0.002,0.135 ± 0.002,0.155 ± 0.003,36281,8416,10006,8205,5169,4485,147826135,44755965,44035536,34792547,15613002,8629086
prevent_cvd_10yr_hba1c,0.114 ± 0.001,0.091 ± 0.001,0.112 ± 0.001,0.127 ± 0.002,0.135 ± 0.002,0.156 ± 0.003,36226,8406,9985,8192,5165,4478,147633082,44707439,43965205,34737626,15607624,8615188
prevent_cvd_10yr_uacr,0.095 ± 0.001,0.073 ± 0.001,0.093 ± 0.001,0.106 ± 0.001,0.115 ± 0.002,0.135 ± 0.003,35982,8364,9939,8131,5112,4436,146881800,44559832,43831121,34506666,15451646,8532536
prevent_cvd_10yr_full,0.095 ± 0.001,0.074 ± 0.001,0.093 ± 0.001,0.105 ± 0.001,0.115 ± 0.002,0.136 ± 0.003,35929,8354,9918,8119,5108,4430,146693468,44511307,43760790,34455350,15446268,8519753
prevent_cvd_30yr_base,0.27 ± 0.001,0.234 ± 0.002,0.271 ± 0.002,0.291 ± 0.002,0.299 ± 0.002,0.312 ± 0.004,36281,8416,10006,8205,5169,4485,147826135,44755965,44035536,34792547,15613002,8629086
prevent_cvd_30yr_hba1c,0.264 ± 0.001,0.229 ± 0.002,0.265 ± 0.002,0.285 ± 0.002,0.292 ± 0.002,0.307 ± 0.003,36226,8406,9985,8192,5165,4478,147633082,44707439,43965205,34737626,15607624,8615188
prevent_cvd_30yr_uacr,0.243 ± 0.001,0.208 ± 0.002,0.244 ± 0.002,0.263 ± 0.002,0.272 ± 0.002,0.288 ± 0.004,35982,8364,9939,8131,5112,4436,146881800,44559832,43831121,34506666,15451646,8532536
prevent_cvd_30yr_full,0.234 ± 0.001,0.201 ± 0.002,0.235 ± 0.002,0.252 ± 0.002,0.261 ± 0.002,0.277 ± 0.003,35929,8354,9918,8119,5108,4430,146693468,44511307,43760790,34455350,15446268,8519753
prevent_ascvd_10yr_base,0.063 ± 0.001,0.049 ± 0.001,0.061 ± 0.001,0.07 ± 0.001,0.075 ± 0.001,0.086 ± 0.002,36281,8416,10006,8205,5169,4485,147826135,44755965,44035536,34792547,15613002,8629086
prevent_ascvd_10yr_hba1c,0.062 ± 0.001,0.049 ± 0.001,0.06 ± 0.001,0.069 ± 0.001,0.074 ± 0.001,0.086 ± 0.002,36226,8406,9985,8192,5165,4478,147633082,44707439,43965205,34737626,15607624,8615188
prevent_ascvd_10yr_uacr,0.054 ± 0,0.042 ± 0.001,0.053 ± 0.001,0.06 ± 0.001,0.066 ± 0.001,0.078 ± 0.002,35982,8364,9939,8131,5112,4436,146881800,44559832,43831121,34506666,15451646,8532536
prevent_ascvd_10yr_full,0.053 ± 0,0.041 ± 0.001,0.052 ± 0.001,0.059 ± 0.001,0.065 ± 0.001,0.077 ± 0.002,35929,8354,9918,8119,5108,4430,146693468,44511307,43760790,34455350,15446268,8519753
prevent_ascvd_30yr_base,0.153 ± 0.001,0.13 ± 0.001,0.153 ± 0.001,0.166 ± 0.001,0.171 ± 0.002,0.181 ± 0.002,36281,8416,10006,8205,5169,4485,147826135,44755965,44035536,34792547,15613002,8629086
prevent_ascvd_30yr_hba1c,0.147 ± 0.001,0.126 ± 0.001,0.147 ± 0.001,0.159 ± 0.001,0.165 ± 0.002,0.175 ± 0.002,36226,8406,9985,8192,5165,4478,147633082,44707439,43965205,34737626,15607624,8615188
prevent_ascvd_30yr_uacr,0.142 ± 0.001,0.12 ± 0.001,0.142 ± 0.001,0.154 ± 0.001,0.16 ± 0.002,0.171 ± 0.002,35982,8364,9939,8131,5112,4436,146881800,44559832,43831121,34506666,15451646,8532536
prevent_ascvd_30yr_full,0.135 ± 0.001,0.115 ± 0.001,0.136 ± 0.001,0.147 ± 0.001,0.152 ± 0.001,0.163 ± 0.002,35929,8354,9918,8119,5108,4430,146693468,44511307,43760790,34455350,15446268,8519753
prevent_hf_10yr_base,0.08 ± 0.001,0.062 ± 0.001,0.079 ± 0.001,0.09 ± 0.001,0.093 ± 0.002,0.107 ± 0.002,36281,8416,10006,8205,5169,4485,147826135,44755965,44035536,34792547,15613002,8629086
prevent_hf_10yr_hba1c,0.082 ± 0.001,0.063 ± 0.001,0.081 ± 0.001,0.092 ± 0.001,0.097 ± 0.002,0.113 ± 0.002,36226,8406,9985,8192,5165,4478,147633082,44707439,43965205,34737626,15607624,8615188
prevent_hf_10yr_uacr,0.064 ± 0.001,0.048 ± 0.001,0.063 ± 0.001,0.072 ± 0.001,0.078 ± 0.002,0.092 ± 0.002,35982,8364,9939,8131,5112,4436,146881800,44559832,43831121,34506666,15451646,8532536
prevent_hf_10yr_full,0.066 ± 0.001,0.049 ± 0.001,0.065 ± 0.001,0.074 ± 0.001,0.081 ± 0.002,0.097 ± 0.002,35929,8354,9918,8119,5108,4430,146693468,44511307,43760790,34455350,15446268,8519753
prevent_hf_30yr_base,0.198 ± 0.001,0.169 ± 0.002,0.2 ± 0.002,0.215 ± 0.002,0.217 ± 0.002,0.227 ± 0.003,36281,8416,10006,8205,5169,4485,147826135,44755965,44035536,34792547,15613002,8629086
prevent_hf_30yr_hba1c,0.198 ± 0.001,0.169 ± 0.002,0.201 ± 0.002,0.215 ± 0.002,0.219 ± 0.002,0.23 ± 0.003,36226,8406,9985,8192,5165,4478,147633082,44707439,43965205,34737626,15607624,8615188
prevent_hf_30yr_uacr,0.171 ± 0.001,0.144 ± 0.002,0.174 ± 0.002,0.187 ± 0.002,0.192 ± 0.002,0.202 ± 0.003,35982,8364,9939,8131,5112,4436,146881800,44559832,43831121,34506666,15451646,8532536
prevent_hf_30yr_full,0.169 ± 0.001,0.141 ± 0.002,0.172 ± 0.002,0.184 ± 0.002,0.19 ± 0.002,0.201 ± 0.003,35929,8354,9918,8119,5108,4430,146693468,44511307,43760790,34455350,15446268,8519753
prevent_chd_10yr_base,0.036 ± 0,0.028 ± 0,0.035 ± 0,0.04 ± 0.001,0.044 ± 0.001,0.052 ± 0.001,36281,8416,10006,8205,5169,4485,147826135,44755965,44035536,34792547,15613002,8629086
prevent_chd_10yr_hba1c,0.035 ± 0,0.027 ± 0,0.034 ± 0,0.039 ± 0.001,0.043 ± 0.001,0.051 ± 0.001,36226,8406,9985,8192,5165,4478,147633082,44707439,43965205,34737626,15607624,8615188
prevent_chd_10yr_uacr,0.031 ± 0,0.023 ± 0,0.03 ± 0,0.034 ± 0.001,0.038 ± 0.001,0.046 ± 0.001,35982,8364,9939,8131,5112,4436,146881800,44559832,43831121,34506666,15451646,8532536
prevent_chd_10yr_full,0.03 ± 0,0.022 ± 0,0.029 ± 0,0.033 ± 0.001,0.037 ± 0.001,0.046 ± 0.001,35929,8354,9918,8119,5108,4430,146693468,44511307,43760790,34455350,15446268,8519753
prevent_chd_30yr_base,0.091 ± 0.001,0.076 ± 0.001,0.091 ± 0.001,0.1 ± 0.001,0.104 ± 0.001,0.112 ± 0.002,36281,8416,10006,8205,5169,4485,147826135,44755965,44035536,34792547,15613002,8629086
prevent_chd_30yr_hba1c,0.085 ± 0.001,0.071 ± 0.001,0.085 ± 0.001,0.094 ± 0.001,0.098 ± 0.001,0.106 ± 0.002,36226,8406,9985,8192,5165,4478,147633082,44707439,43965205,34737626,15607624,8615188
prevent_chd_30yr_uacr,0.084 ± 0.001,0.069 ± 0.001,0.084 ± 0.001,0.092 ± 0.001,0.097 ± 0.001,0.105 ± 0.002,35982,8364,9939,8131,5112,4436,146881800,44559832,43831121,34506666,15451646,8532536
prevent_chd_30yr_full,0.077 ± 0.001,0.063 ± 0.001,0.077 ± 0.001,0.084 ± 0.001,0.089 ± 0.001,0.098 ± 0.001,35929,8354,9918,8119,5108,4430,146693468,44511307,43760790,34455350,15446268,8519753
prevent_stroke_10yr_base,0.032 ± 0,0.025 ± 0,0.031 ± 0,0.035 ± 0,0.038 ± 0.001,0.043 ± 0.001,36281,8416,10006,8205,5169,4485,147826135,44755965,44035536,34792547,15613002,8629086
prevent_stroke_10yr_hba1c,0.032 ± 0,0.025 ± 0,0.031 ± 0,0.035 ± 0,0.038 ± 0.001,0.043 ± 0.001,36226,8406,9985,8192,5165,4478,147633082,44707439,43965205,34737626,15607624,8615188
prevent_stroke_10yr_uacr,0.028 ± 0,0.021 ± 0,0.027 ± 0,0.031 ± 0,0.034 ± 0.001,0.039 ± 0.001,35982,8364,9939,8131,5112,4436,146881800,44559832,43831121,34506666,15451646,8532536
prevent_stroke_10yr_full,0.028 ± 0,0.022 ± 0,0.028 ± 0,0.031 ± 0,0.034 ± 0.001,0.04 ± 0.001,35929,8354,9918,8119,5108,4430,146693468,44511307,43760790,34455350,15446268,8519753
prevent_stroke_30yr_base,0.08 ± 0,0.068 ± 0.001,0.08 ± 0.001,0.086 ± 0.001,0.089 ± 0.001,0.093 ± 0.001,36281,8416,10006,8205,5169,4485,147826135,44755965,44035536,34792547,15613002,8629086
prevent_stroke_30yr_hba1c,0.079 ± 0,0.068 ± 0.001,0.079 ± 0.001,0.085 ± 0.001,0.087 ± 0.001,0.091 ± 0.001,36226,8406,9985,8192,5165,4478,147633082,44707439,43965205,34737626,15607624,8615188
prevent_stroke_30yr_uacr,0.075 ± 0,0.063 ± 0.001,0.075 ± 0.001,0.081 ± 0.001,0.084 ± 0.001,0.089 ± 0.001,35982,8364,9939,8131,5112,4436,146881800,44559832,43831121,34506666,15451646,8532536
prevent_stroke_30yr_full,0.075 ± 0,0.064 ± 0.001,0.075 ± 0.001,0.08 ± 0.001,0.083 ± 0.001,0.087 ± 0.001,35929,8354,9918,8119,5108,4430,146693468,44511307,43760790,34455350,15446268,8519753
taste_mouth_quinine_glms,51.763 ± 0.602,47.918 ± 0.986,52.784 ± 1.009,53.808 ± 1.377,56.113 ± 1.304,53.703 ± 2.253,3113,844,917,711,414,227,129382158,42919250,40215128,28234682,12996030,5017068
taste_mouth_nacl_1M_glms,51.326 ± 0.694,48.419 ± 0.899,51.946 ± 0.873,52.415 ± 1.218,55.512 ± 2.035,53.867 ± 1.504,3216,864,947,736,428,241,132557141,43617579,41032589,29133014,13341684,5432275
taste_mouth_nacl_320mM_glms,32.341 ± 0.448,30.297 ± 0.607,31.459 ± 0.634,33.745 ± 1.095,37.602 ± 1.132,34.997 ± 1.689,3217,866,947,735,428,241,132549730,43672170,41037986,29065615,13341684,5432275
smell_pst_total,5.939 ± 0.052,6.061 ± 0.053,6.003 ± 0.064,5.921 ± 0.064,5.725 ± 0.119,5.3 ± 0.098,3516,912,1000,791,476,337,140497093,45244492,42885208,30773169,14362203,7232020
smell_dysfun_any,"","","","","","",,,,,,,,,,,,
 0,71.873 (1.897),76.543 (2.035),74.195 (2.249),70.646 (2.7),64.585 (3.505),48.566 (3.446),2310,652,712,502,290,154,100830150,34552672,31774936,21740128,9261400,3501014
 1,28.127 (1.897),23.457 (2.035),25.805 (2.249),29.354 (2.7),35.415 (3.505),51.434 (3.446),1197,257,286,289,184,181,39459489,10589136,11051027,9033042,5078558,3707725
smell_dysfun_severe,"","","","","","",,,,,,,,,,,,
 0,95.765 (0.477),96.691 (0.63),96.477 (0.596),95.713 (0.803),93.645 (1.564),90.183 (1.514),3296,867,955,739,440,295,134547068,43747239,41374269,29454016,13449489,6522054
 1,4.235 (0.477),3.309 (0.63),3.523 (0.596),4.287 (0.803),6.355 (1.564),9.817 (1.514),220,45,45,52,36,42,5950025,1497253,1510939,1319153,912714,709966
tastechange_sweet_worse,"","","","","","",,,,,,,,,,,,
 0,95.972 (0.288),96.461 (0.457),95.092 (0.766),97.289 (0.717),94.25 (0.79),96.199 (0.89),7096,1748,1912,1606,1014,816,138350026,43460615,40963374,30422230,14934972,8568835
 1,4.028 (0.288),3.539 (0.457),4.908 (0.766),2.711 (0.717),5.75 (0.79),3.801 (0.89),292,64,96,48,53,31,5806193,1594558,2114137,847856,911094,338548
tastechange_salt_worse,"","","","","","",,,,,,,,,,,,
 0,95.169 (0.337),96.806 (0.55),94.493 (0.752),95.394 (0.831),92.584 (1.044),93.984 (1.253),6980,1739,1894,1561,988,798,137027572,43501087,40667835,29827438,14674949,8356264
 1,4.831 (0.337),3.194 (0.55),5.507 (0.752),4.606 (0.831),7.416 (1.044),6.016 (1.253),400,70,111,93,78,48,6955945,1435347,2369944,1440259,1175531,534864
tastechange_bitter_worse,"","","","","","",,,,,,,,,,,,
 0,96.096 (0.306),96.771 (0.49),95.713 (0.61),96.647 (0.674),94.138 (1.003),96.048 (0.652),7064,1747,1914,1594,1004,805,138075564,43585373,40980403,30186059,14817140,8506589
 1,3.904 (0.306),3.229 (0.49),4.287 (0.61),3.353 (0.674),5.862 (1.003),3.952 (0.652),296,63,85,56,55,37,5609918,1454403,1835501,1047312,922724,349978
tastechange_sour_worse,"","","","","","",,,,,,,,,,,,
 0,95.957 (0.379),96.87 (0.561),95.769 (0.722),95.907 (0.707),94.635 (0.808),94.782 (1.033),7059,1747,1917,1581,1011,803,138198210,43533220,41305177,29970001,14993125,8396687
 1,4.043 (0.379),3.13 (0.561),4.231 (0.722),4.093 (0.707),5.365 (0.808),5.218 (1.033),319,61,90,71,55,42,5822761,1406473,1824845,1279174,850014,462255
ndi_mortstat,"","","","","","",,,,,,,,,,,,
 0,87.57 (0.281),92.665 (0.345),89.706 (0.328),85.803 (0.471),82.096 (0.686),73.644 (1.044),44099,9186,12525,10447,7383,4558,194297145,54016993,60944363,45978583,23151768,10205438
 1,12.43 (0.281),7.335 (0.345),10.294 (0.328),14.197 (0.471),17.904 (0.686),26.356 (1.044),9046,1169,1933,2235,1772,1937,27578423,4275691,6993380,7607832,5049085,3652435
ndi_mortstat_hd,"","","","","","",,,,,,,,,,,,
 0,75.515 (0.656),77.308 (1.928),76.333 (1.4),76.006 (1.214),74.358 (1.348),72.43 (1.402),6695,873,1439,1669,1303,1411,20823690,3305432,5338227,5780158,3754416,2645457
 1,24.485 (0.656),22.692 (1.928),23.667 (1.4),23.994 (1.214),25.642 (1.348),27.57 (1.402),2349,296,494,564,469,526,6751730,970258,1655153,1824671,1294669,1006978
ndi_mortstat_cbvd,"","","","","","",,,,,,,,,,,,
 0,94.882 (0.275),93.229 (0.959),95.594 (0.572),95.525 (0.561),94.925 (0.654),94.056 (0.753),8529,1095,1832,2118,1678,1806,26164105,3986196,6685224,7264507,4792851,3435327
 1,5.118 (0.275),6.771 (0.959),4.406 (0.572),4.475 (0.561),5.075 (0.654),5.944 (0.753),515,74,101,115,94,131,1411315,289495,308156,340322,256234,217108
ndi_mortstat_cvd,"","","","","","",,,,,,,,,,,,
 0,96.321 (0.137),97.839 (0.187),97.11 (0.182),95.96 (0.242),94.501 (0.363),91.167 (0.555),50281,9985,13863,12003,8592,5838,213712523,57032931,65974433,51421422,26649950,12633787
 1,3.679 (0.137),2.161 (0.187),2.89 (0.182),4.04 (0.242),5.499 (0.363),8.833 (0.555),2864,370,595,679,563,657,8163045,1259753,1963310,2164993,1550903,1224086
ndi_mortstat_diab,"","","","","","",,,,,,,,,,,,
 0,96.52 (0.271),97.341 (0.623),97.202 (0.501),96.304 (0.603),95.651 (0.51),95.9 (0.644),8721,1139,1876,2164,1691,1851,26615704,4162017,6797727,7323756,4829506,3502698
 1,3.48 (0.271),2.659 (0.623),2.798 (0.501),3.696 (0.603),4.349 (0.51),4.1 (0.644),323,30,57,69,81,86,959716,113674,195653,281073,219579,149737
ndi_mortstat_diab_any,"","","","","","",,,,,,,,,,,,
 0,89.335 (0.494),93.154 (0.857),90.743 (0.873),89.168 (1.024),87.081 (1.019),85.632 (1.151),8006,1075,1754,2006,1530,1641,24634499,3982962,6345993,6781097,4396809,3127637
 1,10.665 (0.494),6.846 (0.857),9.257 (0.873),10.832 (1.024),12.919 (1.019),14.368 (1.151),1038,94,179,227,242,296,2940921,292728,647387,823732,652276,524798
