Intersect,Variable,Level,Var2_level,mean_30to39y,mean_40to64y,mean_over65y,mean_under30y,se_30to39y,se_40to64y,se_over65y,se_under30y,teststat,teststat_val,P_value
agecatXeduc,inc_to_pov,0,9-11th grade,0,0,0,0,0.0202333769429885,0.01012611020839,0.0101235564115159,0.0101213899916339,"F(19, 144)",472.759176770275,1.40360249163265e-119
agecatXeduc,inc_to_pov,0,College graduate or above,0,0,0,0,0.0227837479688775,0.0633031709788094,,0.0278242611862393,"F(19, 144)",472.759176770275,1.40360249163265e-119
agecatXeduc,inc_to_pov,0,HS graduate or GED,0,0,0,0,0.0126576377604875,0.020257014713219,0.0151927610349143,0.0101285073566095,"F(19, 144)",472.759176770275,1.40360249163265e-119
agecatXeduc,inc_to_pov,0,Less than 9th grade,0,0,0,0,0.0125779310901305,0.00506013128864315,0.0126563854135169,0.0250567669646316,"F(19, 144)",472.759176770275,1.40360249163265e-119
agecatXeduc,inc_to_pov,0,Some college or AA degree,0,0,0,0,0.0126600497034589,0.020257014713219,0.0303753249924405,0.00759638051745713,"F(19, 144)",472.759176770275,1.40360249163265e-119
agecatXeduc,inc_to_pov,0.05,9-11th grade,0.25,0.28,0.66,0.11,0.0328792375323563,0.0354413857293651,0.0151853346172738,0.0227731274811762,"F(19, 144)",472.759176770275,1.40360249163265e-119
agecatXeduc,inc_to_pov,0.05,College graduate or above,1.27,1.38,1.26,0.65,0.0683512439066326,0.060771044139657,0.0430359683856576,0.0935906967173505,"F(19, 144)",472.759176770275,1.40360249163265e-119
agecatXeduc,inc_to_pov,0.05,HS graduate or GED,0.43,0.57,0.82,0.27,0.0354413857293651,0.0303855220698285,0.0253212683915238,0.0253212683915238,"F(19, 144)",472.759176770275,1.40360249163265e-119
agecatXeduc,inc_to_pov,0.05,Less than 9th grade,0.11,0.22,0.42,0.1,0.0452805519244698,0.0404810503091452,0.020250216661627,0.0501135339292632,"F(19, 144)",472.759176770275,1.40360249163265e-119
agecatXeduc,inc_to_pov,0.05,Some college or AA degree,0.62,0.74,0.9,0.27,0.0303841192883013,0.0227891415523714,0.0329066020751439,0.0354497757481333,"F(19, 144)",472.759176770275,1.40360249163265e-119
agecatXeduc,inc_to_pov,0.25,9-11th grade,0.82,0.94,1.14,0.67,0.0328792375323563,0.0278468030730726,0.0278397801316686,0.0202427799832678,"F(19, 144)",472.759176770275,1.40360249163265e-119
agecatXeduc,inc_to_pov,0.25,College graduate or above,3.25,3.78,2.91,2.12,0.126576377604875,0.0759638051745713,0.0987295745318026,0.101179131586325,"F(19, 144)",472.759176770275,1.40360249163265e-119
agecatXeduc,inc_to_pov,0.25,HS graduate or GED,1.13,1.51,1.49,0.97,0.035441385729365,0.0633031709788094,0.0354497757481333,0.040514029426438,"F(19, 144)",472.759176770275,1.40360249163265e-119
agecatXeduc,inc_to_pov,0.25,Less than 9th grade,0.6,0.77,0.87,0.62,0.0327026208343393,0.0227705907988942,0.0253127708270338,0.0451021805363368,"F(19, 144)",472.759176770275,1.40360249163265e-119
agecatXeduc,inc_to_pov,0.25,Some college or AA degree,1.53,1.99,1.79,1.11,0.0531722087545273,0.0531746636221999,0.0430317104059574,0.0683674246571141,"F(19, 144)",472.759176770275,1.40360249163265e-119
agecatXeduc,inc_to_pov,0.5,9-11th grade,1.41,1.64,1.7,1.2,0.0556417865932183,0.0632881888024376,0.0480868929547004,0.0379552124686271,"F(19, 144)",472.759176770275,1.40360249163265e-119
agecatXeduc,inc_to_pov,0.5,College graduate or above,4.99,5,4.75,3.7,0.0506305510419501,0,0.139234015365363,0.113826523034616,"F(19, 144)",472.759176770275,1.40360249163265e-119
agecatXeduc,inc_to_pov,0.5,HS graduate or GED,2.07,2.94,2.25,1.79,0.0658197163545352,0.081028058852876,0.0430461562655904,0.0531746636221999,"F(19, 144)",472.759176770275,1.40360249163265e-119
agecatXeduc,inc_to_pov,0.5,Less than 9th grade,1.01,1.26,1.25,1.05,0.050311724360522,0.0328908533761805,0.0329066020751439,0.062641917411579,"F(19, 144)",472.759176770275,1.40360249163265e-119
agecatXeduc,inc_to_pov,0.5,Some college or AA degree,2.64,3.62,2.79,2.18,0.0557042186952191,0.0683674246571141,0.0784695895638047,0.0962208198877904,"F(19, 144)",472.759176770275,1.40360249163265e-119
agecatXeduc,inc_to_pov,0.75,9-11th grade,2.51,3.13,2.78,2.27,0.126458605893678,0.136702487813265,0.12148267693819,0.103744247414247,"F(19, 144)",472.759176770275,1.40360249163265e-119
agecatXeduc,inc_to_pov,0.75,College graduate or above,5,5,5,5,0,0,0,0,"F(19, 144)",472.759176770275,1.40360249163265e-119
agecatXeduc,inc_to_pov,0.75,HS graduate or GED,3.3,4.7,3.36,3.36,0.1012611020839,0.101285073566095,0.0936886930486378,0.0911565662094855,"F(19, 144)",472.759176770275,1.40360249163265e-119
agecatXeduc,inc_to_pov,0.75,Less than 9th grade,1.6,2.12,1.98,1.73,0.0880455176309134,0.0885522975512551,0.0607506499848811,0.130295188216084,"F(19, 144)",472.759176770275,1.40360249163265e-119
agecatXeduc,inc_to_pov,0.75,Some college or AA degree,4.13,5,4.39,3.88,0.0784923081614451,0,0.118970022887059,0.0987529467269427,"F(19, 144)",472.759176770275,1.40360249163265e-119
agecatXeduc,inc_to_pov,0.95,9-11th grade,4.55,5,5,5,0.189687908840517,0,0,0,"F(19, 144)",472.759176770275,1.40360249163265e-119
agecatXeduc,inc_to_pov,0.95,College graduate or above,5,5,5,5,0,0,0,0,"F(19, 144)",472.759176770275,1.40360249163265e-119
agecatXeduc,inc_to_pov,0.95,HS graduate or GED,5,5,5,5,0,0,0,0,"F(19, 144)",472.759176770275,1.40360249163265e-119
agecatXeduc,inc_to_pov,0.95,Less than 9th grade,3.12,4.18,4.13,3.98,0.61883420963442,0.164454266880903,0.18731450412005,0.546237519828969,"F(19, 144)",472.759176770275,1.40360249163265e-119
agecatXeduc,inc_to_pov,0.95,Some college or AA degree,5,5,5,5,0,0,0,0,"F(19, 144)",472.759176770275,1.40360249163265e-119
agecatXeduc,inc_to_pov,1,9-11th grade,5,5,5,5,0,0,0,0,"F(19, 144)",472.759176770275,1.40360249163265e-119
agecatXeduc,inc_to_pov,1,College graduate or above,5,5,5,5,0,0,0,0,"F(19, 144)",472.759176770275,1.40360249163265e-119
agecatXeduc,inc_to_pov,1,HS graduate or GED,5,5,5,5,0,0,0,0,"F(19, 144)",472.759176770275,1.40360249163265e-119
agecatXeduc,inc_to_pov,1,Less than 9th grade,5,5,5,5,0,0,0,0,"F(19, 144)",472.759176770275,1.40360249163265e-119
agecatXeduc,inc_to_pov,1,Some college or AA degree,5,5,5,5,0,0,0,0,"F(19, 144)",472.759176770275,1.40360249163265e-119
