Variable,Total,under30y,30to39y,40to64y,over65y,n_raw_Total,n_raw_under30y,n_raw_30to39y,n_raw_40to64y,n_raw_over65y,n_weight_Total,n_weight_under30y,n_weight_30to39y,n_weight_40to64y,n_weight_over65y
Years,"","","","","",,,,,,,,,,
 1999-2000,8.018 (0.343),8.179 (0.62),9.665 (0.645),7.4 (0.306),7.639 (0.475),5448,1439,824,1793,1392,18147427,3973288,3946271,7167403,3060465
 2001-2002,9.157 (0.369),9.22 (0.469),9.716 (0.621),9.325 (0.503),8.104 (0.599),5993,1600,907,2023,1463,20724316,4478870,3967145,9031683,3246617
 2003-2004,8.897 (0.582),9.092 (0.784),9.491 (0.542),8.802 (0.645),8.286 (0.761),5620,1489,832,1805,1494,20136647,4416411,3875506,8525333,3319398
 2005-2006,9.074 (0.519),9.212 (0.597),9.235 (0.641),9.164 (0.647),8.527 (0.921),5563,1651,856,1867,1189,20537780,4474880,3770883,8876165,3415852
 2007-2008,9.297 (0.493),9.531 (0.696),9.166 (0.51),9.567 (0.625),8.493 (0.524),6228,1191,1012,2469,1556,21041539,4630008,3742595,9266506,3402429
 2009-2010,9.431 (0.473),9.508 (0.447),9.088 (0.478),9.668 (0.562),9.112 (0.728),6527,1350,1042,2612,1523,21343713,4618798,3710936,9363444,3650534
 2011-2012,9.671 (0.549),9.703 (0.869),9.075 (0.622),10.054 (0.812),9.312 (0.857),5864,1298,963,2353,1250,21887032,4713502,3705497,9737698,3730335
 2013-2014,9.905 (0.492),9.986 (0.548),9.256 (0.613),10.06 (0.6),10.092 (0.582),6113,1300,998,2509,1306,22416470,4850697,3779441,9743130,4043202
 2015-2016,10.021 (0.505),9.629 (0.487),9.516 (0.622),9.912 (0.58),11.275 (0.919),5992,1247,979,2388,1378,22680627,4677538,3885507,9600596,4516987
 2017-2020,16.529 (0.631),15.939 (0.975),15.792 (0.689),16.047 (0.715),19.16 (1.093),9693,1839,1421,4022,2411,37409162,7742434,6448396,15542655,7675676
gender,"","","","","",,,,,,,,,,
 Female,51.827 (0.216),49.643 (0.483),50.777 (0.549),51.461 (0.347),56.431 (0.422),32614,7555,5198,12224,7637,117298081,24114796,20733553,49842700,22607032
 Male,48.173 (0.216),50.357 (0.483),49.223 (0.549),48.539 (0.347),43.569 (0.422),30427,6849,4636,11617,7325,109026632,24461632,20098625,47011911,17454464
age_4lvl,"","","","","",,,,,,,,,,
 under30y,21.463 (0.38),100 (0),0 (0),0 (0),0 (0),14404,14404,,,,48576427,48576427,,,
 30to39y,18.041 (0.282),0 (0),100 (0),0 (0),0 (0),9834,,9834,,,40832178,,40832178,,
 40to64y,42.795 (0.351),0 (0),0 (0),100 (0),0 (0),23841,,,23841,,96854612,,,96854612,
 over65y,17.701 (0.319),0 (0),0 (0),0 (0),100 (0),14962,,,,14962,40061496,,,,40061496
racethn_combn,"","","","","",,,,,,,,,,
 Mexican-American,8.311 (0.514),12.769 (0.781),11.309 (0.656),6.851 (0.476),3.381 (0.359),11154,3404,1808,4145,1797,18809905,6202600,4617622,6635282,1354402
 NHAsian,2.59 (0.22),2.652 (0.254),3.069 (0.302),2.56 (0.229),2.097 (0.234),3431,739,633,1541,518,5860870,1288189,1252989,2479682,840009
 NHB,11.387 (0.567),13.388 (0.715),12.25 (0.618),11.33 (0.587),8.222 (0.535),13873,3429,2042,5716,2686,25772417,6503635,5001837,10973155,3293789
 NHW,67.285 (1.017),58.306 (1.18),60.443 (1.238),69.564 (1.047),79.633 (0.93),26758,4900,3990,9348,8520,152281521,28323111,24680017,67376275,31902119
 Other Hispanic,5.864 (0.428),7.395 (0.524),7.614 (0.619),5.25 (0.402),3.711 (0.428),5252,1187,866,2173,1026,13272810,3592043,3108970,5085232,1486565
 Other/Multi-Racial,1.577 (0.094),1.84 (0.163),1.727 (0.182),1.455 (0.144),1.401 (0.179),1061,309,200,379,173,3569298,893788,705027,1409184,561300
 Other/Multi-Racial/NHAsian,2.986 (0.19),3.65 (0.312),3.59 (0.321),2.99 (0.226),1.556 (0.172),1512,436,295,539,242,6757892,1773061,1465716,2895801,623313
educ_level,"","","","","",,,,,,,,,,
 College graduate or above,27.148 (0.683),18.842 (0.811),32.415 (1.079),30.39 (0.799),23.773 (0.892),12643,1793,2689,5528,2633,61076993,8936338,13225247,29415698,9499711
 Some college or AA degree,30.581 (0.35),35.825 (0.896),30.174 (0.667),30.07 (0.485),26.008 (0.601),17458,4524,2861,6688,3385,68800582,16991025,12310778,29106176,10392603
 HS graduate or GED,24.594 (0.395),27.449 (0.758),21.278 (0.682),23.74 (0.489),26.657 (0.635),14923,3827,2139,5378,3579,55331323,13018650,8681391,22979274,10652007
 9-11th grade,11.829 (0.3),14.691 (0.482),11.203 (0.46),10.382 (0.362),12.575 (0.486),10206,3088,1400,3448,2270,26612561,6967785,4570591,10049398,5024787
 Less than 9th grade,5.849 (0.198),3.193 (0.223),4.93 (0.299),5.417 (0.245),10.988 (0.466),7224,698,737,2773,3016,13159535,1514481,2011334,5243041,4390679
inc_to_pov,2.974 ± 0.026,2.443 ± 0.037,2.921 ± 0.034,3.318 ± 0.031,2.835 ± 0.035,56637,13008,8998,21487,13144,208555160,44717503,37949519,89788302,36099836
inc_to_pov_level,"","","","","",,,,,,,,,,
 High income,35.906 (0.718),23.77 (0.809),34.322 (1.062),45.185 (0.921),29.527 (0.99),14227,2184,2414,6861,2768,74884607,10629451,13024851,40571287,10659018
 Middle income,49.403 (0.587),52.059 (0.851),50.806 (0.963),43.23 (0.781),59.99 (0.924),30021,6689,4675,10554,8103,103031702,23279657,19280516,38815256,21656274
 Low income,14.691 (0.408),24.17 (0.888),14.873 (0.49),11.585 (0.443),10.484 (0.491),12389,4135,1909,4072,2273,30638851,10808395,5644152,10401759,3784544
employ_status,"","","","","",,,,,,,,,,
 Full-time employed,53.058 (0.416),54.964 (0.818),69.737 (0.553),63.16 (0.564),9.307 (0.454),28119,6831,6473,13614,1201,120038819,26689746,28457302,61165537,3726234
 Part-time employed,10.362 (0.215),16.419 (0.503),8.701 (0.322),8.899 (0.282),8.246 (0.317),6324,2474,881,1983,986,23443074,7972767,3550623,8618400,3301283
 Student,2.138 (0.142),8.692 (0.579),0.77 (0.105),0.289 (0.04),0.056 (0.021),1801,1601,98,91,11,4836746,4220661,314011,279854,22220
 Unemployed,34.443 (0.42),19.925 (0.607),20.792 (0.494),27.651 (0.54),82.391 (0.56),26751,3492,2374,8145,12740,77923567,9675456,8484447,26778081,32985583
foodinsecure,"","","","","",,,,,,,,,,
 0,85.377 (0.364),80.396 (0.588),81.756 (0.623),86.248 (0.449),92.72 (0.421),40253,8354,6036,15446,10417,192826748,38741058,32391549,83990276,37703866
 1,14.623 (0.364),19.604 (0.588),18.244 (0.623),13.752 (0.449),7.28 (0.421),9824,2630,1845,4018,1331,33027620,9446771,7228327,13392158,2960363
smoke_status,"","","","","",,,,,,,,,,
 Current smoker,21.031 (0.363),25.483 (0.763),25.373 (0.686),22.312 (0.484),8.667 (0.324),12179,2562,2489,5646,1482,46493823,11072038,10353777,21600650,3467358
 Former smoker,24.579 (0.333),11.587 (0.535),17.362 (0.508),26.409 (0.449),41.621 (0.588),14483,1111,1480,5813,6079,54338855,5034490,7084698,25567705,16651962
 Never smoker,54.39 (0.449),62.93 (0.919),57.265 (0.711),51.279 (0.559),49.712 (0.608),33083,7504,5857,12361,7361,120243732,27342126,23367994,49644376,19889236
alch_freq_wk,"","","","","",,,,,,,,,,
 Never drinker,11.878 (0.492),12.569 (0.764),9.533 (0.582),9.595 (0.423),19.76 (0.929),6784,1518,861,2251,2154,20780248,4746848,3124298,7287928,5621175
 Non-drinker,3.22 (0.18),0.942 (0.142),1.8 (0.196),3.161 (0.233),8.037 (0.641),1638,96,130,711,701,5633182,355669,589811,2401354,2286348
 Less than 1 per month,30.322 (0.447),29.765 (0.801),31.625 (0.793),31.184 (0.572),27.258 (0.752),13573,2931,2508,5612,2522,53046275,11240656,10364628,23686742,7754249
 Less than 1 per week,14.862 (0.293),19.374 (0.635),17.452 (0.584),13.429 (0.401),9.71 (0.517),5958,1727,1211,2205,815,25999624,7316729,5719742,10200780,2762372
 1-2 per week,13.406 (0.316),15.896 (0.603),15.35 (0.644),13.022 (0.426),8.887 (0.427),5130,1244,1014,2101,771,23453227,6003059,5030780,9891180,2528207
 3-6 per week,20.505 (0.398),20.129 (0.775),21.19 (0.739),22.042 (0.526),16.109 (0.625),7266,1466,1372,3118,1310,35871986,7601893,6944732,16742597,4582764
 1 or more per day,5.808 (0.205),1.324 (0.165),3.05 (0.249),7.568 (0.303),10.239 (0.564),2346,111,219,1158,858,10160712,500113,999487,5748294,2912818
pa_level_mets,"","","","","",,,,,,,,,,
 High,39.09 (0.42),52.314 (0.822),42.628 (0.743),36.968 (0.501),24.567 (0.671),22207,6825,4115,8130,3137,88196471,25339677,17356332,35692693,9807769
 Low,42.208 (0.47),30.551 (0.689),38.476 (0.724),43.623 (0.592),56.733 (0.766),29785,5108,3960,11368,9349,95231524,14798052,15665832,42118485,22649154
 Moderate,18.703 (0.258),17.135 (0.494),18.895 (0.55),19.409 (0.398),18.7 (0.498),10813,2430,1721,4253,2409,42198062,8299679,7693411,18739724,7465249
genhealth,"","","","","",,,,,,,,,,
 Poor,3.219 (0.109),1.013 (0.114),1.519 (0.142),3.989 (0.195),5.76 (0.27),2906,161,194,1386,1165,7279734,491587,619594,3862748,2305805
 Fair,14.374 (0.261),9.905 (0.35),12.322 (0.369),15.614 (0.38),18.879 (0.519),11930,1670,1411,5158,3691,32508387,4805637,5026227,15118501,7558021
 Good,33.797 (0.314),33.533 (0.624),33.224 (0.658),33.664 (0.406),35.021 (0.56),22131,5000,3452,8440,5239,76437213,16268793,13552556,32595369,14020495
 Very good,31.498 (0.371),34.862 (0.649),33.025 (0.638),30.726 (0.522),27.733 (0.563),16603,4589,2867,5796,3351,71238337,16913348,13471416,29750798,11102775
 Excellent,17.113 (0.281),20.687 (0.553),19.91 (0.57),16.006 (0.394),12.608 (0.504),9420,2973,1900,3049,1498,38703444,10036429,8121417,15498139,5047459
income_hh,"","","","","",,,,,,,,,,
" $0-$4,999",1.613 (0.099),2.963 (0.301),1.523 (0.158),1.287 (0.11),0.83 (0.097),1207,503,156,390,158,3359047,1325461,580766,1161087,291732
" $5,000-$9,999",3.393 (0.154),4.444 (0.333),2.321 (0.187),2.632 (0.152),5.168 (0.393),2556,649,248,798,861,7065772,1987945,885460,2375043,1817324
" $10,000-$14,999",5.56 (0.203),5.766 (0.389),3.872 (0.277),4.473 (0.224),9.916 (0.539),3998,813,419,1271,1495,11579291,2579294,1476953,4036208,3486836
" $15,000-$19,999",5.606 (0.172),7.021 (0.432),4.266 (0.239),4.388 (0.227),8.386 (0.371),3808,958,446,1197,1207,11675727,3140619,1626969,3959491,2948650
" Under $20,000",0.516 (0.043),0.569 (0.093),0.347 (0.074),0.37 (0.056),1.005 (0.119),437,118,46,123,150,1073969,254352,132409,333935,353274
" Over $20,000",1.577 (0.123),1.861 (0.205),1.472 (0.223),1.486 (0.159),1.559 (0.153),883,217,120,345,201,3283475,832541,561616,1341081,548237
" $20,000-$24,999",6.551 (0.205),7.355 (0.374),6.325 (0.361),5.14 (0.268),9.393 (0.368),4065,964,610,1358,1133,13643240,3289988,2412347,4637939,3302966
" $25,000-$34,999",10.895 (0.272),12.553 (0.557),10.77 (0.459),8.542 (0.349),14.958 (0.545),6203,1557,991,2022,1633,22690323,5615162,4107874,7707418,5259869
" $35,000-$44,999",9.713 (0.269),9.853 (0.426),10.062 (0.469),8.78 (0.369),11.55 (0.481),4915,1163,819,1729,1204,20228812,4407277,3837976,7922197,4061363
" $45,000-$54,999",9.131 (0.227),9.426 (0.511),10.109 (0.49),8.581 (0.309),9.103 (0.531),4131,991,747,1502,891,19015625,4216185,3855800,7742618,3201022
" $55,000-$64,999",7.089 (0.223),6.737 (0.376),7.628 (0.421),7.731 (0.367),5.305 (0.368),3012,728,531,1232,521,14763692,3013684,2909596,6975127,1865285
" $65,000-$74,999",6.219 (0.253),6.009 (0.433),6.645 (0.465),6.729 (0.338),4.713 (0.382),2420,562,455,1003,400,12951268,2687796,2534688,6071389,1657395
" Over $75,000",11.22 (0.491),8.63 (0.437),12.999 (0.782),14.457 (0.772),4.278 (0.393),4061,933,833,1818,477,23366769,3860028,4958162,13044270,1504309
" $75,000-$99,999",6.764 (0.268),6.005 (0.475),8.193 (0.508),7.282 (0.373),4.85 (0.385),2610,506,562,1137,405,14086909,2686041,3124943,6570453,1705472
" Over $100,000",14.155 (0.717),10.807 (0.737),13.467 (0.902),18.12 (0.959),8.986 (0.71),4585,794,858,2322,611,29479310,4834043,5136708,16348891,3159668
income_fam,"","","","","",,,,,,,,,,
" $0-$4,999",2.987 (0.174),6.739 (0.61),2.384 (0.178),2.103 (0.164),1.106 (0.117),2110,1031,245,604,230,6364905,3101006,929160,1935782,398957
" $5,000-$9,999",4.426 (0.195),6.532 (0.415),3.004 (0.217),3.478 (0.191),5.695 (0.387),3194,920,315,991,968,9431010,3005695,1170597,3201434,2053285
" $10,000-$14,999",6.599 (0.198),8.145 (0.398),4.878 (0.331),5.054 (0.221),10.431 (0.538),4649,1096,508,1446,1599,14062830,3748342,1900925,4652434,3761130
" $15,000-$19,999",5.885 (0.189),7.529 (0.362),5.084 (0.278),4.449 (0.238),8.319 (0.387),4034,1025,517,1256,1236,12541087,3464555,1981412,4095624,2999495
" Under $20,000",0.991 (0.073),1.11 (0.145),0.897 (0.129),0.734 (0.087),1.599 (0.156),794,209,97,223,265,2112817,510695,349500,675998,576624
" Over $20,000",2.024 (0.151),1.711 (0.2),1.798 (0.266),2.022 (0.174),2.673 (0.223),1071,214,132,401,324,4313232,787210,700765,1861571,963686
" $20,000-$24,999",7.055 (0.188),8.672 (0.382),7.088 (0.394),5.281 (0.246),9.485 (0.364),4384,1100,676,1429,1179,15034663,3990874,2762125,4861599,3420065
" $25,000-$34,999",10.893 (0.274),12.376 (0.552),11.287 (0.476),8.57 (0.36),14.504 (0.535),6096,1495,1005,1990,1606,23212054,5695152,4398760,7888586,5229556
" $35,000-$44,999",9.421 (0.27),9.27 (0.418),9.939 (0.491),8.626 (0.371),11.083 (0.461),4737,1076,811,1691,1159,20075649,4265906,3873176,7940542,3996025
" $45,000-$54,999",8.74 (0.222),8.194 (0.433),10.044 (0.519),8.353 (0.309),9.017 (0.536),3963,879,738,1471,875,18624772,3770611,3914262,7688757,3251141
" $55,000-$64,999",6.577 (0.197),5.563 (0.329),7.065 (0.412),7.458 (0.336),5.092 (0.347),2781,578,503,1190,510,14015145,2560003,2753477,6865640,1836025
" $65,000-$74,999",5.667 (0.24),5.038 (0.372),6.139 (0.455),6.345 (0.324),4.23 (0.372),2297,496,442,974,385,12076458,2318155,2392372,5840766,1525166
" Over $75,000",9.785 (0.451),5.985 (0.335),11.231 (0.701),13.453 (0.73),3.703 (0.381),3505,689,731,1689,396,20850855,2754373,4376977,12384190,1335315
" $75,000-$99,999",6.1 (0.25),4.319 (0.319),7.367 (0.458),7.044 (0.351),4.59 (0.376),2422,403,520,1106,393,12998188,1987676,2870850,6484558,1655105
" Over $100,000",12.85 (0.649),8.817 (0.584),11.795 (0.78),17.028 (0.894),8.473 (0.693),4253,667,773,2228,585,27383871,4057382,4596689,15674838,3054963
foodsecure_level,"","","","","",,,,,,,,,,
 Food secure,85.377 (0.364),80.396 (0.588),81.756 (0.623),86.248 (0.449),92.72 (0.421),40253,8354,6036,15446,10417,192826748,38741058,32391549,83990276,37703866
 Low food security,9.048 (0.263),12.286 (0.497),11.792 (0.508),8.153 (0.319),4.679 (0.309),6185,1681,1193,2441,870,20434781,5920401,4672104,7939778,1902499
 Very low food security,5.576 (0.203),7.318 (0.393),6.452 (0.363),5.599 (0.292),2.601 (0.227),3639,949,652,1577,461,12592839,3526370,2556223,5452381,1057865
uacr_level,"","","","","",,,,,,,,,,
 uacr_lt30,90.091 (0.184),94.078 (0.265),93.826 (0.324),91.012 (0.249),78.999 (0.511),50818,12566,8539,19808,9905,199351431,44547175,37576322,86866399,30361535
 uacr_30to100,6.418 (0.141),4.344 (0.227),4.151 (0.262),5.654 (0.186),13.235 (0.414),4559,627,405,1622,1905,14202216,2056963,1662316,5396520,5086417
 uacr_100to300,2.028 (0.087),1.114 (0.11),1.261 (0.147),1.865 (0.135),4.357 (0.23),1558,160,137,544,717,4486596,527285,505209,1779635,1674467
 uacr_gte300,1.463 (0.056),0.464 (0.079),0.762 (0.093),1.469 (0.087),3.409 (0.176),1284,72,94,502,616,3237353,219748,305022,1402330,1310253
ckd_gfr_level,"","","","","",,,,,,,,,,
 Stage 0,62.541 (0.436),90.606 (0.403),81.582 (0.632),58.528 (0.552),19.35 (0.582),34049,11582,7285,12746,2436,133544879,40681428,31518585,54063995,7280872
 Stage 2,31.242 (0.359),9.214 (0.392),17.844 (0.626),38.071 (0.508),54.523 (0.617),16987,1050,1424,7835,6678,66712809,4136834,6893929,35166888,20515158
 Stage 3a,4.192 (0.123),0.081 (0.042),0.446 (0.084),2.559 (0.154),16.952 (0.39),3011,8,37,658,2308,8950899,36199,172470,2363926,6378305
 Stage 3b,1.425 (0.056),0.035 (0.022),0.021 (0.011),0.411 (0.045),7.018 (0.279),1155,4,4,150,997,3043804,15759,8086,379406,2640552
 Stage 4,0.346 (0.025),0.012 (0.008),0.034 (0.019),0.137 (0.024),1.577 (0.121),322,2,4,58,258,738725,5302,13304,126703,593416
 Stage 5,0.061 (0.01),0.022 (0.016),0.015 (0.015),0.061 (0.016),0.154 (0.035),65,3,1,24,37,129501,9978,5799,55937,57788
 ESRD,0.193 (0.018),0.031 (0.013),0.057 (0.024),0.234 (0.033),0.426 (0.065),195,6,8,93,88,412392,14000,22159,215932,160302
fib4_cat,"","","","","",,,,,,,,,,
 High,2.494 (0.088),0.039 (0.011),0.221 (0.05),1.561 (0.111),10.069 (0.367),1914,10,25,429,1450,5301016,17591,84978,1436021,3762426
 Low,83.876 (0.33),99.447 (0.102),97.749 (0.196),76.47 (0.502),69.205 (0.648),45583,12546,8517,16005,8515,178281594,44457082,37599224,70367048,25858239
 Moderate,13.63 (0.292),0.514 (0.101),2.03 (0.193),21.97 (0.486),20.725 (0.563),8009,56,185,5035,2733,28971096,229752,780884,20216447,7744014
nfs_cat,"","","","","",,,,,,,,,,
 High,4.199 (0.099),0.129 (0.043),0.474 (0.07),3.269 (0.146),15.404 (0.369),3137,15,49,933,2140,8801496,57021,180704,2973287,5590485
 Low,70.189 (0.397),96.549 (0.225),89.66 (0.384),67.919 (0.532),23.286 (0.565),35356,11929,7633,13253,2541,147135007,42702269,34206551,61775160,8451027
 Moderate,25.612 (0.355),3.322 (0.217),9.866 (0.375),28.812 (0.498),61.311 (0.588),16056,517,962,7003,7574,53689845,1469230,3763967,26205279,22251370
smoke_current,"","","","","",,,,,,,,,,
 0,72.116 (0.477),71.177 (0.876),69.296 (0.79),69.681 (0.631),85.155 (0.544),33083,7504,5857,12361,7361,120243732,27342126,23367994,49644376,19889236
 1,27.884 (0.477),28.823 (0.876),30.704 (0.79),30.319 (0.631),14.845 (0.544),12179,2562,2489,5646,1482,46493823,11072038,10353777,21600650,3467358
smoke_ever,"","","","","",,,,,,,,,,
 0,54.39 (0.449),62.93 (0.919),57.265 (0.711),51.279 (0.559),49.712 (0.608),33083,7504,5857,12361,7361,120243732,27342126,23367994,49644376,19889236
 1,45.61 (0.449),37.07 (0.919),42.735 (0.711),48.721 (0.559),50.288 (0.608),26662,3673,3969,11459,7561,100832678,16106528,17438475,47168354,20119320
alch_drink_curr,"","","","","",,,,,,,,,,
 0,15.098 (0.503),13.511 (0.763),11.333 (0.6),12.756 (0.474),27.796 (0.994),8422,1614,991,2962,2855,26413430,5102516,3714109,9689282,7907523
 1,84.902 (0.503),86.489 (0.763),88.667 (0.6),87.244 (0.474),72.204 (0.994),34273,7479,6324,14194,6276,148531823,32662451,29059368,66269594,20540410
alch_drink_daily,"","","","","",,,,,,,,,,
 0,94.192 (0.205),98.676 (0.165),96.95 (0.249),92.432 (0.303),89.761 (0.564),40349,8982,7096,15998,8273,164784541,37264854,31773991,70210581,25535116
 1,5.808 (0.205),1.324 (0.165),3.05 (0.249),7.568 (0.303),10.239 (0.564),2346,111,219,1158,858,10160712,500113,999487,5748294,2912818
alch_drink_weekly,"","","","","",,,,,,,,,,
 0,60.281 (0.575),62.65 (0.98),60.41 (0.824),57.369 (0.689),64.764 (1.006),27953,6272,4710,10779,6192,105459329,23659902,19798479,43576804,18424144
 1,39.719 (0.575),37.35 (0.98),39.59 (0.824),42.631 (0.689),35.236 (1.006),14742,2821,2605,6377,2939,69485924,14105066,12974999,32382071,10023789
pa_total_mets_wk,2898.481 ± 44.247,4152.018 ± 83.267,3400.593 ± 93.771,2659.929 ± 56.099,1442.411 ± 44.661,62805,14363,9796,23751,14895,225626058,48437408,40715575,96550902,39922173
pa_meets_guidelines,"","","","","",,,,,,,,,,
 0,42.208 (0.47),30.551 (0.689),38.476 (0.724),43.623 (0.592),56.733 (0.766),29785,5108,3960,11368,9349,95231524,14798052,15665832,42118485,22649154
 1,57.792 (0.47),69.449 (0.689),61.524 (0.724),56.377 (0.592),43.267 (0.766),33020,9255,5836,12383,5546,130394534,33639355,25049743,54432417,17273019
hei2015_total,51.144 ± 0.186,47.049 ± 0.256,50.017 ± 0.304,51.999 ± 0.226,54.974 ± 0.273,35378,7380,5489,14401,8108,233785804,49860173,40874154,100063381,42988096
ahei_total,42.877 ± 0.159,40.013 ± 0.245,42.375 ± 0.293,43.663 ± 0.181,44.836 ± 0.212,35341,7365,5482,14389,8105,233539892,49713475,40841959,100004160,42980298
dii_total,2.323 ± 0.033,2.644 ± 0.05,2.173 ± 0.055,2.214 ± 0.041,2.348 ± 0.04,35341,7365,5482,14389,8105,233539892,49713475,40841959,100004160,42980298
dietsuppl_any,"","","","","",,,,,,,,,,
 0,70.711 (0.56),83.605 (0.554),78.676 (0.592),68.022 (0.745),53.459 (1.124),47124,12704,7962,16958,9500,160036136,40612259,32125309,65882046,21416523
 1,29.289 (0.56),16.395 (0.554),21.324 (0.592),31.978 (0.745),46.541 (1.124),15917,1700,1872,6883,5462,66288577,7964169,8706869,30972566,18644973
dietsuppl_num,1.262 ± 0.03,0.461 ± 0.018,0.713 ± 0.026,1.351 ± 0.039,2.503 ± 0.066,35485,7295,5658,14525,8007,220164208,46931558,37666713,95369329,40196607
addsalt_prep_often,"","","","","",,,,,,,,,,
 0,43.236 (0.447),41.016 (0.709),42.267 (0.8),42.493 (0.633),48.827 (0.808),28847,6432,4191,10348,7876,96588376,19743060,17117247,40739615,18988453
 1,56.764 (0.447),58.984 (0.709),57.733 (0.8),57.507 (0.633),51.173 (0.808),33222,7842,5555,13205,6620,126808189,28392067,23380208,55135071,19900844
addsalt_table_often,"","","","","",,,,,,,,,,
 0,65.895 (0.443),66.193 (0.623),67.039 (0.687),64.036 (0.616),68.866 (0.737),44336,9989,6820,16450,11077,149038605,32148232,27370905,61976605,27542863
 1,34.105 (0.443),33.807 (0.623),32.961 (0.687),35.964 (0.616),31.134 (0.737),18648,4412,3012,7374,3850,77135999,16419381,13457330,34807262,12452026
restaur_freq_gt2,"","","","","",,,,,,,,,,
 0,52.294 (0.503),40.644 (0.776),48.786 (0.812),53.175 (0.599),67.865 (0.83),36736,6416,5114,14184,11022,118305378,19732009,19916348,51483543,27173478
 1,47.706 (0.503),59.356 (0.776),51.214 (0.812),46.825 (0.599),32.135 (0.83),26245,7977,4717,9639,3912,107926604,28815820,20907706,45336165,12866913
govtmeal_any,"",,,"","",,,,,,,,,,
 0,97.121 (0.158),,,98.619 (0.211),96.544 (0.192),19529,,,5283,14246,53871585,,,15203567,38668018
 1,2.879 (0.158),,,1.381 (0.211),3.456 (0.192),807,,,110,697,1597020,,,212863,1384156
foodinsecure,"","","","","",,,,,,,,,,
 0,85.377 (0.364),80.396 (0.588),81.756 (0.623),86.248 (0.449),92.72 (0.421),40253,8354,6036,15446,10417,192826748,38741058,32391549,83990276,37703866
 1,14.623 (0.364),19.604 (0.588),18.244 (0.623),13.752 (0.449),7.28 (0.421),9824,2630,1845,4018,1331,33027620,9446771,7228327,13392158,2960363
genhealth_low_vs_other,"","","","","",,,,,,,,,,
 0,82.408 (0.311),89.081 (0.384),86.159 (0.4),80.396 (0.473),75.362 (0.588),48154,12562,8219,17285,10088,186378994,43218569,35145389,77844306,30170729
 1,17.592 (0.311),10.919 (0.384),13.841 (0.4),19.604 (0.473),24.638 (0.588),14836,1831,1605,6544,4856,39788121,5297224,5645821,18981250,9863826
hc_drvisit,"","","","","",,,,,,,,,,
 0,15.917 (0.245),22.575 (0.558),22.774 (0.576),14.663 (0.307),3.884 (0.24),10373,3349,2364,3921,739,35999403,10958211,9291933,14195349,1553910
 1,84.083 (0.245),77.425 (0.558),77.226 (0.576),85.337 (0.307),96.116 (0.24),52593,11039,7463,19901,14190,190163290,37584018,31508052,82614012,38457208
hc_hospadmit,"","","","","",,,,,,,,,,
 0,89.284 (0.181),91.523 (0.338),91.249 (0.353),90.528 (0.266),81.554 (0.434),55160,13062,8920,21248,11930,202019934,44443724,37256647,87672137,32647426
 1,10.716 (0.181),8.477 (0.338),8.751 (0.353),9.472 (0.266),18.446 (0.434),7851,1335,913,2588,3015,24246096,4116396,3572846,9172844,7384010
insur_any,"","","","","",,,,,,,,,,
 0,17.426 (0.405),28.834 (0.779),23.333 (0.736),15.774 (0.467),1.614 (0.129),13139,4693,2804,5211,431,39275500,13905032,9498649,15227605,644214
 1,82.574 (0.405),71.166 (0.779),76.667 (0.736),84.226 (0.467),98.386 (0.129),49503,9558,6999,18519,14427,186105282,34318735,31210054,81306149,39270344
uninsur_lastyr,"","","","","",,,,,,,,,,
 0,93.499 (0.166),87.249 (0.493),90.771 (0.461),94.869 (0.208),98.242 (0.159),45803,8147,6227,17223,14206,173767880,29782336,28266772,76965471,38753301
 1,6.501 (0.166),12.751 (0.493),9.229 (0.461),5.131 (0.208),1.758 (0.159),3620,1332,748,1241,299,12082570,4352382,2873989,4162663,693536
bmi,28.713 ± 0.06,27.076 ± 0.111,28.936 ± 0.109,29.476 ± 0.08,28.622 ± 0.076,58562,13543,9253,22544,13222,222598575,47926877,40358749,95588525,38724425
waist,98.027 ± 0.16,91.206 ± 0.282,96.844 ± 0.275,100.57 ± 0.194,101.505 ± 0.192,56428,13173,8933,21903,12419,215579191,46608086,39185894,93228014,36557197
whr,0.93 ± 0.002,0.883 ± 0.004,0.913 ± 0.004,0.946 ± 0.003,0.962 ± 0.002,8430,1616,1252,3590,1972,236429940,49429475,40756391,99323246,46920828
wt,81.817 ± 0.178,78.183 ± 0.329,83.601 ± 0.348,84.438 ± 0.239,78.02 ± 0.234,58775,13554,9255,22585,13381,223191007,47966062,40374195,95733714,39117036
sbp_mean,122.14 ± 0.154,113.457 ± 0.165,115.662 ± 0.208,123.651 ± 0.195,135.546 ± 0.296,56436,13000,8766,21726,12944,215074715,45993740,38488732,92654628,37937614
dbp_mean,70.984 ± 0.134,66.419 ± 0.193,71.941 ± 0.172,74.642 ± 0.144,66.614 ± 0.225,56436,13000,8766,21726,12944,215074715,45993740,38488732,92654628,37937614
fg,105.515 ± 0.274,95.522 ± 0.27,100.378 ± 0.436,108.991 ± 0.43,114.716 ± 0.543,27525,6149,4258,10717,6401,226437932,48840973,41018059,97445966,39132934
fi,12.362 ± 0.135,11.887 ± 0.256,11.857 ± 0.216,12.635 ± 0.219,12.809 ± 0.235,26979,6029,4194,10504,6252,222326102,47970699,40454320,95574625,38326457
tg,128.578 ± 1.111,104.969 ± 1.625,123.25 ± 1.768,141.341 ± 1.888,131.916 ± 1.485,27039,6048,4185,10536,6270,224120151,48385874,40699408,96399244,38635625
tc,194.626 ± 0.366,175.709 ± 0.5,193.394 ± 0.529,204.393 ± 0.485,194.518 ± 0.624,55889,12688,8779,21605,12817,213978928,45038557,38689965,92522178,37728228
hdl,53.196 ± 0.156,51.791 ± 0.228,51.653 ± 0.236,53.495 ± 0.198,55.72 ± 0.282,55887,12688,8779,21605,12815,213971709,45038557,38689965,92523575,37719613
ldl_friedewald,114.529 ± 0.365,101.727 ± 0.606,115.456 ± 0.629,121.996 ± 0.553,111.246 ± 0.69,26526,5986,4104,10249,6187,219956077,47898253,40039808,93893431,38124586
glu,98.049 ± 0.2,87.84 ± 0.188,92.57 ± 0.34,101.453 ± 0.309,107.509 ± 0.427,55733,12654,8760,21545,12774,213444429,44897088,38627251,92313414,37606676
tgglu,1.316 ± 0.01,1.193 ± 0.018,1.321 ± 0.018,1.403 ± 0.017,1.249 ± 0.014,26951,6028,4177,10503,6243,223536348,48209723,40639033,96180088,38507504
ogtt_2hg,115.219 ± 0.647,96.118 ± 0.735,105.721 ± 0.965,118.936 ± 1.027,143.769 ± 1.567,11592,2634,1984,4697,2277,188711381,42098279,34413414,83447226,28752461
hba1c,5.569 ± 0.007,5.177 ± 0.006,5.351 ± 0.011,5.704 ± 0.01,5.926 ± 0.011,56613,12823,8832,21904,13054,216309390,45450131,38888652,93585057,38385550
uacr,34.336 ± 1.379,17.982 ± 1.808,18.869 ± 1.287,36.316 ± 2.558,65.684 ± 3.344,58219,13425,9175,22476,13143,221277596,47351171,40048869,95444884,38432672
egfr,95.415 ± 0.213,113.93 ± 0.261,105.049 ± 0.261,92.015 ± 0.199,71.76 ± 0.246,55732,12654,8761,21543,12774,213456245,44897895,38631530,92320145,37606676
crp,4.068 ± 0.057,3.404 ± 0.104,3.742 ± 0.096,4.255 ± 0.089,4.775 ± 0.121,36888,8845,5773,13687,8583,207434519,43815240,38555462,89821758,35242059
creatinine,0.901 ± 0.002,0.845 ± 0.003,0.857 ± 0.003,0.896 ± 0.003,1.023 ± 0.005,55732,12654,8761,21543,12774,213456245,44897895,38631530,92320145,37606676
vitd,67.899 ± 0.497,64.035 ± 0.627,64.732 ± 0.587,68.4 ± 0.568,74.587 ± 0.62,42335,9781,6682,16237,9635,211128979,44533361,37470562,92579042,36546015
b_carot,17.892 ± 0.425,12.074 ± 0.31,16.285 ± 0.683,18.863 ± 0.68,24.733 ± 0.629,15147,4174,2311,5170,3492,204323110,43264511,38686397,89163533,33208669
g_tocoph,231.291 ± 3.084,218.046 ± 2.924,236.394 ± 4.091,245.68 ± 4.23,204.719 ± 3.992,19115,5239,2953,6504,4419,193535426,41319994,38084664,82656693,31474075
t_lycop,23.078 ± 0.185,24.901 ± 0.28,24.937 ± 0.348,23.3 ± 0.229,17.941 ± 0.323,15140,4173,2310,5166,3491,204252644,43262187,38658469,89131853,33200136
manganese,9.737 ± 0.041,10.107 ± 0.082,10.019 ± 0.079,9.699 ± 0.069,9.171 ± 0.054,19356,3860,3047,8051,4398,180968108,37418780,31069498,77870056,34609774
selenium,192.231 ± 0.644,191.381 ± 0.87,191.809 ± 0.82,193.418 ± 0.812,190.858 ± 0.941,19356,3860,3047,8051,4398,180968108,37418780,31069498,77870056,34609774
mercury,1.537 ± 0.033,1.152 ± 0.033,1.509 ± 0.045,1.739 ± 0.042,1.551 ± 0.055,44208,10442,7291,16933,9542,169402017,36966212,31692412,72543533,28199860
lead,1.568 ± 0.015,1.065 ± 0.017,1.315 ± 0.024,1.715 ± 0.021,2.068 ± 0.025,51112,11656,7974,19634,11848,194788410,40974512,35379862,84223558,34210478
cadmium,0.509 ± 0.006,0.428 ± 0.009,0.476 ± 0.01,0.557 ± 0.008,0.519 ± 0.006,51112,11656,7974,19634,11848,194788410,40974512,35379862,84223558,34210478
hcb,0.13 ± 0.003,0.118 ± 0.005,0.123 ± 0.005,0.131 ± 0.004,0.152 ± 0.005,4477,1233,709,1496,1039,59727158,13185142,12279522,24895444,9367050
hcb_adj,21.116 ± 0.471,21.694 ± 0.988,20.977 ± 0.836,20.02 ± 0.549,23.4 ± 0.846,4477,1233,709,1496,1039,59727158,13185142,12279522,24895444,9367050
hepox,0.054 ± 0.002,0.029 ± 0.001,0.037 ± 0.002,0.059 ± 0.003,0.1 ± 0.007,4307,1204,665,1440,998,55904127,12355165,11184434,23643390,8721139
pcb180,0.21 ± 0.005,0.053 ± 0.003,0.108 ± 0.005,0.258 ± 0.008,0.427 ± 0.011,4585,1271,721,1538,1055,191880765,41599742,38715588,81376254,30189182
pcbdiox,29.939 ± 0.9,16.574 ± 0.876,20.775 ± 0.802,30.974 ± 1.164,55.673 ± 2.568,4084,1011,667,1412,994,174725683,35822036,35763136,74812137,28328374
u_bpa,3.586 ± 0.182,4.227 ± 0.427,3.56 ± 0.359,3.57 ± 0.323,2.85 ± 0.185,12757,2963,2048,4942,2804,223447865,48454609,39693016,96807917,38492323
testosterone,233.791 ± 2.216,276.213 ± 6.042,242.402 ± 5.606,225.495 ± 3.597,195.833 ± 4.436,17134,3687,2809,6955,3683,118940379,25054191,20599141,51972367,21314680
estradiol,71.146 ± 5.449,135.258 ± 19.55,134.484 ± 20.993,39.458 ± 1.234,16.785 ± 0.51,18890,3797,2939,7800,4354,122959544,25322230,21172114,52584766,23880433
hpv_oral,"","","","","",,,,,,,,,,
 0,92.867 (0.309),94.519 (0.448),93.661 (0.452),91.544 (0.488),94.13 (0.807),17114,4515,3268,8011,1320,178564469,45066611,34794686,86384723,12318449
 1,7.133 (0.309),5.481 (0.448),6.339 (0.452),8.456 (0.488),5.87 (0.807),1412,270,261,772,109,13715849,2613290,2354772,7979578,768209
diabetes,"","","","","",,,,,,,,,,
 0,87.719 (0.2),98.231 (0.142),95.23 (0.255),85.248 (0.337),73.29 (0.506),53139,14146,9314,19217,10462,198529061,47717080,38884378,82566632,29360971
 1,12.281 (0.2),1.769 (0.142),4.77 (0.255),14.752 (0.337),26.71 (0.506),9902,258,520,4624,4500,27795651,859347,1947799,14287980,10700525
diabetes_undx,"","","","","",,,,,,,,,,
 0,99.503 (0.036),99.949 (0.019),99.826 (0.057),99.338 (0.068),99.031 (0.105),62693,14394,9817,23661,14821,225199411,48551427,40761150,96213362,39673472
 1,0.497 (0.036),0.051 (0.019),0.174 (0.057),0.662 (0.068),0.969 (0.105),348,10,17,180,141,1125301,25000,71028,641249,388024
htn,"","","","","",,,,,,,,,,
 0,54.958 (0.403),83.927 (0.407),70.848 (0.74),46.398 (0.537),24.33 (0.573),33616,12333,7084,10576,3623,124382945,40768954,28928619,44938344,9747027
 1,45.042 (0.403),16.073 (0.407),29.152 (0.74),53.602 (0.537),75.67 (0.573),29425,2071,2750,13265,11339,101941768,7807473,11903558,51916268,30314469
htn_undx,"","","","","",,,,,,,,,,
 0,63.421 (0.36),85.762 (0.418),74.232 (0.728),57.145 (0.527),40.697 (0.658),34360,11284,6528,11701,4847,136402386,39445136,28570813,52947030,15439408
 1,36.579 (0.36),14.238 (0.418),25.768 (0.728),42.855 (0.527),59.303 (0.658),22076,1716,2238,10025,8097,78672329,6548605,9917919,39707599,22498206
htn_stg1,"","","","","",,,,,,,,,,
 0,65.239 (0.345),86.519 (0.398),75.711 (0.688),59.003 (0.507),43.841 (0.629),40965,12688,7596,13816,6865,147652384,42027823,30914258,57147013,17563290
 1,34.761 (0.345),13.481 (0.398),24.289 (0.688),40.997 (0.507),56.159 (0.629),22076,1716,2238,10025,8097,78672329,6548605,9917919,39707599,22498206
obese,"","","","","",,,,,,,,,,
 0,55.701 (0.365),67.323 (0.73),56.805 (0.711),50.051 (0.529),54.143 (0.58),35839,9853,5600,11839,8547,126064797,32702998,23194795,48476394,21690610
 1,44.299 (0.365),32.677 (0.73),43.195 (0.711),49.949 (0.529),45.857 (0.58),27202,4551,4234,12002,6415,100259916,15873429,17637383,48378218,18370886
obese_abd,"","","","","",,,,,,,,,,
 0,48.652 (0.456),66.679 (0.762),53.796 (0.755),42.026 (0.573),37.57 (0.627),32390,9691,5329,10571,6799,110111870,32390351,21965984,40704338,15051198
 1,51.348 (0.456),33.321 (0.762),46.204 (0.755),57.974 (0.573),62.43 (0.627),30651,4713,4505,13270,8163,116212842,16186077,18866194,56150274,25010298
cvd,"","","","","",,,,,,,,,,
 0,94.131 (0.175),99.688 (0.059),99.021 (0.118),94.617 (0.228),81.231 (0.521),58517,14363,9735,22347,12072,213040697,48424704,40432462,91641160,32542371
 1,5.869 (0.175),0.312 (0.059),0.979 (0.118),5.383 (0.228),18.769 (0.521),4524,41,99,1494,2890,13284016,151724,399716,5213452,7519124
ascvd,"","","","","",,,,,,,,,,
 0,92.202 (0.19),99.499 (0.073),98.548 (0.134),92.915 (0.243),75.163 (0.577),56899,14338,9687,21800,11074,208676314,48333300,40239305,89992134,30111575
 1,7.798 (0.19),0.501 (0.073),1.452 (0.134),7.085 (0.243),24.837 (0.577),6142,66,147,2041,3888,17648399,243127,592873,6862478,9949921
chf,"","","","","",,,,,,,,,,
 0,97.548 (0.09),99.864 (0.043),99.542 (0.074),98.112 (0.114),91.757 (0.321),56489,10091,9782,23148,13468,213010754,40937237,40617478,94892819,36563221
 1,2.452 (0.09),0.136 (0.043),0.458 (0.074),1.888 (0.114),8.243 (0.321),2066,13,45,646,1362,5353414,55722,186741,1826085,3284866
mdd,"","","","","",,,,,,,,,,
 0,94.402 (0.156),94.41 (0.305),93.8 (0.324),94.037 (0.219),95.891 (0.242),59414,13685,9213,22160,14356,213656174,45861091,38300766,91078840,38415477
 1,5.598 (0.156),5.59 (0.305),6.2 (0.324),5.963 (0.219),4.109 (0.242),3627,719,621,1681,606,12668539,2715337,2531412,5775771,1646019
ckd,"","","","","",,,,,,,,,,
 0,95.787 (0.111),98.579 (0.158),98.115 (0.162),96.572 (0.165),88.134 (0.322),59594,14238,9639,22760,12957,216790507,47886260,40062477,93533991,35307779
 1,4.213 (0.111),1.421 (0.158),1.885 (0.162),3.428 (0.165),11.866 (0.322),3447,166,195,1081,2005,9534206,690167,769701,3320621,4753717
ckd_gfr_gte3,"","","","","",,,,,,,,,,
 0,93.783 (0.149),99.819 (0.052),99.426 (0.088),96.599 (0.17),73.874 (0.506),51036,12632,8709,20581,9114,200257689,44818262,38412513,89230883,27796030
 1,6.217 (0.149),0.181 (0.052),0.574 (0.088),3.401 (0.17),26.126 (0.506),4748,23,54,983,3688,13275322,81238,221818,3141904,9830362
ckd_any,"","","","","",,,,,,,,,,
 0,58.047 (0.409),82.648 (0.459),75.589 (0.602),54.237 (0.541),19.656 (0.527),33083,11201,7057,12193,2632,130053489,39582868,30521509,52165565,7783547
 1,41.953 (0.409),17.352 (0.459),24.411 (0.602),45.763 (0.541),80.344 (0.527),26039,2360,2197,10507,10975,93996925,8310460,9856752,44014366,31815346
copd,"","","","","",,,,,,,,,,
 0,92.642 (0.2),97.223 (0.208),95.119 (0.284),91.836 (0.292),86.512 (0.489),58577,14085,9406,21949,13137,209671828,47227565,38839237,88947028,34657998
 1,7.358 (0.2),2.777 (0.208),4.881 (0.284),8.164 (0.292),13.488 (0.489),4464,319,428,1892,1825,16652885,1348863,1992941,7907584,5403498
copd_pft,"","","","","",,,,,,,,,,
 0,89.894 (0.261),96.453 (0.237),93.82 (0.33),88.161 (0.395),82.13 (0.558),56991,13995,9271,21198,12527,203452972,46853634,38308672,85388188,32902478
 1,10.106 (0.261),3.547 (0.237),6.18 (0.33),11.839 (0.395),17.87 (0.558),6050,409,563,2643,2435,22871741,1722793,2523506,11466423,7159018
pft_lt07,"","","","","",,,,,,,,,,
 0,86.54 (0.529),96.668 (0.478),94.324 (0.642),83.315 (0.805),66.744 (1.435),12372,3225,2367,5229,1551,162303195,42726524,32555949,72308385,14712336
 1,13.46 (0.529),3.332 (0.478),5.676 (0.642),16.685 (0.805),33.256 (1.435),1822,97,144,871,710,25243174,1472713,1959234,14480671,7330556
nfs,-2.15 ± 0.014,-3.365 ± 0.015,-2.805 ± 0.016,-1.913 ± 0.014,-0.574 ± 0.018,54549,12461,8644,21189,12255,209626348,44228520,38151222,90953725,36292882
nfs_mod_vs_low,"","","","","",,,,,,,,,,
 0,73.265 (0.38),96.674 (0.217),90.087 (0.377),70.215 (0.521),27.526 (0.647),35356,11929,7633,13253,2541,147135007,42702269,34206551,61775160,8451027
 1,26.735 (0.38),3.326 (0.217),9.913 (0.377),29.785 (0.521),72.474 (0.647),16056,517,962,7003,7574,53689845,1469230,3763967,26205279,22251370
nfs_high_vs_low,"","","","","",,,,,,,,,,
 0,94.356 (0.144),99.867 (0.044),99.475 (0.078),95.408 (0.21),60.186 (0.919),35356,11929,7633,13253,2541,147135007,42702269,34206551,61775160,8451027
 1,5.644 (0.144),0.133 (0.044),0.525 (0.078),4.592 (0.21),39.814 (0.919),3137,15,49,933,2140,8801496,57021,180704,2973287,5590485
liver_cap_any,"","","","","",,,,,,,,,,
 0,39.239 (1.105),58.808 (2.059),42.677 (2.312),31.598 (1.363),31.434 (1.907),3110,907,535,1048,620,89063589,28321790,16606874,30259914,13875011
 1,60.761 (1.105),41.192 (2.059),57.323 (2.312),68.402 (1.363),68.566 (1.907),4987,648,668,2421,1250,137915663,19838194,22306034,65506325,30265109
liver_cap_mod_sev,"","","","","",,,,,,,,,,
 0,54.153 (0.96),71.611 (2.125),57.194 (1.902),47.348 (1.483),47.188 (1.439),4362,1105,718,1620,919,122916609,34487916,22255959,45343684,20829050
 1,45.847 (0.96),28.389 (2.125),42.806 (1.902),52.652 (1.483),52.812 (1.439),3735,450,485,1849,951,104062642,13672068,16656949,50422556,23311070
fib4,1.032 ± 0.007,0.484 ± 0.003,0.694 ± 0.005,1.108 ± 0.007,1.847 ± 0.014,55506,12612,8727,21469,12698,212553706,44704425,38465086,92019516,37364679
fib4_mod_vs_low,"","","","","",,,,,,,,,,
 0,86.021 (0.303),99.486 (0.101),97.965 (0.194),77.682 (0.495),76.954 (0.626),45583,12546,8517,16005,8515,178281594,44457082,37599224,70367048,25858239
 1,13.979 (0.303),0.514 (0.101),2.035 (0.194),22.318 (0.495),23.046 (0.626),8009,56,185,5035,2733,28971096,229752,780884,20216447,7744014
fib4_high_vs_low,"","","","","",,,,,,,,,,
 0,97.112 (0.106),99.96 (0.011),99.775 (0.051),98 (0.143),87.298 (0.465),45583,12546,8517,16005,8515,178281594,44457082,37599224,70367048,25858239
 1,2.888 (0.106),0.04 (0.011),0.225 (0.051),2 (0.143),12.702 (0.465),1914,10,25,429,1450,5301016,17591,84978,1436021,3762426
prevent_cvd_10yr_base,0.114 ± 0.001,,0.037 ± 0,0.105 ± 0.001,0.239 ± 0.001,36305,,7366,20322,8617,147896235,,32929167,87824664,27142404
prevent_cvd_10yr_hba1c,0.114 ± 0.001,,0.037 ± 0,0.105 ± 0.001,0.239 ± 0.001,36250,,7349,20297,8604,147703182,,32858808,87737740,27106634
prevent_cvd_10yr_uacr,0.095 ± 0.001,,0.027 ± 0,0.084 ± 0.001,0.214 ± 0.002,36003,,7326,20193,8484,146947474,,32752472,87414338,26780664
prevent_cvd_10yr_full,0.095 ± 0.001,,0.027 ± 0,0.084 ± 0.001,0.212 ± 0.002,35950,,7309,20168,8473,146759142,,32682113,87327414,26749614
prevent_cvd_30yr_base,0.27 ± 0.001,,0.134 ± 0.001,0.289 ± 0.002,0.374 ± 0.001,36305,,7366,20322,8617,147896235,,32929167,87824664,27142404
prevent_cvd_30yr_hba1c,0.264 ± 0.001,,0.131 ± 0.001,0.283 ± 0.001,0.365 ± 0.001,36250,,7349,20297,8604,147703182,,32858808,87737740,27106634
prevent_cvd_30yr_uacr,0.243 ± 0.001,,0.113 ± 0.001,0.258 ± 0.001,0.354 ± 0.001,36003,,7326,20193,8484,146947474,,32752472,87414338,26780664
prevent_cvd_30yr_full,0.234 ± 0.001,,0.109 ± 0.001,0.25 ± 0.001,0.334 ± 0.001,35950,,7309,20168,8473,146759142,,32682113,87327414,26749614
prevent_ascvd_10yr_base,0.063 ± 0.001,,0.021 ± 0,0.058 ± 0.001,0.129 ± 0.001,36305,,7366,20322,8617,147896235,,32929167,87824664,27142404
prevent_ascvd_10yr_hba1c,0.062 ± 0.001,,0.02 ± 0,0.057 ± 0.001,0.127 ± 0.001,36250,,7349,20297,8604,147703182,,32858808,87737740,27106634
prevent_ascvd_10yr_uacr,0.054 ± 0,,0.016 ± 0,0.049 ± 0,0.119 ± 0.001,36003,,7326,20193,8484,146947474,,32752472,87414338,26780664
prevent_ascvd_10yr_full,0.053 ± 0,,0.016 ± 0,0.048 ± 0,0.116 ± 0.001,35950,,7309,20168,8473,146759142,,32682113,87327414,26749614
prevent_ascvd_30yr_base,0.153 ± 0.001,,0.073 ± 0.001,0.165 ± 0.001,0.209 ± 0.001,36305,,7366,20322,8617,147896235,,32929167,87824664,27142404
prevent_ascvd_30yr_hba1c,0.147 ± 0.001,,0.07 ± 0.001,0.159 ± 0.001,0.201 ± 0.001,36250,,7349,20297,8604,147703182,,32858808,87737740,27106634
prevent_ascvd_30yr_uacr,0.142 ± 0.001,,0.065 ± 0.001,0.152 ± 0.001,0.202 ± 0.001,36003,,7326,20193,8484,146947474,,32752472,87414338,26780664
prevent_ascvd_30yr_full,0.135 ± 0.001,,0.063 ± 0.001,0.146 ± 0.001,0.189 ± 0.001,35950,,7309,20168,8473,146759142,,32682113,87327414,26749614
prevent_hf_10yr_base,0.08 ± 0.001,,0.019 ± 0,0.069 ± 0.001,0.186 ± 0.001,36305,,7366,20322,8617,147896235,,32929167,87824664,27142404
prevent_hf_10yr_hba1c,0.082 ± 0.001,,0.019 ± 0,0.071 ± 0.001,0.191 ± 0.001,36250,,7349,20297,8604,147703182,,32858808,87737740,27106634
prevent_hf_10yr_uacr,0.064 ± 0.001,,0.013 ± 0,0.053 ± 0.001,0.161 ± 0.002,36003,,7326,20193,8484,146947474,,32752472,87414338,26780664
prevent_hf_10yr_full,0.066 ± 0.001,,0.014 ± 0,0.055 ± 0.001,0.166 ± 0.002,35950,,7309,20168,8473,146759142,,32682113,87327414,26749614
prevent_hf_30yr_base,0.198 ± 0.001,,0.079 ± 0.001,0.21 ± 0.001,0.304 ± 0.001,36305,,7366,20322,8617,147896235,,32929167,87824664,27142404
prevent_hf_30yr_hba1c,0.198 ± 0.001,,0.078 ± 0.001,0.21 ± 0.001,0.304 ± 0.001,36250,,7349,20297,8604,147703182,,32858808,87737740,27106634
prevent_hf_30yr_uacr,0.171 ± 0.001,,0.062 ± 0.001,0.179 ± 0.001,0.279 ± 0.001,36003,,7326,20193,8484,146947474,,32752472,87414338,26780664
prevent_hf_30yr_full,0.169 ± 0.001,,0.062 ± 0.001,0.178 ± 0.001,0.27 ± 0.001,35950,,7309,20168,8473,146759142,,32682113,87327414,26749614
prevent_chd_10yr_base,0.036 ± 0,,0.011 ± 0,0.033 ± 0,0.078 ± 0.001,36305,,7366,20322,8617,147896235,,32929167,87824664,27142404
prevent_chd_10yr_hba1c,0.035 ± 0,,0.011 ± 0,0.032 ± 0,0.075 ± 0.001,36250,,7349,20297,8604,147703182,,32858808,87737740,27106634
prevent_chd_10yr_uacr,0.031 ± 0,,0.008 ± 0,0.027 ± 0,0.071 ± 0.001,36003,,7326,20193,8484,146947474,,32752472,87414338,26780664
prevent_chd_10yr_full,0.03 ± 0,,0.008 ± 0,0.026 ± 0,0.068 ± 0.001,35950,,7309,20168,8473,146759142,,32682113,87327414,26749614
prevent_chd_30yr_base,0.091 ± 0.001,,0.041 ± 0.001,0.098 ± 0.001,0.129 ± 0.001,36305,,7366,20322,8617,147896235,,32929167,87824664,27142404
prevent_chd_30yr_hba1c,0.085 ± 0.001,,0.038 ± 0.001,0.092 ± 0.001,0.121 ± 0.001,36250,,7349,20297,8604,147703182,,32858808,87737740,27106634
prevent_chd_30yr_uacr,0.084 ± 0.001,,0.035 ± 0.001,0.09 ± 0.001,0.124 ± 0.001,36003,,7326,20193,8484,146947474,,32752472,87414338,26780664
prevent_chd_30yr_full,0.077 ± 0.001,,0.033 ± 0,0.083 ± 0.001,0.113 ± 0.001,35950,,7309,20168,8473,146759142,,32682113,87327414,26749614
prevent_stroke_10yr_base,0.032 ± 0,,0.01 ± 0,0.029 ± 0,0.065 ± 0,36305,,7366,20322,8617,147896235,,32929167,87824664,27142404
prevent_stroke_10yr_hba1c,0.032 ± 0,,0.01 ± 0,0.029 ± 0,0.066 ± 0,36250,,7349,20297,8604,147703182,,32858808,87737740,27106634
prevent_stroke_10yr_uacr,0.028 ± 0,,0.008 ± 0,0.025 ± 0,0.061 ± 0.001,36003,,7326,20193,8484,146947474,,32752472,87414338,26780664
prevent_stroke_10yr_full,0.028 ± 0,,0.009 ± 0,0.025 ± 0,0.062 ± 0,35950,,7309,20168,8473,146759142,,32682113,87327414,26749614
prevent_stroke_30yr_base,0.08 ± 0,,0.037 ± 0,0.086 ± 0.001,0.109 ± 0,36305,,7366,20322,8617,147896235,,32929167,87824664,27142404
prevent_stroke_30yr_hba1c,0.079 ± 0,,0.037 ± 0,0.085 ± 0,0.108 ± 0,36250,,7349,20297,8604,147703182,,32858808,87737740,27106634
prevent_stroke_30yr_uacr,0.075 ± 0,,0.033 ± 0,0.08 ± 0.001,0.107 ± 0,36003,,7326,20193,8484,146947474,,32752472,87414338,26780664
prevent_stroke_30yr_full,0.075 ± 0,,0.034 ± 0,0.081 ± 0,0.104 ± 0,35950,,7309,20168,8473,146759142,,32682113,87327414,26749614
taste_mouth_quinine_glms,51.765 ± 0.602,,,52.433 ± 0.68,50.017 ± 0.837,3114,,,2118,996,129390093,,,93605277,35784816
taste_mouth_nacl_1M_glms,51.329 ± 0.695,,,51.157 ± 0.752,51.766 ± 1.008,3217,,,2176,1041,132565076,,,95271683,37293392
taste_mouth_nacl_320mM_glms,32.342 ± 0.448,,,32.321 ± 0.447,32.397 ± 0.88,3218,,,2178,1040,132557665,,,95311939,37245726
smell_pst_total,5.937 ± 0.052,,,6.09 ± 0.045,5.565 ± 0.087,3519,,,2336,1183,140565220,,,99766083,40799137
smell_dysfun_any,"",,,"","",,,,,,,,,,
 0,71.838 (1.895),,,76.59 (1.726),60.173 (3.07),2310,,,1672,638,100830150,,,76384638,24445512
 1,28.162 (1.895),,,23.41 (1.726),39.827 (3.07),1200,,,663,537,39527616,,,23347545,16180072
smell_dysfun_severe,"",,,"","",,,,,,,,,,
 0,95.724 (0.485),,,97.697 (0.264),90.901 (1.195),3297,,,2259,1038,134555003,,,97468374,37086629
 1,4.276 (0.485),,,2.303 (0.264),9.099 (1.195),222,,,77,145,6010218,,,2297710,3712508
tastechange_sweet_worse,"",,,"","",,,,,,,,,,
 0,95.974 (0.288),,,96.217 (0.365),95.362 (0.541),7103,,,4680,2423,138410492,,,99306530,39103961
 1,4.026 (0.288),,,3.783 (0.365),4.638 (0.541),292,,,175,117,5806193,,,3904246,1901948
tastechange_salt_worse,"",,,"","",,,,,,,,,,
 0,95.171 (0.337),,,95.523 (0.423),94.282 (0.627),6987,,,4615,2372,137088038,,,98563224,38524814
 1,4.829 (0.337),,,4.477 (0.423),5.718 (0.627),400,,,237,163,6955945,,,4619580,2336365
tastechange_bitter_worse,"",,,"","",,,,,,,,,,
 0,96.097 (0.306),,,96.29 (0.374),95.611 (0.5),7071,,,4657,2414,138136029,,,99096846,39039183
 1,3.903 (0.306),,,3.71 (0.374),4.389 (0.5),296,,,179,117,5609918,,,3817699,1792219
tastechange_sour_worse,"",,,"","",,,,,,,,,,
 0,95.959 (0.379),,,96.14 (0.411),95.502 (0.681),7066,,,4660,2406,138258676,,,99178231,39080445
 1,4.041 (0.379),,,3.86 (0.411),4.498 (0.681),319,,,190,129,5822761,,,3981923,1840838
ndi_mortstat,"","","","","",,,,,,,,,,
 0,87.544 (0.281),98.464 (0.135),97.508 (0.19),90.783 (0.314),55.082 (0.891),44151,12348,8176,17545,6082,194440095,47297398,39384889,86775996,20981811
 1,12.456 (0.281),1.536 (0.135),2.492 (0.19),9.217 (0.314),44.918 (0.891),9104,203,212,2236,6453,27664277,737678,1006385,8810106,17110108
ndi_mortstat_hd,"","","","","",,,,,,,,,,
 0,75.537 (0.655),88.504 (2.884),80.136 (3.241),79.765 (1.176),72.53 (0.71),6733,177,170,1751,4635,20894361,652873,806476,7025006,12410007
 1,24.463 (0.655),11.496 (2.884),19.864 (3.241),20.235 (1.176),27.47 (0.71),2369,26,42,484,1817,6766913,84805,199909,1782097,4700101
ndi_mortstat_cbvd,"","","","","",,,,,,,,,,
 0,94.875 (0.274),98.117 (0.954),98.663 (0.874),96.366 (0.493),93.745 (0.375),8583,198,207,2137,6041,26243665,723786,992927,8487045,16039907
 1,5.125 (0.274),1.883 (0.954),1.337 (0.874),3.634 (0.493),6.255 (0.375),519,5,5,98,411,1417609,13892,13458,320058,1070201
ndi_mortstat_cvd,"","","","","",,,,,,,,,,
 0,96.315 (0.137),99.795 (0.046),99.472 (0.083),97.801 (0.145),84.852 (0.517),50367,12520,8341,19199,10307,213919849,47936379,40177907,93483947,32321617
 1,3.685 (0.137),0.205 (0.046),0.528 (0.083),2.199 (0.145),15.148 (0.517),2888,31,47,582,2228,8184523,98697,213367,2102155,5770303
ndi_mortstat_diab,"","","","","",,,,,,,,,,
 0,96.522 (0.272),99.287 (0.509),95.038 (1.701),94.83 (0.63),97.361 (0.252),8777,200,201,2117,6259,26699166,732415,956449,8351744,16658559
 1,3.478 (0.272),0.713 (0.509),4.962 (1.701),5.17 (0.63),2.639 (0.252),325,3,11,118,193,962108,5263,49936,455360,451549
ndi_mortstat_diab_any,"","","","","",,,,,,,,,,
 0,89.359 (0.494),96.824 (1.42),89.475 (2.618),86.316 (0.966),90.598 (0.562),8061,194,186,1900,5781,24717961,714247,900460,7601909,15501344
 1,10.641 (0.494),3.176 (1.42),10.525 (2.618),13.684 (0.966),9.402 (0.562),1041,9,26,335,671,2943314,23431,105925,1205194,1608764
