Intersect,Variable,Level,Var2_level,mean_total,se_total,mean_30to39y,mean_40to64y,mean_over65y,mean_under30y,se_30to39y,se_40to64y,se_over65y,se_under30y,teststat,teststat_val,p_value
agecatXeduc,inc_to_pov,0.05,Collgrad_Above,0.51,0.0177248878740666,1.27,1.38,1.26,0.65,0.0683512439066326,0.060771044139657,0.0430359683856576,0.0935906967173505,"F(19, 144)",472.759176770275,1.40360249163249e-119
agecatXeduc,inc_to_pov,0.05,HSgrad_GED,0.51,0.0177248878740666,0.43,0.57,0.82,0.27,0.0354413857293651,0.0303855220698285,0.0253212683915238,0.0253212683915238,"F(19, 144)",472.759176770275,1.40360249163249e-119
agecatXeduc,inc_to_pov,0.05,LessThan9th,0.51,0.0177248878740666,0.11,0.22,0.42,0.1,0.0452805519244698,0.0404810503091452,0.020250216661627,0.0501135339292632,"F(19, 144)",472.759176770275,1.40360249163249e-119
agecatXeduc,inc_to_pov,0.05,SomeColl_AA,0.51,0.0177248878740666,0.62,0.74,0.9,0.27,0.0303841192883013,0.0227891415523714,0.0329066020751439,0.0354497757481333,"F(19, 144)",472.759176770275,1.40360249163249e-119
agecatXeduc,inc_to_pov,0.05,SomeHS_9to11,0.51,0.0177248878740666,0.25,0.28,0.66,0.11,0.0328792375323563,0.0354413857293651,0.0151853346172738,0.0227731274811762,"F(19, 144)",472.759176770275,1.40360249163249e-119
agecatXeduc,inc_to_pov,0.25,Collgrad_Above,1.45,0.0303855220698285,3.25,3.78,2.91,2.12,0.126576377604875,0.0759638051745713,0.0987295745318026,0.101179131586325,"F(19, 144)",472.759176770275,1.40360249163249e-119
agecatXeduc,inc_to_pov,0.25,HSgrad_GED,1.45,0.0303855220698285,1.13,1.51,1.49,0.97,0.035441385729365,0.0633031709788094,0.0354497757481333,0.040514029426438,"F(19, 144)",472.759176770275,1.40360249163249e-119
agecatXeduc,inc_to_pov,0.25,LessThan9th,1.45,0.0303855220698285,0.6,0.77,0.87,0.62,0.0327026208343393,0.0227705907988942,0.0253127708270338,0.0451021805363368,"F(19, 144)",472.759176770275,1.40360249163249e-119
agecatXeduc,inc_to_pov,0.25,SomeColl_AA,1.45,0.0303855220698285,1.53,1.99,1.79,1.11,0.0531722087545273,0.0531746636221999,0.0430317104059574,0.0683674246571141,"F(19, 144)",472.759176770275,1.40360249163249e-119
agecatXeduc,inc_to_pov,0.25,SomeHS_9to11,1.45,0.0303855220698285,0.82,0.94,1.14,0.67,0.0328792375323563,0.0278468030730726,0.0278397801316686,0.0202427799832678,"F(19, 144)",472.759176770275,1.40360249163249e-119
agecatXeduc,inc_to_pov,0.5,Collgrad_Above,2.94,0.0582389173005046,4.99,5,4.75,3.7,0.0506305510419501,0,0.139234015365363,0.113826523034616,"F(19, 144)",472.759176770275,1.40360249163249e-119
agecatXeduc,inc_to_pov,0.5,HSgrad_GED,2.94,0.0582389173005046,2.07,2.94,2.25,1.79,0.0658197163545352,0.081028058852876,0.0430461562655904,0.0531746636221999,"F(19, 144)",472.759176770275,1.40360249163249e-119
agecatXeduc,inc_to_pov,0.5,LessThan9th,2.94,0.0582389173005046,1.01,1.26,1.25,1.05,0.050311724360522,0.0328908533761805,0.0329066020751439,0.062641917411579,"F(19, 144)",472.759176770275,1.40360249163249e-119
agecatXeduc,inc_to_pov,0.5,SomeColl_AA,2.94,0.0582389173005046,2.64,3.62,2.79,2.18,0.0557042186952191,0.0683674246571141,0.0784695895638047,0.0962208198877904,"F(19, 144)",472.759176770275,1.40360249163249e-119
agecatXeduc,inc_to_pov,0.5,SomeHS_9to11,2.94,0.0582389173005046,1.41,1.64,1.7,1.2,0.0556417865932183,0.0632881888024376,0.0480868929547004,0.0379552124686271,"F(19, 144)",472.759176770275,1.40360249163249e-119
agecatXeduc,inc_to_pov,0.75,Collgrad_Above,5,0,5,5,5,5,0,0,0,0,"F(19, 144)",472.759176770275,1.40360249163249e-119
agecatXeduc,inc_to_pov,0.75,HSgrad_GED,5,0,3.3,4.7,3.36,3.36,0.1012611020839,0.101285073566095,0.0936886930486378,0.0911565662094855,"F(19, 144)",472.759176770275,1.40360249163249e-119
agecatXeduc,inc_to_pov,0.75,LessThan9th,5,0,1.6,2.12,1.98,1.73,0.0880455176309134,0.0885522975512551,0.0607506499848811,0.130295188216084,"F(19, 144)",472.759176770275,1.40360249163249e-119
agecatXeduc,inc_to_pov,0.75,SomeColl_AA,5,0,4.13,5,4.39,3.88,0.0784923081614451,0,0.118970022887059,0.0987529467269427,"F(19, 144)",472.759176770275,1.40360249163249e-119
agecatXeduc,inc_to_pov,0.75,SomeHS_9to11,5,0,2.51,3.13,2.78,2.27,0.126458605893678,0.136702487813265,0.12148267693819,0.103744247414247,"F(19, 144)",472.759176770275,1.40360249163249e-119
agecatXeduc,inc_to_pov,0.95,Collgrad_Above,5,0,5,5,5,5,0,0,0,0,"F(19, 144)",472.759176770275,1.40360249163249e-119
agecatXeduc,inc_to_pov,0.95,HSgrad_GED,5,0,5,5,5,5,0,0,0,0,"F(19, 144)",472.759176770275,1.40360249163249e-119
agecatXeduc,inc_to_pov,0.95,LessThan9th,5,0,3.12,4.18,4.13,3.98,0.61883420963442,0.164454266880903,0.18731450412005,0.546237519828969,"F(19, 144)",472.759176770275,1.40360249163249e-119
agecatXeduc,inc_to_pov,0.95,SomeColl_AA,5,0,5,5,5,5,0,0,0,0,"F(19, 144)",472.759176770275,1.40360249163249e-119
agecatXeduc,inc_to_pov,0.95,SomeHS_9to11,5,0,4.55,5,5,5,0.189687908840517,0,0,0,"F(19, 144)",472.759176770275,1.40360249163249e-119
agecatXeduc,inc_to_pov_level,HighInc,Collgrad_Above,35.9420072498655,0.718234791337979,65.4077252170475,72.1310580887874,60.5668210821153,45.4875485610373,1.54651658671815,1.07468947598516,1.79238516228212,1.87027252500312,"F(19, 144)",472.759176770275,1.40360249163249e-119
agecatXeduc,inc_to_pov_level,HighInc,HSgrad_GED,35.9420072498655,0.718234791337979,16.071547582105,33.2432583420483,18.4632344912686,17.6245881824293,1.01245630796427,1.18210682029929,1.10784147060462,1.18269621006284,"F(19, 144)",472.759176770275,1.40360249163249e-119
agecatXeduc,inc_to_pov_level,HighInc,LessThan9th,35.9420072498655,0.718234791337979,2.04819529819811,5.77772315417491,5.66349491407975,4.97641830046807,0.85824116110062,0.864008804084939,0.744729263402558,1.67007699739873,"F(19, 144)",472.759176770275,1.40360249163249e-119
agecatXeduc,inc_to_pov_level,HighInc,SomeColl_AA,35.9420072498655,0.718234791337979,27.5501762839006,43.4500883664508,30.2920496651342,23.4448959854534,1.36791708436693,1.08743363857834,1.2438004764567,1.14890937750955,"F(19, 144)",472.759176770275,1.40360249163249e-119
agecatXeduc,inc_to_pov_level,HighInc,SomeHS_9to11,35.9420072498655,0.718234791337979,8.97846187830245,16.1332709048156,12.539162598718,9.4055047200253,1.18699238211655,1.33303230351213,1.24296093053596,0.96748200805137,"F(19, 144)",472.759176770275,1.40360249163249e-119
agecatXeduc,inc_to_pov_level,MiddleInc,Collgrad_Above,49.4376936417984,0.586809343403606,31.3225277496392,25.0760178056352,37.1407650352149,45.474183418891,1.41439345272626,1.03361665639355,1.7726067046021,1.71740820696036,"F(19, 144)",472.759176770275,1.40360249163249e-119
agecatXeduc,inc_to_pov_level,MiddleInc,HSgrad_GED,49.4376936417984,0.586809343403606,64.1338534744668,52.5370414836478,72.6160598545595,56.7328762419203,1.34204342894254,1.27900493329116,1.12747833216153,1.3338668741984,"F(19, 144)",472.759176770275,1.40360249163249e-119
agecatXeduc,inc_to_pov_level,MiddleInc,LessThan9th,49.4376936417984,0.586809343403606,48.990727931899,57.5444255630769,60.8415189436692,46.7058742735057,2.49962748207089,1.4880994682498,1.90381648626075,3.01752394317824,"F(19, 144)",472.759176770275,1.40360249163249e-119
agecatXeduc,inc_to_pov_level,MiddleInc,SomeColl_AA,49.4376936417984,0.586809343403606,60.0304348209778,47.6681088457223,63.2105773545614,54.6536906257728,1.33782727579782,0.990230560393451,1.26992804432303,1.54984665580509,"F(19, 144)",472.759176770275,1.40360249163249e-119
agecatXeduc,inc_to_pov_level,MiddleInc,SomeHS_9to11,49.4376936417984,0.586809343403606,58.2622941439891,56.1840320444714,69.6401654403501,48.5017510191276,1.93014105954368,1.44001578878796,1.51731489991658,1.32784372860464,"F(19, 144)",472.759176770275,1.40360249163249e-119
agecatXeduc,inc_to_pov_level,LowInc,Collgrad_Above,14.6202991083362,0.408413363950714,3.26974703331331,2.79292410557741,2.29241388266988,9.03826802007166,0.399765755122904,0.25721135346503,0.326221055502949,0.892047971354245,"F(19, 144)",472.759176770275,1.40360249163249e-119
agecatXeduc,inc_to_pov_level,LowInc,HSgrad_GED,14.6202991083362,0.408413363950714,19.7945989434282,14.219700174304,8.92070565417191,25.6425355756505,1.05145080768557,0.871911861981799,0.649241110888959,1.11138057597219,"F(19, 144)",472.759176770275,1.40360249163249e-119
agecatXeduc,inc_to_pov_level,LowInc,LessThan9th,14.6202991083362,0.408413363950714,48.9610767699029,36.6778512827482,33.494986142251,48.3177074260262,2.56929719128058,1.40995987193104,1.80594458693193,3.06361975006374,"F(19, 144)",472.759176770275,1.40360249163249e-119
agecatXeduc,inc_to_pov_level,LowInc,SomeColl_AA,14.6202991083362,0.408413363950714,12.4193888951216,8.88180278782691,6.49737298030437,21.9014133887738,0.702631384536289,0.445125784294991,0.64513342220427,1.81981573322898,"F(19, 144)",472.759176770275,1.40360249163249e-119
agecatXeduc,inc_to_pov_level,LowInc,SomeHS_9to11,14.6202991083362,0.408413363950714,32.7592439777085,27.682697050713,17.820671960932,42.0927442608471,1.70414290888182,1.28706261806685,1.09196553316884,1.43902385235896,"F(19, 144)",472.759176770275,1.40360249163249e-119
agecatXeduc,employ_status,Full-time employed,Collgrad_Above,53.2332724623119,0.419911321255938,76.5870165535135,72.1360345831806,15.1893112784971,74.9941279174209,0.981737664107577,0.832665812914996,1.15579849472505,1.39938651446304,"F(19, 144)",472.759176770275,1.40360249163249e-119
agecatXeduc,employ_status,Full-time employed,HSgrad_GED,53.2332724623119,0.419911321255938,67.741512017803,60.8605465234311,7.82155088773267,55.3070576049868,1.37816579102342,1.03430295871452,0.673284828108591,1.20292471339458,"F(19, 144)",472.759176770275,1.40360249163249e-119
agecatXeduc,employ_status,Full-time employed,LessThan9th,53.2332724623119,0.419911321255938,59.7214381921428,46.3698125211653,4.90619632577258,54.8468489137676,2.11033368194361,1.6605731897109,0.584559192740325,2.49182660152331,"F(19, 144)",472.759176770275,1.40360249163249e-119
agecatXeduc,employ_status,Full-time employed,SomeColl_AA,53.2332724623119,0.419911321255938,69.8207108651301,63.3627083199131,9.13215917143932,52.0201814346897,1.03065792944948,0.926173338278969,0.783337111231241,1.50874980852453,"F(19, 144)",472.759176770275,1.40360249163249e-119
agecatXeduc,employ_status,Full-time employed,SomeHS_9to11,53.2332724623119,0.419911321255938,57.8751693323673,50.4686223605122,5.66583969388939,41.1134840711634,1.65102366181156,1.34734600463409,0.635973103496459,1.22938114706232,"F(19, 144)",472.759176770275,1.40360249163249e-119
agecatXeduc,employ_status,Part-time employed,Collgrad_Above,10.2626419365778,0.216715978658302,8.69462575696899,9.71299299376148,11.6459734670582,10.006850896458,0.603345964980195,0.498520624684156,0.920823048743405,0.95235465761491,"F(19, 144)",472.759176770275,1.40360249163249e-119
agecatXeduc,employ_status,Part-time employed,HSgrad_GED,10.2626419365778,0.216715978658302,7.36796790210262,7.42172717961539,7.73698359278185,14.8009505739968,0.709749934804564,0.524992453623678,0.633141860717508,0.801985579450336,"F(19, 144)",472.759176770275,1.40360249163249e-119
agecatXeduc,employ_status,Part-time employed,LessThan9th,10.2626419365778,0.216715978658302,10.2281225900913,8.32792315544649,3.95297193276034,7.55967757312001,1.48193869782234,0.806209713598798,0.514810226324433,1.19416020625362,"F(19, 144)",472.759176770275,1.40360249163249e-119
agecatXeduc,employ_status,Part-time employed,SomeColl_AA,10.2626419365778,0.216715978658302,9.87087459404522,10.1830207922717,8.77397732497677,21.7537537403632,0.633914475064962,0.568051906071534,0.693072284495294,0.871737901919793,"F(19, 144)",472.759176770275,1.40360249163249e-119
agecatXeduc,employ_status,Part-time employed,SomeHS_9to11,10.2626419365778,0.216715978658302,7.4326439329267,6.42638045684555,5.69243344458649,14.3029426380447,0.79754507838486,0.549698371929658,0.721089910958626,0.92344824178226,"F(19, 144)",472.759176770275,1.40360249163249e-119
agecatXeduc,employ_status,Student,Collgrad_Above,2.039903673686,0.139553746943274,0.864919733451961,0.216200106684038,0.0440953278842783,5.76331695617311,0.223351385297551,0.0590567901031756,0.0281904021617946,0.752897880252448,"F(19, 144)",472.759176770275,1.40360249163249e-119
agecatXeduc,employ_status,Student,HSgrad_GED,2.039903673686,0.139553746943274,0.126296119679106,0.171699074847425,0.0590549762407383,4.37843626127123,0.079306443322746,0.0658968076998488,0.0415103059654356,0.554462348364861,"F(19, 144)",472.759176770275,1.40360249163249e-119
agecatXeduc,employ_status,Student,LessThan9th,2.039903673686,0.139553746943274,0.257444304348698,0.221167664689402,0.0469731722997836,0.688493067366713,0.183720118875454,0.157392048541456,0.0296290511992044,0.279069357980393,"F(19, 144)",472.759176770275,1.40360249163249e-119
agecatXeduc,employ_status,Student,SomeColl_AA,2.039903673686,0.139553746943274,1.22680736355887,0.437301813241236,0.0745055861970152,12.396813939446,0.221144276730213,0.0846285213788482,0.0600003516884554,1.21874355320489,"F(19, 144)",472.759176770275,1.40360249163249e-119
agecatXeduc,employ_status,Student,SomeHS_9to11,2.039903673686,0.139553746943274,0.711737769124651,0.362632276682914,0.0386787789528843,11.0955523525334,0.314373147062,0.155360574919614,0.0386322876866262,0.840818513705735,"F(19, 144)",472.759176770275,1.40360249163249e-119
agecatXeduc,employ_status,Unemployed,Collgrad_Above,34.4641819274244,0.419392551651545,13.8534379560656,17.9347723163739,73.1206199265605,9.23570422994801,0.817040707784756,0.735446426620173,1.3775444337706,0.853188254997169,"F(19, 144)",472.759176770275,1.40360249163249e-119
agecatXeduc,employ_status,Unemployed,HSgrad_GED,34.4641819274244,0.419392551651545,24.7642239604153,31.5460272221061,84.3824105432448,25.5135555597452,1.21800248275656,1.0397150906841,0.836306898501437,1.07945799772977,"F(19, 144)",472.759176770275,1.40360249163249e-119
agecatXeduc,employ_status,Unemployed,LessThan9th,34.4641819274244,0.419392551651545,29.7929949134172,45.0810966586988,91.0938585691673,36.9049804457457,1.97420120792107,1.65816275294522,0.802419155376589,2.40187373241291,"F(19, 144)",472.759176770275,1.40360249163249e-119
agecatXeduc,employ_status,Unemployed,SomeColl_AA,34.4641819274244,0.419392551651545,19.0816071772658,26.0169690745739,82.0193579173869,13.8292508855012,0.872072420635176,0.709469326714365,1.04267001278905,0.720319431159713,"F(19, 144)",472.759176770275,1.40360249163249e-119
agecatXeduc,employ_status,Unemployed,SomeHS_9to11,34.4641819274244,0.419392551651545,33.9804489655814,42.7423649059593,88.6030480825713,33.4880209382584,1.46415230624737,1.29179946700832,0.950726249158565,1.17689887639181,"F(19, 144)",472.759176770275,1.40360249163249e-119
agecatXeduc,foodinsecure,0,Collgrad_Above,85.4276298849501,0.364894713013045,95.6830861253198,95.9490288722927,98.6136799444513,94.5965896822125,0.471467205492022,0.41341900257946,0.274375073560986,0.722842761961531,"F(19, 144)",472.759176770275,1.40360249163249e-119
agecatXeduc,foodinsecure,0,HSgrad_GED,85.4276298849501,0.364894713013045,75.3458740889924,83.434296664224,93.1220178035676,76.5369067460435,1.19190345547332,0.850780904990845,0.65006711807261,1.12288729886502,"F(19, 144)",472.759176770275,1.40360249163249e-119
agecatXeduc,foodinsecure,0,LessThan9th,85.4276298849501,0.364894713013045,50.266762633595,63.9575360391464,79.6978049925398,55.5740375117528,2.94239714843583,1.59673899806468,1.29638536904358,3.62961335679707,"F(19, 144)",472.759176770275,1.40360249163249e-119
agecatXeduc,foodinsecure,0,SomeColl_AA,85.4276298849501,0.364894713013045,81.4873307050742,86.3062077028272,93.9821155189036,82.2972360342607,0.971293400908587,0.662140745456349,0.63910490657862,0.843233696517228,"F(19, 144)",472.759176770275,1.40360249163249e-119
agecatXeduc,foodinsecure,0,SomeHS_9to11,85.4276298849501,0.364894713013045,64.820423866045,74.1147404834757,87.5737440511508,68.0070314494147,1.93703717642019,1.291948382815,0.982122963146061,1.36645003844917,"F(19, 144)",472.759176770275,1.40360249163249e-119
agecatXeduc,foodinsecure,1,Collgrad_Above,14.57237011505,0.364894713013045,4.31691387468019,4.05097112770735,1.38632005554874,5.40341031778753,0.471467205492022,0.41341900257946,0.274375073560985,0.722842761961531,"F(19, 144)",472.759176770275,1.40360249163249e-119
agecatXeduc,foodinsecure,1,HSgrad_GED,14.57237011505,0.364894713013045,24.6541259110076,16.565703335776,6.87798219643238,23.4630932539565,1.19190345547332,0.850780904990845,0.65006711807261,1.12288729886502,"F(19, 144)",472.759176770275,1.40360249163249e-119
agecatXeduc,foodinsecure,1,LessThan9th,14.57237011505,0.364894713013045,49.733237366405,36.0424639608536,20.3021950074602,44.4259624882472,2.94239714843583,1.59673899806468,1.29638536904358,3.62961335679707,"F(19, 144)",472.759176770275,1.40360249163249e-119
agecatXeduc,foodinsecure,1,SomeColl_AA,14.57237011505,0.364894713013045,18.5126692949258,13.6937922971728,6.01788448109643,17.7027639657393,0.971293400908588,0.662140745456349,0.63910490657862,0.843233696517228,"F(19, 144)",472.759176770275,1.40360249163249e-119
agecatXeduc,foodinsecure,1,SomeHS_9to11,14.57237011505,0.364894713013045,35.179576133955,25.8852595165243,12.4262559488492,31.9929685505853,1.93703717642019,1.291948382815,0.982122963146061,1.36645003844917,"F(19, 144)",472.759176770275,1.40360249163249e-119
