Variable,Level,mean_total,mean_under30y,mean_30to39y,mean_40to64y,mean_over65y,se_total,se_under30y,se_30to39y,se_40to64y,se_over65y,teststat_df,teststat_val,p_value
educ_level,College graduate or above,27.1476234356855,18.8417920306552,32.4153438168036,30.3901306993058,23.7731775166479,0.68305631743851,0.811273040509183,1.07894262947228,0.799225818007057,0.89181899987291,"F(9.66, 61.61)",61.6084868997148,1.11328304846011e-102
educ_level,Some college or AA degree,30.5806197622433,35.824670834387,30.1739639456992,30.0703561515717,26.0076529012874,0.35013438326296,0.895535321253873,0.666970662321667,0.484898330132486,0.60063670517364,"F(9.66, 61.61)",61.6084868997148,1.11328304846011e-102
educ_level,HS graduate or GED,24.5937764854012,27.4491300118703,21.2782632810328,23.7404927101121,26.6568166865052,0.394515037458225,0.757678724430549,0.681763619899527,0.489043816400393,0.634968626596754,"F(9.66, 61.61)",61.6084868997148,1.11328304846011e-102
educ_level,9-11th grade,11.82880396596,14.6912043719285,11.2026092135323,10.382297345995,12.5746080692025,0.299830923613295,0.482453087427381,0.459736154424227,0.361580729567098,0.485554728074246,"F(9.66, 61.61)",61.6084868997148,1.11328304846011e-102
educ_level,Less than 9th grade,5.84917635071004,3.19320275115901,4.92981974293208,5.41672309301537,10.987744826357,0.197540863841466,0.223422479420773,0.298874065559416,0.245055791615534,0.466353833975651,"F(9.66, 61.61)",61.6084868997148,1.11328304846011e-102
inc_to_pov,0,0,0,0,0,0,0.00506425367830475,0.00759638051745713,0.00759638051745713,0.0101285073566095,0.0101285073566095,"F(3, 160)",215.803259549222,5.25786280871835e-56
inc_to_pov,0.05,0.51,0.26,0.5,0.62,0.75,0.0177248878740666,0.020257014713219,0.0177248878740666,0.0177248878740666,0.0151927610349143,"F(3, 160)",215.803259549222,5.25786280871835e-56
inc_to_pov,0.25,1.45,1.03,1.43,1.81,1.51,0.0303855220698285,0.0329176489089809,0.0354497757481332,0.0481104099438951,0.0329176489089809,"F(3, 160)",215.803259549222,5.25786280871835e-56
inc_to_pov,0.5,2.93,2.09,2.81,3.65,2.55,0.0582389173005046,0.0557067904613523,0.0607710441396571,0.0633031709788094,0.0481104099438951,"F(3, 160)",215.803259549222,5.25786280871835e-56
inc_to_pov,0.75,5,3.88,4.84,5,4.38,0,0.0784959320137235,0.0860923125311807,0,0.108881454083552,"F(3, 160)",215.803259549222,5.25786280871835e-56
inc_to_pov,0.95,5,5,5,5,5,0,0,0,0,0,"F(3, 160)",215.803259549222,5.25786280871835e-56
inc_to_pov,1,5,5,5,5,5,0,0,0,0,0,"F(3, 160)",215.803259549222,5.25786280871835e-56
inc_to_pov_level,High income,35.9063791897125,23.7702243595429,34.3215169278927,45.1854932642098,29.5265001539572,0.717740028557329,0.809240054988354,1.06184655201749,0.920831970574974,0.989865531461044,"F(5.27, 154.82)",154.816879693809,1.09452080741221e-121
inc_to_pov_level,Middle income,49.4026148483228,52.0593845545737,50.8056931186374,43.2297469816903,59.9899501576212,0.587396530668272,0.850703444490471,0.96275511431841,0.781289382701584,0.924440345648003,"F(5.27, 154.82)",154.816879693809,1.09452080741221e-121
inc_to_pov_level,Low income,14.6910059619647,24.1703910858835,14.8727899534699,11.5847597540999,10.4835496884216,0.407664421743092,0.888102230909089,0.490353388833888,0.442834113151417,0.490567014093195,"F(5.27, 154.82)",154.816879693809,1.09452080741221e-121
employ_status,Full-time employed,53.0576595060644,54.9639590391605,69.7373799286994,63.1602174304643,9.30736692044366,0.415802664179706,0.818242131823352,0.553422186820193,0.563771976893442,0.45416379796167,"F(7.74, 1070.26)",1070.25793188495,0
employ_status,Part-time employed,10.3619365426447,16.4188464455406,8.7011473139306,8.89945626992208,8.24592699435751,0.214605615933112,0.502925810098795,0.322453572967095,0.281759395911092,0.31673146963337,"F(7.74, 1070.26)",1070.25793188495,0
employ_status,Student,2.13786196832411,8.69188724906005,0.76951328773356,0.288980630833911,0.0555006994221365,0.142130576403478,0.579311944138692,0.104552341538947,0.0399049563813642,0.0208902177268546,"F(7.74, 1070.26)",1070.25793188495,0
employ_status,Unemployed,34.4425419829668,19.9253072662388,20.7919594696365,27.6513456687798,82.3912053857767,0.419872006505778,0.606630160923877,0.494241655475212,0.539664594999945,0.560446756998815,"F(7.74, 1070.26)",1070.25793188495,0
