Variable,Total,1999-2000,2001-2002,2003-2004,2005-2006,2007-2008,2009-2010,2011-2012,2013-2014,2015-2016,2017-2020,n_raw_Total,n_raw_1999-2000,n_raw_2001-2002,n_raw_2003-2004,n_raw_2005-2006,n_raw_2007-2008,n_raw_2009-2010,n_raw_2011-2012,n_raw_2013-2014,n_raw_2015-2016,n_raw_2017-2020,n_weight_Total,n_weight_1999-2000,n_weight_2001-2002,n_weight_2003-2004,n_weight_2005-2006,n_weight_2007-2008,n_weight_2009-2010,n_weight_2011-2012,n_weight_2013-2014,n_weight_2015-2016,n_weight_2017-2020
Years,"","","","","","","","","","","",,,,,,,,,,,,,,,,,,,,,,
 1999-2000,8.018 (0.343),100 (0),0 (0),0 (0),0 (0),0 (0),0 (0),0 (0),0 (0),0 (0),0 (0),5448,5448,,,,,,,,,,18147427,18147427,,,,,,,,,
 2001-2002,9.157 (0.369),0 (0),100 (0),0 (0),0 (0),0 (0),0 (0),0 (0),0 (0),0 (0),0 (0),5993,,5993,,,,,,,,,20724316,,20724316,,,,,,,,
 2003-2004,8.897 (0.582),0 (0),0 (0),100 (0),0 (0),0 (0),0 (0),0 (0),0 (0),0 (0),0 (0),5620,,,5620,,,,,,,,20136647,,,20136647,,,,,,,
 2005-2006,9.074 (0.519),0 (0),0 (0),0 (0),100 (0),0 (0),0 (0),0 (0),0 (0),0 (0),0 (0),5563,,,,5563,,,,,,,20537780,,,,20537780,,,,,,
 2007-2008,9.297 (0.493),0 (0),0 (0),0 (0),0 (0),100 (0),0 (0),0 (0),0 (0),0 (0),0 (0),6228,,,,,6228,,,,,,21041539,,,,,21041539,,,,,
 2009-2010,9.431 (0.473),0 (0),0 (0),0 (0),0 (0),0 (0),100 (0),0 (0),0 (0),0 (0),0 (0),6527,,,,,,6527,,,,,21343713,,,,,,21343713,,,,
 2011-2012,9.671 (0.549),0 (0),0 (0),0 (0),0 (0),0 (0),0 (0),100 (0),0 (0),0 (0),0 (0),5864,,,,,,,5864,,,,21887032,,,,,,,21887032,,,
 2013-2014,9.905 (0.492),0 (0),0 (0),0 (0),0 (0),0 (0),0 (0),0 (0),100 (0),0 (0),0 (0),6113,,,,,,,,6113,,,22416470,,,,,,,,22416470,,
 2015-2016,10.021 (0.505),0 (0),0 (0),0 (0),0 (0),0 (0),0 (0),0 (0),0 (0),100 (0),0 (0),5992,,,,,,,,,5992,,22680627,,,,,,,,,22680627,
 2017-2020,16.529 (0.631),0 (0),0 (0),0 (0),0 (0),0 (0),0 (0),0 (0),0 (0),0 (0),100 (0),9693,,,,,,,,,,9693,37409162,,,,,,,,,,37409162
gender,"","","","","","","","","","","",,,,,,,,,,,,,,,,,,,,,,
 Female,51.827 (0.216),52.115 (0.751),52.034 (0.488),51.995 (0.687),51.775 (0.509),51.646 (0.616),51.716 (0.514),51.674 (0.742),51.884 (0.656),51.811 (0.599),51.744 (0.783),32614,2898,3148,2924,2888,3160,3352,2967,3197,3105,4975,117298081,9457525,10783613,10470124,10633352,10867130,11038037,11309819,11630519,11751064,19356898
 Male,48.173 (0.216),47.885 (0.751),47.966 (0.488),48.005 (0.687),48.225 (0.509),48.354 (0.616),48.284 (0.514),48.326 (0.742),48.116 (0.656),48.189 (0.599),48.256 (0.783),30427,2550,2845,2696,2675,3068,3175,2897,2916,2887,4718,109026632,8689902,9940702,9666523,9904428,10174409,10305675,10577213,10785952,10929563,18052264
age_4lvl,"","","","","","","","","","","",,,,,,,,,,,,,,,,,,,,,,
 under30y,21.463 (0.38),21.894 (1.215),21.612 (1.025),21.932 (1.357),21.789 (1.136),22.004 (1.129),21.64 (0.779),21.536 (2.168),21.639 (1.004),20.623 (0.826),20.697 (0.936),14404,1439,1600,1489,1651,1191,1350,1298,1300,1247,1839,48576427,3973288,4478870,4416411,4474880,4630008,4618798,4713502,4850697,4677538,7742434
 30to39y,18.041 (0.282),21.746 (1.365),19.142 (1.005),19.246 (0.726),18.361 (1.156),17.787 (0.814),17.387 (0.639),16.93 (1.119),16.86 (0.548),17.131 (0.87),17.237 (0.668),9834,824,907,832,856,1012,1042,963,998,979,1421,40832178,3946271,3967145,3875506,3770883,3742595,3710936,3705497,3779441,3885507,6448396
 40to64y,42.795 (0.351),39.495 (0.691),43.58 (1.48),42.337 (1.196),43.219 (1.183),44.039 (1.063),43.87 (0.734),44.491 (1.749),43.464 (1.009),42.329 (0.986),41.548 (0.676),23841,1793,2023,1805,1867,2469,2612,2353,2509,2388,4022,96854612,7167403,9031683,8525333,8876165,9266506,9363444,9737698,9743130,9600596,15542655
 over65y,17.701 (0.319),16.864 (0.576),15.666 (0.89),16.484 (0.711),16.632 (1.476),16.17 (0.672),17.104 (0.799),17.044 (1.072),18.037 (0.606),19.916 (1.132),20.518 (1.135),14962,1392,1463,1494,1189,1556,1523,1250,1306,1378,2411,40061496,3060465,3246617,3319398,3415852,3402429,3650534,3730335,4043202,4516987,7675676
racethn_combn,"","","","","","","","","","","",,,,,,,,,,,,,,,,,,,,,,
 Mexican-American,8.311 (0.514),7.609 (1.552),6.874 (0.838),7.866 (1.949),8.078 (1.005),8.428 (1.499),8.781 (2.192),7.917 (1.725),9.376 (1.714),9.151 (2.143),8.564 (1.222),11154,1553,1301,1159,1185,1097,1226,590,848,1064,1131,18809905,1380876,1424577,1583888,1659111,1773435,1874251,1732750,2101829,2075545,3203642
 NHAsian,2.59 (0.22),0 (0),0 (0),0 (0),0 (0),0 (0),0 (0),5.155 (0.882),5.313 (0.622),5.832 (1.252),5.931 (0.911),3431,,,,,,,827,706,726,1172,5860870,,,,,,,1128336,1190992,1322640,2218902
 NHB,11.387 (0.567),10.893 (1.7),10.76 (1.73),11.32 (1.838),11.726 (1.985),11.378 (1.924),11.541 (0.849),11.718 (2.337),11.483 (1.632),11.495 (2.181),11.426 (1.43),13873,1035,1185,1188,1341,1300,1195,1555,1254,1265,2555,25772417,1976741,2229894,2279548,2408318,2394146,2463342,2564823,2574074,2607124,4274406
 NHW,67.285 (1.017),68.84 (2.573),71.84 (2.542),71.854 (3.423),71.414 (2.77),69.23 (3.658),67.549 (3.346),65.939 (3.889),65.528 (3.249),63.348 (3.91),62.261 (2.405),26758,2329,3032,2865,2633,2858,3078,2108,2571,1914,3370,152281521,12492760,14888261,14468906,14666909,14567108,14417557,14432012,14689074,14367676,23291258
 Other Hispanic,5.864 (0.428),7.921 (2.757),5.975 (2.078),3.635 (0.624),3.379 (0.742),5.002 (1.228),5.012 (1.212),6.622 (1.519),5.548 (1.003),6.435 (1.241),7.742 (0.765),5252,337,258,168,171,714,659,616,540,798,991,13272810,1437476,1238266,732020,693874,1052587,1069678,1449455,1243628,1459441,2896385
 Other/Multi-Racial,1.577 (0.094),0 (0),0 (0),0 (0),0 (0),0 (0),0 (0),2.648 (0.411),2.752 (0.49),3.74 (0.344),4.075 (0.359),1061,,,,,,,168,194,225,474,3569298,,,,,,,579656,616873,848201,1524569
 Other/Multi-Racial/NHAsian,2.986 (0.19),4.737 (1.083),4.552 (0.631),5.325 (0.707),5.403 (0.583),5.961 (1.023),7.116 (1.089),0 (0),0 (0),0 (0),0 (0),1512,194,217,240,233,259,369,,,,,6757892,859574,943317,1072285,1109568,1254263,1518884,,,,
educ_level,"","","","","","","","","","","",,,,,,,,,,,,,,,,,,,,,,
 College graduate or above,27.148 (0.683),21.269 (2.513),24.901 (1.406),22.29 (1.491),25.012 (1.995),24.3 (1.94),26.838 (1.249),29.843 (2.383),29.13 (1.845),31.496 (2.93),31.531 (2.049),12643,793,1079,915,978,1100,1259,1397,1443,1422,2257,61076993,3850697,5152185,4485209,5130301,5109971,5717015,6530277,6526066,7142398,11432875
 Some college or AA degree,30.581 (0.35),27.071 (1.02),29.012 (1.181),31.3 (1.146),31.228 (0.958),28.683 (0.879),30.448 (0.825),32.344 (1.46),32.349 (0.998),32.22 (1.394),30.46 (0.96),17458,1175,1471,1505,1558,1583,1832,1761,1849,1749,2975,68800582,4900995,6002728,6298008,6405221,6031728,6485894,7077436,7247366,7306618,11044589
 HS graduate or GED,24.594 (0.395),26.308 (1.87),25.726 (0.811),27.359 (0.975),25.457 (0.779),25.978 (1.292),23.236 (1.131),20.569 (1.285),22.311 (1.23),21.297 (1.12),26.965 (1.306),14923,1269,1460,1448,1390,1551,1528,1258,1437,1357,2225,55331323,4762990,5322880,5505010,5221514,5462789,4949712,4500945,4998517,4829633,9777334
 9-11th grade,11.829 (0.3),17.605 (0.745),13.507 (0.802),12.375 (0.786),11.87 (1.082),14.349 (1.148),13.32 (0.534),11.52 (1.521),11.791 (1.168),9.052 (0.87),7.27 (0.36),10206,1224,1121,989,977,1168,1119,883,917,767,1041,26612561,3187267,2794730,2489974,2434695,3017409,2837463,2520801,2641573,2052642,2636007
 Less than 9th grade,5.849 (0.198),7.747 (0.779),6.855 (0.467),6.677 (0.462),6.433 (0.729),6.69 (0.714),6.157 (0.673),5.724 (0.565),4.418 (0.498),5.936 (0.931),3.775 (0.379),7224,961,841,749,650,819,773,560,460,692,719,13159535,1402552,1418272,1343524,1319408,1406764,1311652,1252591,989838,1346029,1368905
inc_to_pov,2.974 ± 0.026,2.851 ± 0.116,3.005 ± 0.063,2.927 ± 0.079,3.075 ± 0.069,2.997 ± 0.088,2.957 ± 0.042,2.859 ± 0.106,2.873 ± 0.101,2.986 ± 0.104,3.107 ± 0.052,56637,4605,5511,5259,5269,5636,5869,5332,5628,5316,8212,208555160,16059621,19374481,19022794,19764261,19383504,19614346,20480368,20952628,20823788,33079369
inc_to_pov_level,"","","","","","","","","","","",,,,,,,,,,,,,,,,,,,,,,
 High income,35.906 (0.718),33.276 (2.775),36.69 (1.815),33.986 (2.02),35.961 (1.847),36.966 (2.271),35.373 (1.167),34.376 (2.862),33.764 (2.451),36.608 (3.065),39.355 (1.78),14227,1098,1535,1304,1378,1384,1400,1294,1399,1237,2198,74884607,5343925,7108403,6465097,7107516,7165362,6938203,7040278,7074422,7623147,13018254
 Middle income,49.403 (0.587),50.522 (1.969),49.07 (1.377),52.283 (1.603),52.489 (1.414),48.383 (1.728),49.383 (1.584),47.231 (2.39),49.821 (1.515),48.796 (2.14),47.625 (1.905),30021,2472,2942,2864,2865,3040,3109,2607,2890,2859,4373,103031702,8113637,9507002,9945709,10374047,9378225,9686249,9673006,10438729,10161074,15754025
 Low income,14.691 (0.408),16.202 (1.575),14.241 (0.931),13.731 (1.388),11.55 (0.753),14.651 (1.234),15.243 (0.994),18.394 (1.864),16.415 (1.717),14.597 (1.383),13.02 (0.91),12389,1035,1034,1091,1026,1212,1360,1431,1339,1220,1641,30638851,2602060,2759076,2611988,2282699,2839917,2989894,3767083,3439477,3039567,4307090
employ_status,"","","","","","","","","","","",,,,,,,,,,,,,,,,,,,,,,
 Full-time employed,53.058 (0.416),55.325 (1.166),54.117 (1.312),53.952 (1.515),56.999 (1.308),54.82 (1.363),51.336 (0.667),48.845 (1.896),50.4 (1.36),52.504 (1.504),53.11 (0.927),28119,2432,2690,2348,2635,2847,2760,2446,2733,2768,4460,120038819,10033079,11214047,10862439,11704208,11532731,10956553,10688099,11294886,11889533,19863244
 Part-time employed,10.362 (0.215),9.101 (0.788),10.149 (0.581),9.903 (0.6),9.65 (0.774),9.284 (0.517),10.392 (0.652),11.252 (1.248),10.723 (0.474),11.364 (0.614),10.975 (0.395),6324,500,604,558,549,533,687,585,646,669,993,23443074,1650382,2103086,1993748,1981494,1953182,2217923,2462176,2402991,2573296,4104796
 Student,2.138 (0.142),2.224 (0.505),1.794 (0.352),2.368 (0.439),1.384 (0.296),2.453 (0.377),2.47 (0.279),4.021 (1.11),2.198 (0.27),1.428 (0.202),1.502 (0.212),1801,157,134,208,163,145,181,307,186,124,196,4836746,403314,371804,476786,284293,516033,527066,879850,492576,323424,561600
 Unemployed,34.443 (0.42),33.35 (1.018),33.939 (1.293),33.777 (1.105),31.967 (1.458),33.443 (1.638),35.802 (0.813),35.882 (1.731),36.68 (1.439),34.704 (1.724),34.414 (0.891),26751,2351,2555,2504,2214,2701,2898,2524,2543,2421,4040,77923567,6047884,7032747,6800489,6564190,7035459,7641125,7851761,8220199,7858862,12870851
foodinsecure,"",,,"","","","","","","","",,,,,,,,,,,,,,,,,,,,,,
 0,85.377 (0.364),,,88.633 (0.673),90.059 (0.719),88.223 (0.949),86.002 (0.867),83.965 (1.407),84.594 (1.09),81.476 (1.418),82.641 (0.825),40253,,,4622,4681,5161,5123,4636,4850,4313,6867,192826748,,,21119708,22614073,22740053,22429461,22592632,23099505,22172289,36059028
 1,14.623 (0.364),,,11.367 (0.673),9.941 (0.719),11.777 (0.949),13.998 (0.867),16.035 (1.407),15.406 (1.09),18.524 (1.418),17.359 (0.825),9824,,,749,815,1008,1324,1200,1180,1456,2092,33027620,,,2708546,2496237,3035493,3650576,4314418,4206914,5040891,7574544
smoke_status,"","","","","","","","","","","",,,,,,,,,,,,,,,,,,,,,,
 Current smoker,21.031 (0.363),24.047 (1.333),24.64 (1.07),25.489 (1.119),23.93 (1.217),22.79 (1.292),20.312 (0.796),19.82 (1.091),19.707 (1.11),18.26 (0.94),16.455 (0.966),12179,999,1171,1131,1089,1319,1346,1108,1232,1100,1684,46493823,4195544,4912306,4933506,4742356,4619268,4198211,4185142,4416793,4136755,6153942
 Former smoker,24.579 (0.333),25.118 (1.159),25.193 (1.351),25.232 (0.838),24.842 (1.038),24.109 (0.692),24.255 (1.26),24.2 (1.324),23.052 (0.989),24.545 (1.032),25.107 (0.813),14483,1300,1424,1365,1259,1482,1520,1259,1347,1322,2205,54338855,4382544,5022441,4883734,4922984,4886732,5013099,5110141,5166492,5560715,9389973
 Never smoker,54.39 (0.449),50.835 (1.633),50.167 (1.858),49.278 (0.904),51.228 (1.364),53.101 (1.628),55.433 (1.612),55.98 (1.379),57.241 (1.308),57.195 (1.042),58.438 (1.107),33083,2566,2801,2538,2625,3127,3352,3184,3532,3559,5799,120243732,8869537,10001403,9537909,10151939,10762948,11457194,11820615,12828921,12957631,21855636
alch_freq_wk,"","","","","","","","","","","",,,,,,,,,,,,,,,,,,,,,,
 Never drinker,11.878 (0.492),15.15 (1.213),16.556 (3.53),14.716 (1.379),13.224 (1.581),14.895 (1.24),12.195 (0.84),13.131 (0.999),15.853 (2.369),15.698 (1.144),0 (0),6784,642,723,632,604,793,678,788,940,984,,20780248,2082942,2541501,2109535,2000939,2274070,1885998,2219298,2837308,2828658,
 Non-drinker,3.22 (0.18),0 (0),0 (0),0 (0),0 (0),0 (0),0 (0),0 (0),0 (0),0 (0),17.158 (0.643),1638,,,,,,,,,,1638,5633182,,,,,,,,,,5633182
 Less than 1 per month,30.322 (0.447),32.995 (1.702),31.645 (1.372),32.569 (0.99),31.653 (1.775),31.411 (1.097),29.341 (0.68),29.228 (1.837),31.768 (1.224),30.416 (1.564),26.667 (1.156),13573,1156,1219,1089,1118,1330,1376,1304,1480,1427,2074,53046275,4536298,4857662,4668671,4789345,4795565,4537477,4939791,5685721,5480688,8755057
 Less than 1 per week,14.862 (0.293),11.947 (0.555),12.126 (0.662),13.444 (0.557),13.097 (0.94),13.243 (0.862),13.577 (0.586),13.594 (1.214),12.447 (0.981),13.574 (0.687),22.827 (0.908),5958,369,432,421,431,495,554,539,557,548,1612,25999624,1642503,1861334,1927174,1981739,2021827,2099600,2297567,2227666,2445930,7494285
 1-2 per week,13.406 (0.316),12.388 (1.155),12.842 (1.153),13.492 (0.697),11.956 (0.954),11.808 (0.994),12.424 (0.748),12.787 (1.232),11.827 (0.736),12.366 (0.62),17.682 (0.935),5130,368,440,398,375,445,502,467,497,490,1148,23453227,1703112,1971303,1934028,1809083,1802758,1921318,2161122,2116824,2228294,5805384
 3-6 per week,20.505 (0.398),20.801 (1.462),19.844 (1.286),19.866 (1.137),22.804 (1.301),23.151 (1.447),24.962 (0.812),24.372 (1.553),22.381 (1.124),22.298 (1.686),12.581 (0.594),7266,551,622,590,654,799,906,782,851,724,787,35871986,2859820,3046172,2847626,3450397,3534449,3860358,4118976,4005660,4018023,4130505
 1 or more per day,5.808 (0.205),6.719 (0.925),6.987 (0.672),5.912 (0.385),7.265 (0.739),5.492 (0.791),7.501 (0.876),6.887 (0.389),5.725 (0.617),5.648 (0.658),3.085 (0.42),2346,207,266,197,237,243,326,235,208,187,240,10160712,923702,1072516,847472,1099329,838493,1159970,1164003,1024567,1017705,1012956
pa_level_mets,"","","","","","","","","","","",,,,,,,,,,,,,,,,,,,,,,
 High,39.09 (0.42),20.015 (1.184),23.337 (1.279),19.903 (1.087),22.819 (1.048),48.593 (1.114),45.126 (1.554),47.93 (1.526),44.306 (0.907),50.148 (1.134),52.715 (0.749),22207,941,1191,1060,1183,2677,2720,2542,2594,2675,4624,88196471,3631067,4833621,4007302,4686354,10178401,9610820,10444957,9898039,11296309,19609601
 Low,42.208 (0.47),60.531 (2.087),55.726 (1.564),58.693 (1.558),55.292 (1.272),34.918 (1.236),35.648 (1.027),33.824 (1.579),37.009 (0.687),33.479 (1.464),30.777 (0.756),29785,3636,3727,3490,3278,2577,2657,2225,2377,2307,3511,95231524,10981208,11542253,11817179,11355406,7314001,7592351,7370952,8267881,7541438,11448856
 Moderate,18.703 (0.258),19.454 (1.331),20.937 (1.038),21.404 (0.872),21.889 (1.001),16.489 (0.82),19.226 (0.803),18.246 (0.687),18.685 (0.595),16.372 (0.74),16.507 (0.563),10813,863,1064,1068,1100,947,1135,1077,1124,955,1480,42198062,3529245,4336589,4309391,4495413,3453709,4094652,3976180,4174316,3688018,6140551
genhealth,"","","","","","","","","","","",,,,,,,,,,,,,,,,,,,,,,
 Poor,3.219 (0.109),3.29 (0.295),3.41 (0.465),3.997 (0.567),3.127 (0.239),3.63 (0.346),2.971 (0.215),3.043 (0.394),3.224 (0.343),3.457 (0.375),2.574 (0.138),2906,291,261,280,215,341,295,268,248,302,405,7279734,596433,706555,804514,641838,763709,633940,665895,722157,782803,961890
 Fair,14.374 (0.261),13.941 (0.841),12.333 (0.595),14.13 (0.668),13.023 (0.794),14.769 (0.717),14.534 (0.741),13.828 (1.075),15.311 (0.886),14.764 (1),15.795 (0.737),11930,1007,993,1007,952,1262,1315,1074,1143,1220,1957,32508387,2527457,2555246,2844124,2673114,3106903,3101334,3025919,3429560,3342770,5901960
 Good,33.797 (0.314),29.682 (1.48),30.059 (0.804),31.184 (1.071),34.247 (0.638),33.662 (1.156),34.489 (0.893),35.895 (1.16),36.134 (0.75),34.604 (1.038),35.587 (0.904),22131,1716,1875,1799,1947,2174,2386,2194,2297,2187,3556,76437213,5381156,6227780,6276960,7029898,7081093,7359648,7854514,8094050,7834840,13297272
 Very good,31.498 (0.371),30.828 (0.772),32.365 (0.884),29.749 (1.51),31.989 (1.298),31.287 (1.457),31.937 (1.019),30.573 (1.363),31.101 (1.025),32.452 (1.378),32.085 (0.823),16603,1389,1646,1455,1539,1587,1679,1510,1618,1541,2639,71238337,5588841,6705516,5987993,6566410,6581591,6815045,6689876,6966606,7347729,11988728
 Excellent,17.113 (0.281),22.259 (1.488),21.833 (1.001),20.94 (0.769),17.614 (0.737),16.651 (0.722),16.069 (0.762),16.661 (0.931),14.231 (0.625),14.723 (0.824),13.958 (0.958),9420,1038,1215,1075,905,861,850,816,802,732,1126,38703444,4035391,4523471,4214943,3615582,3502660,3429025,3645681,3187666,3333541,5215486
income_hh,"","","","","","","","","","",,,,,,,,,,,,,,,,,,,,,,,
" $0-$4,999",1.613 (0.099),2.218 (0.435),1.345 (0.163),1.567 (0.361),1.456 (0.228),1.31 (0.277),1.666 (0.222),2.027 (0.417),1.584 (0.312),1.455 (0.189),,1207,130,117,131,132,117,144,162,135,139,,3359047,415737,301327,349940,344299,314197,402233,487441,388334,355540,
" $5,000-$9,999",3.393 (0.154),5.998 (0.819),4.669 (0.44),3.496 (0.349),2.994 (0.341),3.003 (0.228),2.45 (0.289),3.108 (0.525),3.144 (0.501),2.359 (0.343),,2556,389,311,294,253,292,248,298,245,226,,7065772,1124230,1046001,780905,707738,720571,591611,747416,770910,576390,
" $10,000-$14,999",5.56 (0.203),7.611 (0.99),5.851 (0.45),6.743 (0.66),4.832 (0.303),5.154 (0.601),5.346 (0.458),6.336 (0.458),4.836 (0.738),3.915 (0.539),,3998,455,439,519,402,468,489,470,397,359,,11579291,1426612,1310834,1506236,1142273,1236532,1290881,1523691,1185870,956361,
" $15,000-$19,999",5.606 (0.172),6.17 (0.472),7.025 (0.621),6.121 (0.489),5.388 (0.507),5.651 (0.536),4.727 (0.375),5.865 (0.585),4.959 (0.495),4.832 (0.446),,3808,386,471,447,403,476,438,437,386,364,,11675727,1156544,1573950,1367335,1273805,1355810,1141409,1410536,1216022,1180317,
" Under $20,000",0.516 (0.043),0.168 (0.079),0.023 (0.014),0.157 (0.063),0.37 (0.117),0.572 (0.071),0.577 (0.12),0.842 (0.193),0.781 (0.157),1 (0.18),,437,21,4,19,31,66,68,64,69,95,,1073969,31405,5192,35017,87373,137278,139286,202534,191506,244378,
" Over $20,000",1.577 (0.123),3.536 (0.593),0.013 (0.006),0.629 (0.239),1.976 (0.322),3.847 (0.667),4.503 (0.518),0 (0),0 (0),0 (0),,883,178,6,23,126,227,323,,,,,3283475,662729,2849,140537,467062,923029,1087269,,,,
" $20,000-$24,999",6.551 (0.205),8.095 (1.02),6.656 (0.535),7.077 (0.502),6.064 (0.556),6.96 (0.503),6.229 (0.393),6.214 (0.597),7.287 (0.752),4.77 (0.537),,4065,391,434,473,405,531,518,450,502,361,,13643240,1517269,1491218,1580762,1433568,1669727,1503992,1494572,1786861,1165271,
" $25,000-$34,999",10.895 (0.272),12.924 (0.876),11.033 (0.783),12.504 (1.037),11.389 (0.886),11.034 (0.753),10.372 (0.461),10.049 (1.064),9.711 (0.604),9.664 (0.657),,6203,615,696,731,697,778,817,616,633,620,,22690323,2422444,2471727,2793146,2692519,2647249,2504513,2416851,2381036,2360838,
" $35,000-$44,999",9.713 (0.269),9.483 (0.85),10.293 (0.701),11.77 (0.817),9.74 (0.745),8.935 (0.734),8.79 (0.781),9.84 (0.844),9.615 (0.891),9.102 (0.81),,4915,423,555,592,549,593,568,530,551,554,,20228812,1777419,2305907,2629105,2302674,2143703,2122367,2366515,2357623,2223500,
" $45,000-$54,999",9.131 (0.227),9.453 (0.561),10.549 (0.512),9.813 (0.918),10.501 (0.546),8.194 (0.786),8.593 (0.625),7.939 (0.689),8.612 (0.783),8.777 (0.592),,4131,370,504,457,521,466,503,360,476,474,,19015625,1771842,2363455,2192049,2482403,1965932,2074920,1909228,2111673,2144122,
" $55,000-$64,999",7.089 (0.223),7.777 (0.67),7.703 (0.621),7.252 (0.873),7.885 (0.64),6.52 (0.565),7.36 (0.78),5.539 (0.604),6.872 (0.516),7.114 (0.701),,3012,279,400,290,353,348,373,265,349,355,,14763692,1457701,1725639,1619902,1864127,1564116,1777115,1332213,1685013,1737866,
" $65,000-$74,999",6.219 (0.253),5.2 (0.69),6.306 (0.756),6.857 (0.628),7.13 (1.005),6.868 (0.632),5.217 (0.521),6.737 (1.105),5.119 (0.653),6.399 (0.54),,2420,197,264,250,309,325,265,270,248,292,,12951268,974709,1412848,1531786,1685690,1647809,1259699,1620130,1255276,1563320,
" Over $75,000",11.22 (0.491),21.369 (2.643),28.534 (2.008),26.015 (2.276),30.275 (2.08),0 (0),0 (0),0 (0),0 (0),0 (0),,4061,707,1176,993,1185,,,,,,,23366769,4005488,6392674,5811334,7157273,,,,,,
" $75,000-$99,999",6.764 (0.268),0 (0),0 (0),0 (0),0 (0),12.32 (1.209),12.386 (0.852),10.674 (0.757),10.854 (0.691),11.92 (0.769),,2610,,,,,533,572,462,498,545,,14086909,,,,,2955664,2990843,2567024,2661426,2911952,
" Over $100,000",14.155 (0.717),0 (0),0 (0),0 (0),0 (0),19.63 (1.812),21.785 (1.18),24.831 (3.23),26.624 (2.294),28.693 (3.034),,4585,,,,,753,855,918,1104,955,,29479310,,,,,4709544,5260356,5971717,6528158,7009535,
income_fam,"","","","","","","","","","",,,,,,,,,,,,,,,,,,,,,,,
" $0-$4,999",2.987 (0.174),3.547 (0.456),3.437 (0.387),3.795 (0.667),2.233 (0.289),2.494 (0.417),2.652 (0.349),3.818 (0.964),2.534 (0.508),2.503 (0.22),,2110,254,261,312,196,183,230,272,197,205,,6364905,725278,818446,874656,528880,596783,641815,929113,630111,619824,
" $5,000-$9,999",4.426 (0.195),7.859 (1.03),5.934 (0.677),4.681 (0.479),3.481 (0.372),3.502 (0.197),3.596 (0.222),4.13 (0.677),3.87 (0.616),3.357 (0.406),,3194,524,427,389,293,328,325,337,299,272,,9431010,1606851,1413115,1078886,824715,838146,870116,1005190,962579,831413,
" $10,000-$14,999",6.599 (0.198),8.91 (0.92),7.82 (0.417),8.088 (0.649),5.69 (0.324),5.906 (0.693),6.009 (0.396),7.066 (0.525),5.385 (0.531),5.008 (0.552),,4649,558,598,628,452,504,534,529,445,401,,14062830,1821712,1862204,1863972,1348014,1413400,1454086,1719790,1339353,1240298,
" $15,000-$19,999",5.885 (0.189),6.227 (0.701),6.725 (0.426),6.893 (0.551),5.811 (0.526),6.234 (0.674),4.873 (0.35),5.774 (0.567),5.535 (0.529),5.041 (0.644),,4034,422,501,485,429,504,449,443,418,383,,12541087,1273139,1601433,1588581,1376502,1491968,1179015,1405306,1376498,1248646,
" Under $20,000",0.991 (0.073),2.491 (0.461),1.153 (0.322),0.99 (0.22),0.41 (0.122),0.737 (0.092),0.729 (0.128),0.888 (0.192),0.776 (0.182),0.977 (0.175),,794,188,98,87,31,79,82,68,64,97,,2112817,509284,274634,228156,97026,176295,176421,216041,192900,242060,
" Over $20,000",2.024 (0.151),4.997 (0.903),3.021 (0.587),1.795 (0.327),1.325 (0.277),3.867 (0.665),3.799 (0.549),0 (0),0 (0),0 (0),,1071,257,161,86,86,231,250,,,,,4313232,1021745,719301,413629,313945,925487,919124,,,,
" $20,000-$24,999",7.055 (0.188),8.638 (0.855),7.14 (0.488),8.028 (0.315),6.575 (0.5),7.483 (0.522),6.583 (0.432),6.452 (0.589),7.518 (0.714),5.397 (0.457),,4384,460,518,518,432,555,534,464,521,382,,15034663,1766169,1700343,1850109,1557578,1790830,1592943,1570174,1869726,1336791,
" $25,000-$34,999",10.893 (0.274),11.844 (1.08),10.665 (0.713),11.998 (1.006),12.1 (0.785),10.924 (0.877),10.181 (0.486),10.562 (1.024),10.055 (0.658),9.974 (0.606),,6096,598,667,662,708,750,798,626,645,642,,23212054,2421639,2539729,2765218,2866385,2614143,2463374,2570614,2500667,2470286,
" $35,000-$44,999",9.421 (0.27),8.516 (1.051),9.338 (0.655),10.247 (0.806),10.296 (0.77),8.353 (0.759),9.558 (0.77),10.087 (0.9),9.566 (0.788),8.739 (0.725),,4737,395,522,518,562,545,582,527,554,532,,20075649,1741073,2223642,2361628,2438933,1998923,2312844,2454945,2379230,2164429,
" $45,000-$54,999",8.74 (0.222),8.698 (0.482),9.314 (0.581),9.428 (0.787),10.42 (0.501),7.84 (0.779),7.726 (0.735),7.682 (0.575),8.401 (0.743),9.216 (0.676),,3963,360,461,428,503,445,471,359,458,478,,18624772,1778445,2217818,2172914,2468294,1876316,1869489,1869625,2089270,2282600,
" $55,000-$64,999",6.577 (0.197),6.307 (0.537),6.539 (0.459),6.349 (0.664),7.03 (0.473),6.437 (0.564),7.162 (0.726),5.649 (0.539),6.691 (0.535),6.976 (0.727),,2781,237,337,258,314,333,356,267,331,348,,14015145,1289522,1557004,1463323,1665215,1540468,1732928,1374820,1664065,1727800,
" $65,000-$74,999",5.667 (0.24),4.394 (0.679),5.502 (0.664),5.853 (0.449),6.57 (0.975),6.278 (0.62),5.135 (0.483),6.613 (1.084),4.742 (0.67),5.769 (0.546),,2297,189,250,227,286,297,257,269,247,275,,12076458,898304,1310098,1348995,1556412,1502495,1242616,1609336,1179450,1428752,
" Over $75,000",9.785 (0.451),17.571 (2.013),23.412 (1.623),21.853 (2.165),28.06 (1.913),0 (0),0 (0),0 (0),0 (0),0 (0),,3505,608,969,834,1094,,,,,,,20850855,3592532,5575001,5036341,6646981,,,,,,
" $75,000-$99,999",6.1 (0.25),0 (0),0 (0),0 (0),0 (0),11.192 (1.07),11.46 (0.809),9.541 (0.824),10.408 (0.637),10.644 (0.752),,2422,,,,,485,528,420,482,507,,12998188,,,,,2678471,2772918,2322025,2588480,2636295,
" Over $100,000",12.85 (0.649),0 (0),0 (0),0 (0),0 (0),18.752 (1.768),20.537 (1.146),21.738 (2.644),24.52 (2.234),26.4 (2.846),,4253,,,,,707,805,819,1031,891,,27383871,,,,,4487517,4969197,5290385,6098110,6538662,
foodsecure_level,"",,,"","","","","","","","",,,,,,,,,,,,,,,,,,,,,,
 Food secure,85.377 (0.364),,,88.633 (0.673),90.059 (0.719),88.223 (0.949),86.002 (0.867),83.965 (1.407),84.594 (1.09),81.476 (1.418),82.641 (0.825),40253,,,4622,4681,5161,5123,4636,4850,4313,6867,192826748,,,21119708,22614073,22740053,22429461,22592632,23099505,22172289,36059028
 Low food security,9.048 (0.263),,,6.83 (0.403),6.591 (0.542),7.923 (0.781),8.8 (0.505),9.339 (0.826),9.726 (0.865),11.322 (1.129),10.462 (0.618),6185,,,483,558,662,824,737,744,922,1255,20434781,,,1627560,1655093,2042257,2295050,2512807,2655711,3081205,4565097
 Very low food security,5.576 (0.203),,,4.537 (0.59),3.35 (0.409),3.853 (0.307),5.198 (0.558),6.696 (0.96),5.681 (0.435),7.201 (0.618),6.897 (0.463),3639,,,266,257,346,500,463,436,534,837,12592839,,,1080986,841143,993236,1355526,1801611,1551203,1959686,3009447
uacr_level,"","","","","","","","","","","",,,,,,,,,,,,,,,,,,,,,,
 uacr_lt30,90.091 (0.184),89.042 (0.527),90.053 (0.585),90.585 (0.601),89.974 (0.648),89.792 (0.55),91.913 (0.552),90.311 (0.541),89.78 (0.615),89.732 (0.713),89.82 (0.453),50818,4178,4729,4521,4520,4989,5554,4786,5107,4906,7528,199351431,15782132,18169176,17717332,17986160,18298775,19251850,19435218,19756340,19987604,32966844
 uacr_30to100,6.418 (0.141),7.287 (0.368),6.212 (0.477),6.62 (0.497),6.729 (0.437),6.59 (0.459),5.3 (0.388),6.57 (0.482),6.595 (0.513),6.349 (0.432),6.225 (0.377),4559,406,415,404,434,505,411,445,414,406,719,14202216,1291512,1253425,1294845,1345072,1343066,1110058,1413886,1451242,1414167,2284942
 uacr_100to300,2.028 (0.087),2 (0.268),2.275 (0.276),1.717 (0.26),1.775 (0.243),2.022 (0.228),1.702 (0.19),1.705 (0.253),2.238 (0.273),2.256 (0.431),2.321 (0.232),1558,131,159,125,110,173,153,134,155,153,265,4486596,354563,458996,335898,354801,412013,356421,366832,492503,502608,851962
 uacr_gte300,1.463 (0.056),1.671 (0.35),1.46 (0.167),1.077 (0.123),1.522 (0.159),1.596 (0.17),1.085 (0.148),1.414 (0.172),1.387 (0.138),1.663 (0.181),1.633 (0.139),1284,129,110,91,111,135,107,124,122,138,217,3237353,296113,294530,210701,304263,325258,227291,304323,305206,370349,599318
ckd_gfr_level,"","","","","","","","","","","",,,,,,,,,,,,,,,,,,,,,,
 Stage 0,62.541 (0.436),65.244 (0.745),30.005 (1.705),64.926 (1.578),63.646 (1.703),67.96 (1.3),66.14 (1.053),67.281 (1.236),63.52 (0.861),67.166 (1.539),66.113 (1.267),34049,2989,1832,3084,3197,3541,3800,3348,3529,3543,5186,133544879,11106587,5863033,12376397,12282888,13436126,13316989,13819643,13697613,14455133,23190470
 Stage 2,31.242 (0.359),29.661 (0.67),57.702 (1.265),29.397 (1.286),30.726 (1.22),26.889 (1.14),28.474 (0.855),26.791 (0.894),30.045 (0.733),27.604 (1.477),28.174 (1.089),16987,1293,2588,1460,1399,1600,1712,1406,1665,1462,2402,66712809,5049234,11275067,5603745,5929772,5316088,5733183,5503017,6478996,5940888,9882820
 Stage 3a,4.192 (0.123),3.408 (0.351),8.981 (0.651),4.031 (0.345),3.754 (0.424),3.232 (0.252),3.478 (0.324),3.776 (0.37),4.161 (0.357),3.283 (0.349),4.003 (0.352),3011,227,552,287,243,268,273,242,261,223,435,8950899,580221,1754829,768323,724549,639070,700373,775646,897244,706455,1404187
 Stage 3b,1.425 (0.056),1.235 (0.17),2.634 (0.219),1.158 (0.178),1.345 (0.223),1.365 (0.126),1.262 (0.1),1.424 (0.245),1.486 (0.146),1.373 (0.178),1.158 (0.135),1155,75,187,95,94,112,119,103,112,110,148,3043804,210299,514783,220743,259507,269870,254008,292558,320387,295441,406206
 Stage 4,0.346 (0.025),0.186 (0.06),0.447 (0.124),0.371 (0.061),0.339 (0.059),0.356 (0.05),0.357 (0.08),0.443 (0.095),0.37 (0.091),0.321 (0.07),0.29 (0.067),322,17,38,34,27,33,29,34,32,28,50,738725,31641,87389,70666,65428,70311,71784,90990,79704,69146,101666
 Stage 5,0.061 (0.01),0.265 (0.086),0.058 (0.033),0.038 (0.034),0.037 (0.018),0.007 (0.005),0.064 (0.025),0.056 (0.025),0.082 (0.038),0.027 (0.022),0.027 (0.014),65,21,5,3,3,2,8,7,8,3,5,129501,45154,11252,7268,7097,1386,12870,11458,17758,5894,9365
 ESRD,0.193 (0.018),0 (0),0.173 (0.049),0.08 (0.026),0.153 (0.039),0.192 (0.059),0.225 (0.075),0.228 (0.068),0.337 (0.094),0.226 (0.049),0.235 (0.039),195,,19,9,17,22,22,27,20,20,39,412392,,33768,15187,29465,37920,45399,46863,72670,48638,82482
fib4_cat,"","","","","","","","","","","",,,,,,,,,,,,,,,,,,,,,,
 High,2.494 (0.088),1.545 (0.143),1.603 (0.123),1.969 (0.217),1.568 (0.15),1.845 (0.2),3.37 (0.345),3.44 (0.312),3.348 (0.333),3.649 (0.408),2.317 (0.205),1914,104,123,156,122,172,276,215,231,235,280,5301016,262852,313003,374919,296011,363661,675563,704931,720768,779750,809559
 Low,83.876 (0.33),89.574 (0.745),89.631 (0.351),88.26 (0.377),88.964 (1.141),86.144 (0.59),78.794 (1.176),77.402 (1.435),78.567 (0.729),78.48 (1.208),84.751 (0.907),45583,4032,4583,4240,4282,4606,4573,3980,4353,4156,6778,178281594,15243675,17503189,16805219,16791024,16981653,15797594,15863049,16912123,16768601,29615467
 Moderate,13.63 (0.292),8.882 (0.722),8.766 (0.35),9.771 (0.397),9.467 (1.07),12.011 (0.61),17.836 (1.006),19.159 (1.327),18.085 (0.726),17.87 (0.988),12.932 (0.775),8009,483,505,568,483,773,1087,950,1033,969,1158,28971096,1511459,1711931,1860539,1786838,2367691,3576023,3926459,3892934,3818318,4518903
nfs_cat,"","","","","","","","","","","",,,,,,,,,,,,,,,,,,,,,,
 High,4.199 (0.099),1.776 (0.283),1.984 (0.171),2.478 (0.291),2.852 (0.304),3.158 (0.255),4.443 (0.3),5.242 (0.306),5.504 (0.317),5.636 (0.448),6.389 (0.326),3137,129,131,192,181,262,386,357,383,394,722,8801496,299800,370868,464535,532265,614090,883469,1063322,1172787,1192389,2207972
 Low,70.189 (0.397),80.724 (0.613),80.16 (0.788),76.601 (1.209),77.789 (1.713),74.842 (1.087),67.726 (1.269),65.449 (1.341),63.955 (1.077),64.297 (1.451),61.098 (1.12),35356,3392,3709,3343,3507,3638,3623,3133,3376,3201,4434,147135007,13629869,14987080,14361242,14516020,14552405,13468075,13275639,13626514,13603549,21114611
 Moderate,25.612 (0.355),17.501 (0.578),17.856 (0.702),20.921 (1.129),19.359 (1.496),21.999 (0.896),27.831 (1.138),29.309 (1.138),30.54 (1.036),30.068 (1.198),32.513 (1.029),16056,1052,1112,1333,1132,1560,1866,1580,1791,1705,2925,53689845,2954938,3338465,3922222,3612588,4277593,5534486,5944993,6506990,6361589,11235981
smoke_current,"","","","","","","","","","","",,,,,,,,,,,,,,,,,,,,,,
 0,72.116 (0.477),67.887 (1.777),67.062 (1.638),65.909 (1.301),68.16 (1.556),69.97 (1.799),73.184 (1.216),73.852 (1.344),74.389 (1.404),75.801 (1.137),78.029 (1.256),33083,2566,2801,2538,2625,3127,3352,3184,3532,3559,5799,120243732,8869537,10001403,9537909,10151939,10762948,11457194,11820615,12828921,12957631,21855636
 1,27.884 (0.477),32.113 (1.777),32.938 (1.638),34.091 (1.301),31.84 (1.556),30.03 (1.799),26.816 (1.216),26.148 (1.344),25.611 (1.404),24.199 (1.137),21.971 (1.256),12179,999,1171,1131,1089,1319,1346,1108,1232,1100,1684,46493823,4195544,4912306,4933506,4742356,4619268,4198211,4185142,4416793,4136755,6153942
smoke_ever,"","","","","","","","","","","",,,,,,,,,,,,,,,,,,,,,,
 0,54.39 (0.449),50.835 (1.633),50.167 (1.858),49.278 (0.904),51.228 (1.364),53.101 (1.628),55.433 (1.612),55.98 (1.379),57.241 (1.308),57.195 (1.042),58.438 (1.107),33083,2566,2801,2538,2625,3127,3352,3184,3532,3559,5799,120243732,8869537,10001403,9537909,10151939,10762948,11457194,11820615,12828921,12957631,21855636
 1,45.61 (0.449),49.165 (1.633),49.833 (1.858),50.722 (0.904),48.772 (1.364),46.899 (1.628),44.567 (1.612),44.02 (1.379),42.759 (1.308),42.805 (1.042),41.562 (1.107),26662,2299,2595,2496,2348,2801,2866,2367,2579,2422,3889,100832678,8578088,9934748,9817240,9665340,9506000,9211309,9295283,9583285,9697470,15543915
alch_drink_curr,"","","","","","","","","","","",,,,,,,,,,,,,,,,,,,,,,
 0,15.098 (0.503),15.15 (1.213),16.556 (3.53),14.716 (1.379),13.224 (1.581),14.895 (1.24),12.195 (0.84),13.131 (0.999),15.853 (2.369),15.698 (1.144),17.158 (0.643),8422,642,723,632,604,793,678,788,940,984,1638,26413430,2082942,2541501,2109535,2000939,2274070,1885998,2219298,2837308,2828658,5633182
 1,84.902 (0.503),84.85 (1.213),83.444 (3.53),85.284 (1.379),86.776 (1.581),85.105 (1.24),87.805 (0.84),86.869 (0.999),84.147 (2.369),84.302 (1.144),82.842 (0.643),34273,2651,2979,2695,2815,3312,3664,3327,3593,3376,5861,148531823,11665436,12808988,12224971,13129893,12993091,13578722,14681459,15060437,15190640,27198186
alch_drink_daily,"","","","","","","","","","","",,,,,,,,,,,,,,,,,,,,,,
 0,94.192 (0.205),93.281 (0.925),93.013 (0.672),94.088 (0.385),92.735 (0.739),94.508 (0.791),92.499 (0.876),93.113 (0.389),94.275 (0.617),94.352 (0.658),96.915 (0.42),40349,3086,3436,3130,3182,3862,4016,3880,4325,4173,7259,164784541,12824675,14277972,13487034,14031502,14428668,14304750,15736755,16873179,17001593,31818413
 1,5.808 (0.205),6.719 (0.925),6.987 (0.672),5.912 (0.385),7.265 (0.739),5.492 (0.791),7.501 (0.876),6.887 (0.389),5.725 (0.617),5.648 (0.658),3.085 (0.42),2346,207,266,197,237,243,326,235,208,187,240,10160712,923702,1072516,847472,1099329,838493,1159970,1164003,1024567,1017705,1012956
alch_drink_weekly,"","","","","","","","","","","",,,,,,,,,,,,,,,,,,,,,,
 0,60.281 (0.575),60.092 (2.158),60.327 (2.639),60.73 (1.602),57.974 (1.645),59.549 (2.012),55.113 (1.493),55.954 (2.06),60.067 (1.783),59.688 (1.977),66.651 (1.081),27953,2167,2374,2142,2153,2618,2608,2631,2977,2959,5324,105459329,8261743,9260497,8705379,8772022,9091461,8523075,9456656,10750695,10755275,21882524
 1,39.719 (0.575),39.908 (2.158),39.673 (2.639),39.27 (1.602),42.026 (1.645),40.451 (2.012),44.887 (1.493),44.046 (2.06),39.933 (1.783),40.312 (1.977),33.349 (1.081),14742,1126,1328,1185,1266,1487,1734,1484,1556,1401,2175,69485924,5486635,6089992,5629126,6358809,6175700,6941645,7444101,7147051,7264022,10948844
pa_total_mets_wk,2898.481 ± 44.247,978.983 ± 61.491,1202.488 ± 72.018,982.768 ± 35.243,1144.502 ± 43.314,4156.594 ± 134.996,3307.448 ± 131.449,3386.276 ± 173.016,3317.835 ± 109.707,3926.273 ± 151.935,4681.601 ± 159.771,62805,5440,5982,5618,5561,6201,6512,5844,6095,5937,9615,225626058,18141519,20712463,20133873,20537173,20946111,21297822,21792088,22340236,22525765,37199009
pa_meets_guidelines,"","","","","","","","","","","",,,,,,,,,,,,,,,,,,,,,,
 0,42.208 (0.47),60.531 (2.087),55.726 (1.564),58.693 (1.558),55.292 (1.272),34.918 (1.236),35.648 (1.027),33.824 (1.579),37.009 (0.687),33.479 (1.464),30.777 (0.756),29785,3636,3727,3490,3278,2577,2657,2225,2377,2307,3511,95231524,10981208,11542253,11817179,11355406,7314001,7592351,7370952,8267881,7541438,11448856
 1,57.792 (0.47),39.469 (2.087),44.274 (1.564),41.307 (1.558),44.708 (1.272),65.082 (1.236),64.352 (1.027),66.176 (1.579),62.991 (0.687),66.521 (1.464),69.223 (0.756),33020,1804,2255,2128,2283,3624,3855,3619,3718,3630,6104,130394534,7160311,9170210,8316694,9181767,13632110,13705472,14421136,14072355,14984327,25750152
hei2015_total,51.144 ± 0.186,,,,50.441 ± 0.429,50.643 ± 0.587,51.695 ± 0.311,52.207 ± 0.398,51.488 ± 0.309,51.263 ± 0.67,50.595 ± 0.497,35378,,,,4529,4897,5284,4555,4747,4405,6961,233785804,,,,28692799,29322504,29769866,30650041,31381484,31732835,52236275
ahei_total,42.877 ± 0.159,,,,41.425 ± 0.381,41.605 ± 0.554,42.845 ± 0.253,43.662 ± 0.413,43.3 ± 0.26,43.669 ± 0.53,43.21 ± 0.363,35341,,,,4527,4890,5281,4548,4740,4400,6955,233539892,,,,28667623,29283640,29750915,30611187,31306156,31710899,52209473
dii_total,2.323 ± 0.033,,,,1.956 ± 0.063,3.532 ± 0.133,3.114 ± 0.038,1.818 ± 0.069,1.924 ± 0.044,1.983 ± 0.094,2.138 ± 0.061,35341,,,,4527,4890,5281,4548,4740,4400,6955,233539892,,,,28667623,29283640,29750915,30611187,31306156,31710899,52209473
dietsuppl_any,"","","","","","","","","","","",,,,,,,,,,,,,,,,,,,,,,
 0,70.711 (0.56),100 (0),100 (0),100 (0),100 (0),57.452 (1.79),56.308 (1.039),54.847 (1.127),55.325 (1.476),53.591 (1.689),52.987 (0.843),47124,5448,5993,5620,5563,3793,3933,3612,3734,3574,5854,160036136,18147427,20724316,20136647,20537780,12088850,12018134,12004279,12402001,12154812,19821889
 1,29.289 (0.56),0 (0),0 (0),0 (0),0 (0),42.548 (1.79),43.692 (1.039),45.153 (1.127),44.675 (1.476),46.409 (1.689),47.013 (0.843),15917,,,,,2435,2594,2252,2379,2418,3839,66288577,,,,,8952689,9325579,9882753,10014469,10525815,17587273
dietsuppl_num,1.262 ± 0.03,,,,,1.096 ± 0.079,1.078 ± 0.045,1.262 ± 0.06,1.214 ± 0.057,1.395 ± 0.121,1.413 ± 0.051,35485,,,,,5690,6049,5072,5343,5258,8073,220164208,,,,,32035261,32557275,32696334,33279470,34013054,55582815
addsalt_prep_often,"","","","","","","","","","","",,,,,,,,,,,,,,,,,,,,,,
 0,43.236 (0.447),100 (0),100 (0),30.877 (1.47),31.177 (0.876),30.818 (1.026),31.033 (0.945),31.536 (1.053),31.701 (0.858),29.701 (1.261),32.504 (0.826),28847,5448,5993,1869,1791,2007,2071,1966,2068,1929,3705,96588376,18147427,20724316,6138456,6281869,6396772,6543374,6771211,6999480,6628769,11956701
 1,56.764 (0.447),0 (0),0 (0),69.123 (1.47),68.823 (0.876),69.182 (1.026),68.967 (0.945),68.464 (1.053),68.299 (0.858),70.299 (1.261),67.496 (0.826),33222,,,3671,3639,4120,4353,3767,3931,3944,5797,126808189,,,13741920,13867218,14359873,14541674,14699844,15080234,15689364,24828062
addsalt_table_often,"","","","","","","","","","","",,,,,,,,,,,,,,,,,,,,,,
 0,65.895 (0.443),100 (0),62.202 (1.549),58.409 (1.607),60.737 (1.112),61.533 (1.49),62.417 (1.219),64.046 (1.38),63.41 (1.329),64.051 (1.47),66.379 (0.928),44336,5448,4033,3555,3576,4072,4257,4103,4164,4158,6970,149038605,18147427,12888779,11757474,12464029,12946074,13316266,13990025,14207196,14517576,24803758
 1,34.105 (0.443),0 (0),37.798 (1.549),41.591 (1.607),39.263 (1.112),38.467 (1.49),37.583 (1.219),35.954 (1.38),36.59 (1.329),35.949 (1.47),33.621 (0.928),18648,,1958,2059,1979,2154,2265,1753,1944,1824,2712,77135999,,7832066,8372134,8057342,8093300,8018210,7853716,8197943,8147907,12563382
restaur_freq_gt2,"","","","","","","","","","","",,,,,,,,,,,,,,,,,,,,,,
 0,52.294 (0.503),59.56 (1.757),63.636 (1.627),60.485 (1.18),50.715 (2.03),46.484 (1.235),50.091 (0.844),48.125 (1.971),50.016 (1.412),50.915 (1.884),48.103 (1.252),36736,3651,4084,3683,3130,3324,3691,3195,3365,3386,5227,118305378,10806577,13186511,12176822,10413635,9777985,10689943,10531766,11205246,11539037,17977857
 1,47.706 (0.503),40.44 (1.757),36.364 (1.627),39.515 (1.18),49.285 (2.03),53.516 (1.235),49.909 (0.844),51.875 (1.971),49.984 (1.412),49.085 (1.884),51.897 (1.252),26245,1789,1901,1935,2430,2901,2833,2666,2742,2598,4450,107926604,7337428,7535173,7955118,10119938,11257133,10651085,11352533,11197857,11124403,19395936
govtmeal_any,"","","","","","","","","","","",,,,,,,,,,,,,,,,,,,,,,
 0,97.121 (0.158),97.762 (0.517),96.738 (0.28),96.919 (0.551),97.131 (0.546),97.081 (0.358),98.097 (0.478),96.702 (0.632),97.375 (0.383),96.355 (0.596),97.177 (0.397),19529,1759,1792,1804,1513,2080,2016,1716,1770,1810,3269,53871585,4016683,4142149,4252862,4427164,4653037,4998377,5275099,5639097,5956333,10510784
 1,2.879 (0.158),2.238 (0.517),3.262 (0.28),3.081 (0.551),2.869 (0.546),2.919 (0.358),1.903 (0.478),3.298 (0.632),2.625 (0.383),3.645 (0.596),2.823 (0.397),807,69,72,97,56,72,56,72,70,90,153,1597020,91965,139664,135207,130750,139887,96954,179883,152035,225298,305376
foodinsecure,"",,,"","","","","","","","",,,,,,,,,,,,,,,,,,,,,,
 0,85.377 (0.364),,,88.633 (0.673),90.059 (0.719),88.223 (0.949),86.002 (0.867),83.965 (1.407),84.594 (1.09),81.476 (1.418),82.641 (0.825),40253,,,4622,4681,5161,5123,4636,4850,4313,6867,192826748,,,21119708,22614073,22740053,22429461,22592632,23099505,22172289,36059028
 1,14.623 (0.364),,,11.367 (0.673),9.941 (0.719),11.777 (0.949),13.998 (0.867),16.035 (1.407),15.406 (1.09),18.524 (1.418),17.359 (0.825),9824,,,749,815,1008,1324,1200,1180,1456,2092,33027620,,,2708546,2496237,3035493,3650576,4314418,4206914,5040891,7574544
genhealth_low_vs_other,"","","","","","","","","","","",,,,,,,,,,,,,,,,,,,,,,
 0,82.408 (0.311),82.769 (1.057),84.257 (0.892),81.873 (1.016),83.851 (0.937),81.6 (1),82.496 (0.796),83.128 (1.266),81.466 (1.012),81.779 (1.143),81.63 (0.755),48154,4143,4736,4329,4391,4622,4915,4520,4717,4460,7321,186378994,15005388,17456766,16479896,17211890,17165345,17603719,18190071,18248322,18516110,30501486
 1,17.592 (0.311),17.231 (1.057),15.743 (0.892),18.127 (1.016),16.149 (0.937),18.4 (1),17.504 (0.796),16.872 (1.266),18.534 (1.012),18.221 (1.143),18.37 (0.755),14836,1298,1254,1287,1167,1603,1610,1342,1391,1522,2362,39788121,3123890,3261801,3648638,3314952,3870612,3735274,3691814,4151717,4125573,6863850
hc_drvisit,"","","","","","","","","","","",,,,,,,,,,,,,,,,,,,,,,
 0,15.917 (0.245),17.194 (0.842),16.648 (1.135),15.193 (0.704),16.395 (0.64),16.5 (0.71),15.789 (0.802),15.985 (0.825),14.056 (0.708),16.666 (0.577),15.389 (0.658),10373,918,1013,806,946,1053,1085,985,962,1058,1547,35999403,3119193,3449002,3057301,3364097,3471571,3367337,3497455,3149853,3774650,5748943
 1,84.083 (0.245),82.806 (0.842),83.352 (1.135),84.807 (0.704),83.605 (0.64),83.5 (0.71),84.211 (0.802),84.015 (0.825),85.944 (0.708),83.334 (0.577),84.611 (0.658),52593,4522,4975,4812,4610,5173,5435,4875,5147,4919,8125,190163290,15022040,17268729,17066010,17154815,17568416,17959590,18381945,19258810,18873536,31609399
hc_hospadmit,"","","","","","","","","","","",,,,,,,,,,,,,,,,,,,,,,
 0,89.284 (0.181),88.872 (0.849),89.008 (0.52),89.177 (0.439),89.687 (0.582),89.386 (0.441),88.844 (0.621),88.725 (0.624),89.253 (0.628),90.469 (0.405),89.296 (0.515),55160,4733,5237,4892,4874,5411,5646,5120,5401,5317,8529,202019934,16117688,18446218,17951769,18408663,18804462,18962562,19416460,20001952,20512696,33397465
 1,10.716 (0.181),11.128 (0.849),10.992 (0.52),10.823 (0.439),10.313 (0.582),10.614 (0.441),11.156 (0.621),11.275 (0.624),10.747 (0.628),9.531 (0.405),10.704 (0.515),7851,706,756,724,685,815,880,742,710,671,1162,24246096,2018238,2278098,2178636,2116715,2232795,2381151,2467471,2408539,2161101,4003352
insur_any,"","","","","","","","","","","",,,,,,,,,,,,,,,,,,,,,,
 0,17.426 (0.405),18.793 (1.369),17.043 (1.089),18.155 (0.858),18.856 (1.818),19.627 (0.963),20.807 (1.097),19.83 (1.384),18.031 (1.122),13.44 (1.324),13.285 (1.221),13139,1198,1151,1120,1248,1482,1664,1383,1297,1042,1554,39275500,3361969,3483879,3623309,3866430,4127397,4435475,4336076,4036975,3042055,4961935
 1,82.574 (0.405),81.207 (1.369),82.957 (1.089),81.845 (0.858),81.144 (1.818),80.373 (0.963),79.193 (1.097),80.17 (1.384),81.969 (1.122),86.56 (1.324),86.715 (1.221),49503,4138,4719,4426,4300,4738,4856,4470,4809,4935,8112,186105282,14527631,16958149,16334030,16638972,16901550,16882186,17530713,18352511,19591889,32387652
uninsur_lastyr,"","","","","","","","","","","",,,,,,,,,,,,,,,,,,,,,,
 0,93.499 (0.166),92.107 (0.736),94.179 (0.64),94.532 (0.574),92.965 (0.531),93.342 (0.483),94.305 (0.352),94.203 (0.466),94.467 (0.357),91.731 (0.666),93.319 (0.419),45803,3753,4388,4112,3926,4419,4560,4179,4511,4458,7497,173767880,13243644,15836470,15368552,15468286,15795560,15942323,16539069,17365069,17971891,30237015
 1,6.501 (0.166),7.893 (0.736),5.821 (0.64),5.468 (0.574),7.035 (0.531),6.658 (0.483),5.695 (0.352),5.797 (0.466),5.533 (0.357),8.269 (0.666),6.681 (0.419),3620,331,277,285,375,334,304,302,305,481,626,12082570,1134873,978840,888958,1170603,1126753,962763,1017776,1017125,1620053,2164826
bmi,28.713 ± 0.06,27.89 ± 0.217,27.912 ± 0.157,28.123 ± 0.144,28.442 ± 0.233,28.409 ± 0.164,28.651 ± 0.122,28.623 ± 0.214,29.047 ± 0.172,29.308 ± 0.252,29.699 ± 0.179,58562,4903,5229,5199,5237,5884,6286,5525,5847,5662,8790,222598575,17945429,19599369,19813920,20225422,20711438,21150042,21639635,22178563,22417383,36917374
waist,98.027 ± 0.16,95.228 ± 0.639,95.62 ± 0.333,96.922 ± 0.363,97.194 ± 0.652,97.376 ± 0.468,97.833 ± 0.414,98.324 ± 0.602,99.094 ± 0.31,100.012 ± 0.661,100.249 ± 0.494,56428,4802,5275,5001,5050,5645,5990,5261,5587,5368,8449,215579191,17638615,19722566,19151900,19617617,19814455,20274710,20779635,21305254,21498846,35775592
whr,0.93 ± 0.002,,,,,,,,,,0.93 ± 0.002,8430,,,,,,,,,,8430,236429940,,,,,,,,,,236429940
wt,81.817 ± 0.178,79.483 ± 0.628,79.908 ± 0.483,80.695 ± 0.431,81.396 ± 0.714,81.297 ± 0.553,81.825 ± 0.389,81.585 ± 0.526,82.638 ± 0.45,83.076 ± 0.726,83.981 ± 0.573,58775,4918,5324,5218,5252,5894,6295,5537,5860,5666,8811,223191007,17988811,19866718,19872617,20272655,20727048,21167291,21667929,22211168,22438577,36978192
sbp_mean,122.14 ± 0.154,123.606 ± 0.714,123.044 ± 0.475,122.829 ± 0.534,122.317 ± 0.461,121.61 ± 0.379,120.531 ± 0.484,121.618 ± 0.653,121.413 ± 0.314,123.37 ± 0.46,121.644 ± 0.369,56436,4793,5268,4914,5032,5698,6069,5355,5712,5571,8024,215074715,17571105,19730224,18752796,19537395,20011049,20441274,21012359,21664475,22113708,34240329
dbp_mean,70.984 ± 0.134,72.089 ± 0.45,71.666 ± 0.424,70.605 ± 0.328,69.862 ± 0.354,70.466 ± 0.354,69.212 ± 0.65,71.086 ± 0.521,69.502 ± 0.334,70.068 ± 0.484,73.7 ± 0.249,56436,4793,5268,4914,5032,5698,6069,5355,5712,5571,8024,215074715,17571105,19730224,18752796,19537395,20011049,20441274,21012359,21664475,22113708,34240329
fg,105.515 ± 0.274,102.924 ± 0.959,104.246 ± 0.629,102.817 ± 0.819,103.866 ± 0.98,106.197 ± 0.695,103.438 ± 0.834,104.628 ± 1.135,104.968 ± 0.659,108.901 ± 0.739,109.393 ± 0.9,27525,2280,2643,2422,2425,2752,2934,2598,2725,2573,4173,226437932,17504391,21277382,20122277,20575009,21088627,21357144,21801851,22530277,22757098,37423877
fi,12.362 ± 0.135,10.966 ± 0.409,10.732 ± 0.304,11.602 ± 0.488,10.925 ± 0.273,11.779 ± 0.346,13.649 ± 0.229,13.128 ± 0.449,12.251 ± 0.536,13.231 ± 0.386,13.847 ± 0.483,26979,2240,2588,2403,2391,2721,2890,2472,2661,2534,4079,222326102,17259089,20946096,19931598,20262615,20848835,21013302,20921961,22009847,22409652,36723106
tg,128.578 ± 1.111,141.652 ± 4.477,149.641 ± 5.224,146.003 ± 3.962,140.291 ± 3.353,133.07 ± 2.604,125.661 ± 2.233,129.632 ± 4.603,118.441 ± 2.941,111.952 ± 2.226,109.41 ± 2.411,27039,2259,2592,2406,2399,2743,2908,2565,2704,2363,4100,224120151,17307825,20977895,19971279,20322560,20998479,21139192,21569728,22323588,22619923,36889682
tc,194.626 ± 0.366,202.325 ± 1.166,201.482 ± 1.294,200.529 ± 0.761,198.039 ± 0.778,196.098 ± 0.867,195.256 ± 0.99,194.435 ± 1.02,188.502 ± 0.793,191.781 ± 1.343,186.441 ± 1.214,55889,4619,5205,4991,4996,5587,5972,5187,5640,5394,8298,213978928,17013444,19514452,19132068,19367942,19788815,20170186,20626607,21604887,21550938,35209588
hdl,53.196 ± 0.156,50.436 ± 0.687,51.794 ± 0.299,54.005 ± 0.376,54.531 ± 0.332,52.013 ± 0.516,53.049 ± 0.413,52.838 ± 0.507,53.087 ± 0.293,55.546 ± 0.73,53.717 ± 0.407,55887,4618,5205,4990,4996,5587,5972,5187,5640,5394,8298,213971709,17008651,19514452,19129643,19367942,19788815,20170186,20626607,21604887,21550938,35209588
ldl_friedewald,114.529 ± 0.365,124.563 ± 1.176,119.917 ± 1.419,115.763 ± 1.062,114.395 ± 1.225,114.799 ± 0.835,115.703 ± 1.153,114.921 ± 0.976,110.621 ± 0.922,112.055 ± 1.078,109.123 ± 1.173,26526,2203,2514,2346,2337,2679,2859,2517,2664,2339,4068,219956077,16903899,20346971,19388940,19748132,20601651,20837152,21188128,22033769,22383195,36524240
glu,98.049 ± 0.2,94.613 ± 0.516,94.457 ± 0.791,94.826 ± 0.341,98.189 ± 0.656,98.234 ± 0.751,97.937 ± 0.536,98.572 ± 0.846,102.032 ± 0.554,100.362 ± 0.865,99.178 ± 0.44,55733,4622,5214,4969,4976,5570,5959,5157,5624,5387,8255,213444429,17011863,19535748,19057555,19292927,19757889,20129247,20528686,21547532,21523409,35059574
tgglu,1.316 ± 0.01,1.476 ± 0.046,1.568 ± 0.043,1.519 ± 0.043,1.447 ± 0.031,1.381 ± 0.03,1.299 ± 0.02,1.324 ± 0.037,1.181 ± 0.028,1.121 ± 0.023,1.085 ± 0.022,26951,2257,2592,2399,2391,2731,2900,2550,2693,2359,4079,223536348,17307130,20977895,19923238,20275815,20935618,21072654,21481831,22248571,22575038,36738558
ogtt_2hg,115.219 ± 0.647,,,,115.344 ± 2.43,116.239 ± 1.592,115.572 ± 1.142,114.148 ± 1.588,113.053 ± 1.17,117.066 ± 1.294,,11592,,,,1735,1949,2203,1931,2003,1771,,188711381,,,,30633245,30963666,31064506,32042305,32459952,31547708,
hba1c,5.569 ± 0.007,5.399 ± 0.04,5.479 ± 0.021,5.484 ± 0.017,5.437 ± 0.023,5.577 ± 0.025,5.616 ± 0.017,5.635 ± 0.025,5.604 ± 0.013,5.664 ± 0.033,5.67 ± 0.018,56613,4711,5297,5048,5022,5610,6029,5301,5690,5441,8464,216309390,17295238,19803715,19309624,19468580,19875070,20355271,21009768,21737839,21691756,35762530
uacr,34.336 ± 1.379,38.389 ± 5.925,33.367 ± 3.474,24.132 ± 2.85,35.396 ± 3.785,40.902 ± 4.917,24.984 ± 2.733,35.214 ± 7.876,34.348 ± 2.817,38.758 ± 4.669,36.257 ± 2.785,58219,4844,5413,5141,5175,5802,6225,5489,5798,5603,8729,221277596,17724320,20176127,19558776,19990296,20379113,20945621,21520259,22005291,22274728,36703065
egfr,95.415 ± 0.213,96.733 ± 0.394,80.998 ± 0.677,96.422 ± 0.631,96.124 ± 0.898,98.009 ± 0.73,96.992 ± 0.608,97.163 ± 0.585,95.702 ± 0.407,97.621 ± 0.705,96.947 ± 0.664,55732,4622,5214,4969,4976,5569,5959,5157,5624,5385,8257,213456245,17023137,19535748,19057555,19292927,19754817,20129247,20528686,21547532,21518064,35068534
crp,4.068 ± 0.057,4.296 ± 0.121,4.175 ± 0.175,4.301 ± 0.139,4.271 ± 0.169,3.991 ± 0.096,3.683 ± 0.141,,,3.833 ± 0.17,,36888,4647,5256,5007,5010,5594,6004,,,5370,,207434519,25905491,29801221,29066295,29387279,30019582,30711597,,,32543055,
creatinine,0.901 ± 0.002,0.9 ± 0.008,1.058 ± 0.007,0.896 ± 0.005,0.893 ± 0.007,0.869 ± 0.007,0.886 ± 0.007,0.883 ± 0.006,0.903 ± 0.008,0.865 ± 0.008,0.878 ± 0.005,55732,4622,5214,4969,4976,5569,5959,5157,5624,5385,8257,213456245,17023137,19535748,19057555,19292927,19754817,20129247,20528686,21547532,21518064,35068534
vitd,67.899 ± 0.497,,65.67 ± 0.886,62.548 ± 1.636,67.504 ± 1.079,67.281 ± 1.056,67.64 ± 1.367,70.552 ± 1.603,69.342 ± 1.292,71.732 ± 1.678,,42335,,5152,5015,5013,4825,6005,5240,5664,5421,,211128979,,25587346,25472069,25735249,22507715,26882764,27546523,28719300,28678013,
b_carot,17.892 ± 0.425,,18.171 ± 0.667,16.546 ± 0.832,18.938 ± 0.601,,,,,,,15147,,5238,4961,4948,,,,,,,204323110,,69275750,67182326,67865033,,,,,,
g_tocoph,231.291 ± 3.084,238.549 ± 9.134,235.137 ± 4.884,232.352 ± 5.901,220.477 ± 4.505,,,,,,,19115,4022,5211,4961,4921,,,,,,,193535426,40834973,51612078,50386745,50701630,,,,,,
t_lycop,23.078 ± 0.185,,23.217 ± 0.373,21.902 ± 0.276,24.1 ± 0.266,,,,,,,15140,,5231,4961,4948,,,,,,,204252644,,69205285,67182326,67865033,,,,,,
manganese,9.737 ± 0.041,,,,,,,9.702 ± 0.081,9.829 ± 0.085,9.882 ± 0.108,9.686 ± 0.063,19356,,,,,,,5311,2847,2721,8477,180968108,,,,,,,48494064,25205375,24815036,82453633
selenium,192.231 ± 0.644,,,,,,,194.752 ± 1.462,197.47 ± 0.993,195.388 ± 1.948,188.196 ± 0.89,19356,,,,,,,5311,2847,2721,8477,180968108,,,,,,,48494064,25205375,24815036,82453633
mercury,1.537 ± 0.033,2.052 ± 0.243,1.492 ± 0.119,1.659 ± 0.1,1.659 ± 0.069,1.566 ± 0.113,1.741 ± 0.085,1.524 ± 0.157,1.39 ± 0.06,1.382 ± 0.088,1.298 ± 0.052,44208,1456,1652,5052,5028,5620,6043,5311,2847,2722,8477,169402017,5518442,6222825,19327809,19497875,19901337,20389397,21044594,10938182,10779790,35781765
lead,1.568 ± 0.015,2.194 ± 0.048,1.968 ± 0.04,1.857 ± 0.041,1.729 ± 0.044,1.671 ± 0.042,1.531 ± 0.038,1.43 ± 0.08,1.243 ± 0.049,1.173 ± 0.035,1.061 ± 0.021,51112,4713,5299,5052,5028,5620,6043,5311,2847,2722,8477,194788410,17302316,19825345,19327809,19497875,19901337,20389397,21044594,10938182,10779790,35781765
cadmium,0.509 ± 0.006,0.586 ± 0.02,0.567 ± 0.023,0.564 ± 0.013,0.543 ± 0.018,0.539 ± 0.023,0.499 ± 0.011,0.508 ± 0.016,0.432 ± 0.016,0.429 ± 0.014,0.427 ± 0.014,51112,4713,5299,5052,5028,5620,6043,5311,2847,2722,8477,194788410,17302316,19825345,19327809,19497875,19901337,20389397,21044594,10938182,10779790,35781765
hcb,0.13 ± 0.003,0.237 ± 0.003,0.072 ± 0.002,0.107 ± 0.004,,,,,,,,4477,1257,1703,1517,,,,,,,,59727158,16454990,22352838,20919330,,,,,,,
hcb_adj,21.116 ± 0.471,39.466 ± 0.472,11.45 ± 0.263,17.011 ± 0.559,,,,,,,,4477,1257,1703,1517,,,,,,,,59727158,16454990,22352838,20919330,,,,,,,
hepox,0.054 ± 0.002,0.064 ± 0.005,0.059 ± 0.004,0.043 ± 0.003,,,,,,,,4307,1104,1686,1517,,,,,,,,55904127,12757831,22294684,20851613,,,,,,,
pcb180,0.21 ± 0.005,0.206 ± 0.009,0.228 ± 0.01,0.193 ± 0.005,,,,,,,,4585,1414,1719,1452,,,,,,,,191880765,59019508,71358056,61503201,,,,,,,
pcbdiox,29.939 ± 0.9,28.331 ± 0.787,32.539 ± 2.271,29.156 ± 1.388,,,,,,,,4084,1410,1236,1438,,,,,,,,174725683,58703818,54733298,61288567,,,,,,,
u_bpa,3.586 ± 0.182,,,4.547 ± 0.284,3.625 ± 0.256,3.941 ± 0.317,5.006 ± 1.012,3.202 ± 0.343,2.709 ± 0.297,2.255 ± 0.195,,12757,,,1665,1652,1914,2022,1800,1936,1768,,223447865,,,29805534,30595034,31246765,32199218,32556583,33452303,33592427,
testosterone,233.791 ± 2.216,528.092 ± 11.771,499.309 ± 16.318,539.612 ± 33.894,,,,211.864 ± 3.484,213.447 ± 2.362,220.798 ± 3.404,,17134,282,403,371,,,,5107,5600,5371,,118940379,1939550,2757074,2450433,,,,35916704,37938060,37938559,
estradiol,71.146 ± 5.449,30.854 ± 1.577,30.023 ± 1.107,42.248 ± 2.382,,,,,43.519 ± 1.771,78.829 ± 8.649,89.426 ± 12.241,18890,282,403,371,,,,,5407,5329,7098,122959544,1763227,2506430,2227667,,,,,33279194,34230811,48952216
hpv_oral,"",,,,,,"","","","",,,,,,,,,,,,,,,,,,,,,,,
 0,92.867 (0.309),,,,,,92.662 (0.67),92.519 (0.636),92.82 (0.591),93.435 (0.579),,17114,,,,,,4454,4055,4365,4240,,178564469,,,,,,42383934,43910517,45957448,46312571,
 1,7.133 (0.309),,,,,,7.338 (0.67),7.481 (0.636),7.18 (0.591),6.565 (0.579),,1412,,,,,,392,355,359,306,,13715849,,,,,,3356368,3550604,3554998,3253878,
diabetes,"","","","","","","","","","","",,,,,,,,,,,,,,,,,,,,,,
 0,87.719 (0.2),91.368 (0.57),90.675 (0.498),89.428 (0.633),89.853 (0.563),87.691 (0.732),88.02 (0.597),87.665 (0.713),86.651 (0.625),84.879 (0.977),84.457 (0.457),53139,4801,5279,4896,4878,5151,5494,4888,5122,4851,7779,198529061,16580880,18791779,18007766,18453749,18451444,18786650,19187217,19424016,19251025,31594535
 1,12.281 (0.2),8.632 (0.57),9.325 (0.498),10.572 (0.633),10.147 (0.563),12.309 (0.732),11.98 (0.597),12.335 (0.713),13.349 (0.625),15.121 (0.977),15.543 (0.457),9902,647,714,724,685,1077,1033,976,991,1141,1914,27795651,1566547,1932536,2128881,2084031,2590094,2557063,2699815,2992455,3429602,5814626
diabetes_undx,"","","","","","","","","","","",,,,,,,,,,,,,,,,,,,,,,
 0,99.503 (0.036),100 (0),100 (0),100 (0),99.473 (0.121),99.256 (0.133),98.873 (0.146),99.309 (0.148),99.036 (0.179),98.886 (0.143),100 (0),62693,5448,5993,5620,5527,6174,6456,5812,6048,5922,9693,225199411,18147427,20724316,20136647,20429468,20884975,21103156,21735844,22200397,22428020,37409162
 1,0.497 (0.036),0 (0),0 (0),0 (0),0.527 (0.121),0.744 (0.133),1.127 (0.146),0.691 (0.148),0.964 (0.179),1.114 (0.143),0 (0),348,,,,36,54,71,52,65,70,,1125301,,,,108312,156564,240557,151188,216073,252607,
htn,"","","","","","","","","","","",,,,,,,,,,,,,,,,,,,,,,
 0,54.958 (0.403),53.209 (1.38),54.262 (1.327),55.108 (1.292),55.443 (0.79),56.429 (1.191),56.887 (1.406),54.891 (1.631),55.369 (0.93),54.371 (1.112),54.064 (1.256),33616,2902,3269,3035,3216,3248,3486,3118,3307,3108,4927,124382945,9656078,11245514,11096874,11386860,11873586,12141733,12014065,12411710,12331711,20224814
 1,45.042 (0.403),46.791 (1.38),45.738 (1.327),44.892 (1.292),44.557 (0.79),43.571 (1.191),43.113 (1.406),45.109 (1.631),44.631 (0.93),45.629 (1.112),45.936 (1.256),29425,2546,2724,2585,2347,2980,3041,2746,2806,2884,4766,101941768,8491349,9478802,9039773,9150920,9167952,9201980,9872967,10004761,10348916,17184348
htn_undx,"","","","","","","","","","","",,,,,,,,,,,,,,,,,,,,,,
 0,63.421 (0.36),57.816 (1.316),59.682 (1.258),61.756 (1.351),63.285 (0.846),65.172 (0.991),66.719 (1.24),64.732 (1.214),67.26 (0.693),63.894 (1.157),62.911 (1.075),34360,2683,3090,2951,3244,3509,3851,3319,3713,3384,4616,136402386,10158862,11775324,11581049,12364146,13041538,13638152,13601674,14571445,14129384,21540811
 1,36.579 (0.36),42.184 (1.316),40.318 (1.258),38.244 (1.351),36.715 (0.846),34.828 (0.991),33.281 (1.24),35.268 (1.214),32.74 (0.693),36.106 (1.157),37.089 (1.075),22076,2110,2178,1963,1788,2189,2218,2036,1999,2187,3408,78672329,7412244,7954900,7171747,7173249,6969511,6803122,7410685,7093030,7984324,12699518
htn_stg1,"","","","","","","","","","","",,,,,,,,,,,,,,,,,,,,,,
 0,65.239 (0.345),59.155 (1.315),61.616 (1.114),64.385 (1.29),65.073 (0.783),66.877 (0.911),68.126 (1.16),66.141 (1.176),68.358 (0.65),64.797 (1.116),66.052 (1.01),40965,3338,3815,3657,3775,4039,4309,3828,4114,3805,6285,147652384,10735184,12769416,12964900,13364531,14072028,14540591,14476347,15323441,14696304,24709644
 1,34.761 (0.345),40.845 (1.315),38.384 (1.114),35.615 (1.29),34.927 (0.783),33.123 (0.911),31.874 (1.16),33.859 (1.176),31.642 (0.65),35.203 (1.116),33.948 (1.01),22076,2110,2178,1963,1788,2189,2218,2036,1999,2187,3408,78672329,7412244,7954900,7171747,7173249,6969511,6803122,7410685,7093030,7984324,12699518
obese,"","","","","","","","","","","",,,,,,,,,,,,,,,,,,,,,,
 0,55.701 (0.365),62.225 (1.559),62.723 (0.889),59.924 (0.926),57.914 (1.593),57.531 (1.228),55.697 (0.802),56.677 (1.184),53.133 (0.97),50.253 (1.51),48.401 (0.923),35839,3401,3882,3448,3281,3517,3578,3376,3353,3129,4874,126064797,11292222,12998937,12066612,11894191,12105392,11887835,12404921,11910611,11397689,18106387
 1,44.299 (0.365),37.775 (1.559),37.277 (0.889),40.076 (0.926),42.086 (1.593),42.469 (1.228),44.303 (0.802),43.323 (1.184),46.867 (0.97),49.747 (1.51),51.599 (0.923),27202,2047,2111,2172,2282,2711,2949,2488,2760,2863,4819,100259916,6855205,7725378,8070035,8643590,8936147,9455877,9482111,10505860,11282938,19302775
obese_abd,"","","","","","","","","","","",,,,,,,,,,,,,,,,,,,,,,
 0,48.652 (0.456),54.687 (2.093),54.18 (1.037),50.362 (1.096),50.041 (1.746),50.833 (1.293),49.249 (1.471),48.306 (1.83),46.614 (0.495),44.188 (2.042),43.543 (1.121),32390,3091,3377,2972,2877,3125,3178,3127,3043,2913,4687,110111870,9924268,11228479,10141200,10277306,10696064,10511556,10572643,10449221,10022133,16289000
 1,51.348 (0.456),45.313 (2.093),45.82 (1.037),49.638 (1.096),49.959 (1.746),49.167 (1.293),50.751 (1.471),51.694 (1.83),53.386 (0.495),55.812 (2.042),56.457 (1.121),30651,2357,2616,2648,2686,3103,3349,2737,3070,3079,5006,116212842,8223159,9495836,9995447,10260475,10345474,10832157,11314389,11967249,12658494,21120162
cvd,"","","","","","","","","","","",,,,,,,,,,,,,,,,,,,,,,
 0,94.131 (0.175),94.015 (0.385),94.202 (0.579),93.356 (0.723),94.127 (0.466),94.669 (0.326),94.599 (0.388),94.737 (0.421),94.256 (0.462),94.079 (0.528),93.596 (0.651),58517,5061,5537,5143,5180,5768,6071,5511,5714,5564,8968,213040697,17061317,19522691,18798753,19331689,19919885,20190971,20735204,21128961,21337728,35013498
 1,5.869 (0.175),5.985 (0.385),5.798 (0.579),6.644 (0.723),5.873 (0.466),5.331 (0.326),5.401 (0.388),5.263 (0.421),5.744 (0.462),5.921 (0.528),6.404 (0.651),4524,387,456,477,383,460,456,353,399,428,725,13284016,1086110,1201625,1337895,1206091,1121653,1152742,1151828,1287510,1342899,2395663
ascvd,"","","","","","","","","","","",,,,,,,,,,,,,,,,,,,,,,
 0,92.202 (0.19),92.485 (0.526),92.654 (0.58),91.517 (0.814),92.275 (0.578),92.559 (0.567),92.889 (0.503),92.637 (0.492),92.418 (0.455),92.286 (0.525),91.116 (0.631),56899,4936,5408,4995,5056,5593,5915,5348,5579,5425,8644,208676314,16783655,19201906,18428469,18951309,19475850,19826022,20275481,20716898,20931121,34085603
 1,7.798 (0.19),7.515 (0.526),7.346 (0.58),8.483 (0.814),7.725 (0.578),7.441 (0.567),7.111 (0.503),7.363 (0.492),7.582 (0.455),7.714 (0.525),8.884 (0.631),6142,512,585,625,507,635,612,516,534,567,1049,17648399,1363772,1522410,1708178,1586472,1565688,1517691,1611551,1699572,1749507,3323559
chf,"","","","","","","","","","","",,,,,,,,,,,,,,,,,,,,,,
 0,97.548 (0.09),97.818 (0.232),97.724 (0.326),97.41 (0.296),97.458 (0.232),97.622 (0.298),98.013 (0.252),97.222 (0.41),97.417 (0.193),97.592 (0.194),97.383 (0.28),56489,4689,5200,4822,4782,5693,6025,5357,5579,5494,8848,213010754,17066953,19449803,18813006,19288497,19748389,20233989,20518679,21045680,21545190,35300571
 1,2.452 (0.09),2.182 (0.232),2.276 (0.326),2.59 (0.296),2.542 (0.232),2.378 (0.298),1.987 (0.252),2.778 (0.41),2.583 (0.193),2.408 (0.194),2.617 (0.28),2066,167,187,197,180,217,174,187,182,214,361,5353414,380713,453047,500211,503150,481012,410277,586368,558094,531719,948823
mdd,"","","","","","","","","","","",,,,,,,,,,,,,,,,,,,,,,
 0,94.402 (0.156),98.483 (0.268),98.714 (0.218),98.761 (0.204),95.078 (0.493),92.687 (0.719),93.234 (0.365),92.907 (0.714),92.029 (0.504),93.239 (0.414),91.952 (0.449),59414,5398,5943,5569,5266,5705,6004,5424,5602,5577,8926,213656174,17872181,20457758,19887214,19526875,19502741,19899699,20334565,20629675,21147115,34398352
 1,5.598 (0.156),1.517 (0.268),1.286 (0.218),1.239 (0.204),4.922 (0.493),7.313 (0.719),6.766 (0.365),7.093 (0.714),7.971 (0.504),6.761 (0.414),8.048 (0.449),3627,50,50,51,297,523,523,440,511,415,767,12668539,275247,266557,249433,1010905,1538798,1444013,1552467,1786795,1533513,3010810
ckd,"","","","","","","","","","","",,,,,,,,,,,,,,,,,,,,,,
 0,95.787 (0.111),96.314 (0.466),93.906 (0.341),95.999 (0.315),96.455 (0.302),96.323 (0.244),96.907 (0.275),95.475 (0.479),95.463 (0.31),95.377 (0.3),95.779 (0.333),59594,5191,5574,5317,5300,5914,6231,5520,5778,5630,9139,216790507,17478534,19461471,19330889,19809801,20267941,20683542,20896591,21399417,21632100,35830221
 1,4.213 (0.111),3.686 (0.466),6.094 (0.341),4.001 (0.315),3.545 (0.302),3.677 (0.244),3.093 (0.275),4.525 (0.479),4.537 (0.31),4.623 (0.3),4.221 (0.333),3447,257,419,303,263,314,296,344,335,362,554,9534206,668893,1262844,805758,727979,773598,660170,990441,1017054,1048527,1578941
ckd_gfr_gte3,"","","","","","","","","","","",,,,,,,,,,,,,,,,,,,,,,
 0,93.783 (0.149),94.905 (0.46),87.707 (0.65),94.323 (0.472),94.372 (0.587),94.848 (0.27),94.614 (0.391),94.073 (0.563),93.565 (0.233),94.77 (0.383),94.287 (0.444),51036,4282,4420,4544,4596,5141,5512,4754,5194,5005,7588,200257689,16155821,17138100,17980142,18212660,18752214,19050172,19322660,20176609,20396021,33073289
 1,6.217 (0.149),5.095 (0.46),12.293 (0.65),5.677 (0.472),5.628 (0.587),5.152 (0.27),5.386 (0.391),5.927 (0.563),6.435 (0.233),5.23 (0.383),5.713 (0.444),4748,340,801,428,384,437,451,413,433,384,677,13275322,867316,2402022,1082188,1086046,1018558,1084435,1217514,1387763,1125574,2003906
ckd_any,"","","","","","","","","","","",,,,,,,,,,,,,,,,,,,,,,
 0,58.047 (0.409),58.839 (0.76),29.156 (1.46),60.894 (1.292),58.956 (1.73),63.017 (1.288),62.735 (0.861),62.773 (1.388),58.242 (0.778),62.095 (1.484),60.769 (1.061),33083,2855,1848,2999,3068,3417,3735,3321,3381,3427,5032,130053489,10572210,5959723,12106198,11910298,13070598,13245027,13618520,13002627,13990166,22578122
 1,41.953 (0.409),41.161 (0.76),70.844 (1.46),39.106 (1.292),41.044 (1.73),36.983 (1.288),37.265 (0.861),37.227 (1.388),41.758 (0.778),37.905 (1.484),39.231 (1.061),26039,2066,3658,2239,2182,2503,2556,2232,2503,2254,3846,93996925,7395915,14481145,7774497,8291634,7670749,7867786,8076490,9322727,8540071,14575909
copd,"","","","","","","","","","","",,,,,,,,,,,,,,,,,,,,,,
 0,92.642 (0.2),91.978 (0.719),93.374 (0.448),92.431 (0.611),92.764 (0.478),92.892 (0.87),94.512 (0.57),93.114 (0.773),92.199 (0.595),92.314 (0.626),91.586 (0.538),58577,5084,5632,5218,5213,5745,6137,5508,5656,5537,8847,209671828,16691685,19351062,18612412,19051623,19545971,20172413,20379813,20667792,20937353,34261704
 1,7.358 (0.2),8.022 (0.719),6.626 (0.448),7.569 (0.611),7.236 (0.478),7.108 (0.87),5.488 (0.57),6.886 (0.773),7.801 (0.595),7.686 (0.626),8.414 (0.538),4464,364,361,402,350,483,390,356,457,455,846,16652885,1455743,1373253,1524236,1486157,1495567,1171299,1507219,1748679,1743274,3147458
copd_pft,"","","","","","","","","","","",,,,,,,,,,,,,,,,,,,,,,
 0,89.894 (0.261),91.978 (0.719),93.374 (0.448),92.431 (0.611),92.764 (0.478),83.11 (1.281),84.776 (1.039),83.599 (0.971),92.199 (0.595),92.314 (0.626),91.586 (0.538),56991,5084,5632,5218,5213,5190,5572,5042,5656,5537,8847,203452972,16691685,19351062,18612412,19051623,17487594,18094441,18297307,20667792,20937353,34261704
 1,10.106 (0.261),8.022 (0.719),6.626 (0.448),7.569 (0.611),7.236 (0.478),16.89 (1.281),15.224 (1.039),16.401 (0.971),7.801 (0.595),7.686 (0.626),8.414 (0.538),6050,364,361,402,350,1038,955,822,457,455,846,22871741,1455743,1373253,1524236,1486157,3553945,3249271,3589725,1748679,1743274,3147458
pft_lt07,"",,,,,"","","",,,,,,,,,,,,,,,,,,,,,,,,,
 0,86.54 (0.529),,,,,86.12 (0.906),87.1 (0.997),86.382 (0.84),,,,12372,,,,,3860,4438,4074,,,,162303195,,,,,50861571,54814303,56627321,,,
 1,13.46 (0.529),,,,,13.88 (0.906),12.9 (0.997),13.618 (0.84),,,,1822,,,,,639,638,545,,,,25243174,,,,,8197693,8117985,8927497,,,
nfs,-2.15 ± 0.014,-2.643 ± 0.029,-2.599 ± 0.034,-2.449 ± 0.034,-2.546 ± 0.068,-2.345 ± 0.035,-1.993 ± 0.04,-1.925 ± 0.051,-1.863 ± 0.03,-1.852 ± 0.047,-1.762 ± 0.04,54549,4573,4952,4868,4820,5460,5875,5070,5550,5300,8081,209626348,16884607,18696414,18748000,18660873,19444088,19886031,20283954,21306291,21157527,34558564
nfs_mod_vs_low,"","","","","","","","","","","",,,,,,,,,,,,,,,,,,,,,,
 0,73.265 (0.38),82.183 (0.584),81.782 (0.73),78.548 (1.17),80.072 (1.582),77.283 (0.967),70.875 (1.225),69.07 (1.263),67.681 (1.099),68.137 (1.342),65.268 (1.122),35356,3392,3709,3343,3507,3638,3623,3133,3376,3201,4434,147135007,13629869,14987080,14361242,14516020,14552405,13468075,13275639,13626514,13603549,21114611
 1,26.735 (0.38),17.817 (0.584),18.218 (0.73),21.452 (1.17),19.928 (1.582),22.717 (0.967),29.125 (1.225),30.93 (1.263),32.319 (1.099),31.863 (1.342),34.732 (1.122),16056,1052,1112,1333,1132,1560,1866,1580,1791,1705,2925,53689845,2954938,3338465,3922222,3612588,4277593,5534486,5944993,6506990,6361589,11235981
nfs_high_vs_low,"","","","","","","","","","","",,,,,,,,,,,,,,,,,,,,,,
 0,94.356 (0.144),97.848 (0.342),97.585 (0.218),96.867 (0.377),96.463 (0.424),95.951 (0.36),93.844 (0.457),92.584 (0.512),92.075 (0.47),91.941 (0.712),90.533 (0.523),35356,3392,3709,3343,3507,3638,3623,3133,3376,3201,4434,147135007,13629869,14987080,14361242,14516020,14552405,13468075,13275639,13626514,13603549,21114611
 1,5.644 (0.144),2.152 (0.342),2.415 (0.218),3.133 (0.377),3.537 (0.424),4.049 (0.36),6.156 (0.457),7.416 (0.512),7.925 (0.47),8.059 (0.712),9.467 (0.523),3137,129,131,192,181,262,386,357,383,394,722,8801496,299800,370868,464535,532265,614090,883469,1063322,1172787,1192389,2207972
liver_cap_any,"",,,,,,,,,,"",,,,,,,,,,,,,,,,,,,,,,
 0,39.239 (1.105),,,,,,,,,,39.239 (1.105),3110,,,,,,,,,,3110,89063589,,,,,,,,,,89063589
 1,60.761 (1.105),,,,,,,,,,60.761 (1.105),4987,,,,,,,,,,4987,137915663,,,,,,,,,,137915663
liver_cap_mod_sev,"",,,,,,,,,,"",,,,,,,,,,,,,,,,,,,,,,
 0,54.153 (0.96),,,,,,,,,,54.153 (0.96),4362,,,,,,,,,,4362,122916609,,,,,,,,,,122916609
 1,45.847 (0.96),,,,,,,,,,45.847 (0.96),3735,,,,,,,,,,3735,104062642,,,,,,,,,,104062642
fib4,1.032 ± 0.007,0.924 ± 0.016,0.921 ± 0.008,0.955 ± 0.012,0.928 ± 0.027,0.989 ± 0.012,1.115 ± 0.018,1.144 ± 0.026,1.128 ± 0.016,1.158 ± 0.025,1.017 ± 0.021,55506,4619,5211,4964,4887,5551,5936,5145,5617,5360,8216,212553706,17017986,19528124,19040678,18873872,19713006,20049180,20494438,21525826,21366669,34943928
fib4_mod_vs_low,"","","","","","","","","","","",,,,,,,,,,,,,,,,,,,,,,
 0,86.021 (0.303),90.979 (0.734),91.091 (0.354),90.032 (0.397),90.382 (1.093),87.763 (0.616),81.542 (1.067),80.159 (1.392),81.289 (0.739),81.453 (1.059),86.761 (0.81),45583,4032,4583,4240,4282,4606,4573,3980,4353,4156,6778,178281594,15243675,17503189,16805219,16791024,16981653,15797594,15863049,16912123,16768601,29615467
 1,13.979 (0.303),9.021 (0.734),8.909 (0.354),9.968 (0.397),9.618 (1.093),12.237 (0.616),18.458 (1.067),19.841 (1.392),18.711 (0.739),18.547 (1.059),13.239 (0.81),8009,483,505,568,483,773,1087,950,1033,969,1158,28971096,1511459,1711931,1860539,1786838,2367691,3576023,3926459,3892934,3818318,4518903
fib4_high_vs_low,"","","","","","","","","","","",,,,,,,,,,,,,,,,,,,,,,
 0,97.112 (0.106),98.305 (0.159),98.243 (0.134),97.818 (0.237),98.268 (0.176),97.903 (0.224),95.899 (0.441),95.745 (0.409),95.912 (0.401),95.557 (0.521),97.339 (0.25),45583,4032,4583,4240,4282,4606,4573,3980,4353,4156,6778,178281594,15243675,17503189,16805219,16791024,16981653,15797594,15863049,16912123,16768601,29615467
 1,2.888 (0.106),1.695 (0.159),1.757 (0.134),2.182 (0.237),1.732 (0.176),2.097 (0.224),4.101 (0.441),4.255 (0.409),4.088 (0.401),4.443 (0.521),2.661 (0.25),1914,104,123,156,122,172,276,215,231,235,280,5301016,262852,313003,374919,296011,363661,675563,704931,720768,779750,809559
prevent_cvd_10yr_base,0.114 ± 0.001,0.111 ± 0.004,0.108 ± 0.002,0.11 ± 0.002,0.109 ± 0.005,0.113 ± 0.003,0.112 ± 0.002,0.114 ± 0.003,0.117 ± 0.002,0.121 ± 0.004,0.122 ± 0.002,36305,2902,3072,2912,2957,3896,4041,3443,3858,3741,5483,147896235,11951408,13222274,12884749,13486088,13801587,13941703,14286634,15024311,15385993,23911489
prevent_cvd_10yr_hba1c,0.114 ± 0.001,0.11 ± 0.004,0.107 ± 0.002,0.109 ± 0.002,0.108 ± 0.005,0.113 ± 0.003,0.112 ± 0.002,0.115 ± 0.003,0.117 ± 0.002,0.121 ± 0.004,0.122 ± 0.002,36250,2901,3068,2911,2946,3889,4028,3436,3855,3739,5477,147703182,11942003,13198407,12879750,13442631,13784847,13907185,14270036,15013092,15381970,23883262
prevent_cvd_10yr_uacr,0.095 ± 0.001,0.092 ± 0.004,0.089 ± 0.002,0.09 ± 0.002,0.091 ± 0.004,0.094 ± 0.002,0.091 ± 0.002,0.094 ± 0.003,0.097 ± 0.002,0.101 ± 0.003,0.102 ± 0.002,36003,2867,3050,2886,2944,3855,4012,3423,3823,3705,5438,146947474,11825518,13144998,12781217,13456066,13684855,13871168,14241463,14873233,15278992,23789964
prevent_cvd_10yr_full,0.095 ± 0.001,0.092 ± 0.004,0.088 ± 0.002,0.089 ± 0.002,0.089 ± 0.004,0.094 ± 0.002,0.091 ± 0.002,0.095 ± 0.003,0.098 ± 0.002,0.101 ± 0.003,0.103 ± 0.002,35950,2866,3046,2885,2933,3849,3999,3417,3820,3703,5432,146759142,11816113,13121131,12776218,13412609,13669230,13836649,14228470,14862014,15274969,23761737
prevent_cvd_30yr_base,0.27 ± 0.001,0.264 ± 0.006,0.264 ± 0.004,0.265 ± 0.004,0.262 ± 0.006,0.271 ± 0.004,0.267 ± 0.003,0.27 ± 0.005,0.272 ± 0.003,0.278 ± 0.005,0.277 ± 0.003,36305,2902,3072,2912,2957,3896,4041,3443,3858,3741,5483,147896235,11951408,13222274,12884749,13486088,13801587,13941703,14286634,15024311,15385993,23911489
prevent_cvd_30yr_hba1c,0.264 ± 0.001,0.257 ± 0.006,0.258 ± 0.004,0.258 ± 0.004,0.255 ± 0.006,0.265 ± 0.004,0.263 ± 0.003,0.266 ± 0.005,0.267 ± 0.003,0.273 ± 0.005,0.272 ± 0.003,36250,2901,3068,2911,2946,3889,4028,3436,3855,3739,5477,147703182,11942003,13198407,12879750,13442631,13784847,13907185,14270036,15013092,15381970,23883262
prevent_cvd_30yr_uacr,0.243 ± 0.001,0.237 ± 0.006,0.237 ± 0.004,0.237 ± 0.004,0.236 ± 0.006,0.244 ± 0.004,0.238 ± 0.002,0.243 ± 0.005,0.246 ± 0.003,0.253 ± 0.004,0.252 ± 0.003,36003,2867,3050,2886,2944,3855,4012,3423,3823,3705,5438,146947474,11825518,13144998,12781217,13456066,13684855,13871168,14241463,14873233,15278992,23789964
prevent_cvd_30yr_full,0.234 ± 0.001,0.227 ± 0.006,0.227 ± 0.004,0.226 ± 0.004,0.225 ± 0.006,0.235 ± 0.003,0.231 ± 0.002,0.236 ± 0.004,0.238 ± 0.003,0.243 ± 0.004,0.243 ± 0.003,35950,2866,3046,2885,2933,3849,3999,3417,3820,3703,5432,146759142,11816113,13121131,12776218,13412609,13669230,13836649,14228470,14862014,15274969,23761737
prevent_ascvd_10yr_base,0.063 ± 0.001,0.063 ± 0.002,0.061 ± 0.001,0.062 ± 0.001,0.06 ± 0.002,0.062 ± 0.001,0.061 ± 0.001,0.062 ± 0.002,0.063 ± 0.001,0.066 ± 0.002,0.065 ± 0.001,36305,2902,3072,2912,2957,3896,4041,3443,3858,3741,5483,147896235,11951408,13222274,12884749,13486088,13801587,13941703,14286634,15024311,15385993,23911489
prevent_ascvd_10yr_hba1c,0.062 ± 0.001,0.062 ± 0.002,0.06 ± 0.001,0.06 ± 0.001,0.058 ± 0.002,0.061 ± 0.001,0.06 ± 0.001,0.062 ± 0.002,0.062 ± 0.001,0.065 ± 0.002,0.064 ± 0.001,36250,2901,3068,2911,2946,3889,4028,3436,3855,3739,5477,147703182,11942003,13198407,12879750,13442631,13784847,13907185,14270036,15013092,15381970,23883262
prevent_ascvd_10yr_uacr,0.054 ± 0,0.055 ± 0.002,0.052 ± 0.001,0.052 ± 0.001,0.052 ± 0.002,0.054 ± 0.001,0.052 ± 0.001,0.053 ± 0.002,0.055 ± 0.001,0.057 ± 0.002,0.057 ± 0.001,36003,2867,3050,2886,2944,3855,4012,3423,3823,3705,5438,146947474,11825518,13144998,12781217,13456066,13684855,13871168,14241463,14873233,15278992,23789964
prevent_ascvd_10yr_full,0.053 ± 0,0.054 ± 0.002,0.051 ± 0.001,0.051 ± 0.001,0.05 ± 0.002,0.053 ± 0.001,0.051 ± 0.001,0.053 ± 0.002,0.054 ± 0.001,0.056 ± 0.002,0.056 ± 0.001,35950,2866,3046,2885,2933,3849,3999,3417,3820,3703,5432,146759142,11816113,13121131,12776218,13412609,13669230,13836649,14228470,14862014,15274969,23761737
prevent_ascvd_30yr_base,0.153 ± 0.001,0.153 ± 0.004,0.153 ± 0.003,0.152 ± 0.003,0.148 ± 0.003,0.154 ± 0.002,0.151 ± 0.001,0.153 ± 0.003,0.152 ± 0.002,0.157 ± 0.003,0.154 ± 0.002,36305,2902,3072,2912,2957,3896,4041,3443,3858,3741,5483,147896235,11951408,13222274,12884749,13486088,13801587,13941703,14286634,15024311,15385993,23911489
prevent_ascvd_30yr_hba1c,0.147 ± 0.001,0.147 ± 0.004,0.147 ± 0.002,0.146 ± 0.003,0.141 ± 0.003,0.148 ± 0.002,0.146 ± 0.002,0.148 ± 0.003,0.147 ± 0.002,0.151 ± 0.003,0.148 ± 0.002,36250,2901,3068,2911,2946,3889,4028,3436,3855,3739,5477,147703182,11942003,13198407,12879750,13442631,13784847,13907185,14270036,15013092,15381970,23883262
prevent_ascvd_30yr_uacr,0.142 ± 0.001,0.142 ± 0.004,0.141 ± 0.002,0.14 ± 0.003,0.137 ± 0.003,0.143 ± 0.002,0.139 ± 0.001,0.142 ± 0.003,0.142 ± 0.002,0.146 ± 0.003,0.144 ± 0.002,36003,2867,3050,2886,2944,3855,4012,3423,3823,3705,5438,146947474,11825518,13144998,12781217,13456066,13684855,13871168,14241463,14873233,15278992,23789964
prevent_ascvd_30yr_full,0.135 ± 0.001,0.135 ± 0.004,0.134 ± 0.002,0.133 ± 0.002,0.13 ± 0.003,0.136 ± 0.002,0.133 ± 0.001,0.136 ± 0.003,0.135 ± 0.002,0.14 ± 0.003,0.137 ± 0.002,35950,2866,3046,2885,2933,3849,3999,3417,3820,3703,5432,146759142,11816113,13121131,12776218,13412609,13669230,13836649,14228470,14862014,15274969,23761737
prevent_hf_10yr_base,0.08 ± 0.001,0.07 ± 0.003,0.069 ± 0.002,0.073 ± 0.002,0.076 ± 0.004,0.077 ± 0.002,0.078 ± 0.002,0.079 ± 0.003,0.084 ± 0.002,0.088 ± 0.003,0.09 ± 0.002,36305,2902,3072,2912,2957,3896,4041,3443,3858,3741,5483,147896235,11951408,13222274,12884749,13486088,13801587,13941703,14286634,15024311,15385993,23911489
prevent_hf_10yr_hba1c,0.082 ± 0.001,0.073 ± 0.003,0.071 ± 0.002,0.074 ± 0.002,0.076 ± 0.004,0.078 ± 0.002,0.08 ± 0.002,0.082 ± 0.003,0.087 ± 0.002,0.091 ± 0.003,0.093 ± 0.002,36250,2901,3068,2911,2946,3889,4028,3436,3855,3739,5477,147703182,11942003,13198407,12879750,13442631,13784847,13907185,14270036,15013092,15381970,23883262
prevent_hf_10yr_uacr,0.064 ± 0.001,0.057 ± 0.003,0.055 ± 0.002,0.057 ± 0.002,0.061 ± 0.003,0.062 ± 0.002,0.061 ± 0.001,0.063 ± 0.003,0.068 ± 0.002,0.071 ± 0.003,0.073 ± 0.002,36003,2867,3050,2886,2944,3855,4012,3423,3823,3705,5438,146947474,11825518,13144998,12781217,13456066,13684855,13871168,14241463,14873233,15278992,23789964
prevent_hf_10yr_full,0.066 ± 0.001,0.06 ± 0.003,0.057 ± 0.002,0.059 ± 0.002,0.062 ± 0.003,0.064 ± 0.002,0.064 ± 0.001,0.066 ± 0.003,0.071 ± 0.002,0.074 ± 0.003,0.076 ± 0.002,35950,2866,3046,2885,2933,3849,3999,3417,3820,3703,5432,146759142,11816113,13121131,12776218,13412609,13669230,13836649,14228470,14862014,15274969,23761737
prevent_hf_30yr_base,0.198 ± 0.001,0.18 ± 0.005,0.181 ± 0.003,0.186 ± 0.003,0.191 ± 0.005,0.194 ± 0.004,0.196 ± 0.002,0.198 ± 0.005,0.205 ± 0.003,0.214 ± 0.004,0.215 ± 0.003,36305,2902,3072,2912,2957,3896,4041,3443,3858,3741,5483,147896235,11951408,13222274,12884749,13486088,13801587,13941703,14286634,15024311,15385993,23911489
prevent_hf_30yr_hba1c,0.198 ± 0.001,0.18 ± 0.005,0.181 ± 0.004,0.186 ± 0.003,0.19 ± 0.006,0.194 ± 0.004,0.197 ± 0.002,0.2 ± 0.005,0.206 ± 0.003,0.214 ± 0.004,0.215 ± 0.003,36250,2901,3068,2911,2946,3889,4028,3436,3855,3739,5477,147703182,11942003,13198407,12879750,13442631,13784847,13907185,14270036,15013092,15381970,23883262
prevent_hf_30yr_uacr,0.171 ± 0.001,0.155 ± 0.005,0.156 ± 0.003,0.159 ± 0.003,0.165 ± 0.005,0.168 ± 0.003,0.167 ± 0.002,0.172 ± 0.004,0.179 ± 0.003,0.186 ± 0.004,0.188 ± 0.003,36003,2867,3050,2886,2944,3855,4012,3423,3823,3705,5438,146947474,11825518,13144998,12781217,13456066,13684855,13871168,14241463,14873233,15278992,23789964
prevent_hf_30yr_full,0.169 ± 0.001,0.153 ± 0.005,0.153 ± 0.003,0.157 ± 0.003,0.162 ± 0.005,0.165 ± 0.003,0.166 ± 0.002,0.171 ± 0.004,0.176 ± 0.003,0.184 ± 0.004,0.185 ± 0.003,35950,2866,3046,2885,2933,3849,3999,3417,3820,3703,5432,146759142,11816113,13121131,12776218,13412609,13669230,13836649,14228470,14862014,15274969,23761737
prevent_chd_10yr_base,0.036 ± 0,0.037 ± 0.002,0.036 ± 0.001,0.036 ± 0.001,0.034 ± 0.002,0.036 ± 0.001,0.035 ± 0.001,0.036 ± 0.001,0.036 ± 0.001,0.038 ± 0.001,0.037 ± 0.001,36305,2902,3072,2912,2957,3896,4041,3443,3858,3741,5483,147896235,11951408,13222274,12884749,13486088,13801587,13941703,14286634,15024311,15385993,23911489
prevent_chd_10yr_hba1c,0.035 ± 0,0.036 ± 0.002,0.034 ± 0.001,0.034 ± 0.001,0.033 ± 0.001,0.035 ± 0.001,0.034 ± 0.001,0.035 ± 0.001,0.035 ± 0.001,0.037 ± 0.001,0.036 ± 0.001,36250,2901,3068,2911,2946,3889,4028,3436,3855,3739,5477,147703182,11942003,13198407,12879750,13442631,13784847,13907185,14270036,15013092,15381970,23883262
prevent_chd_10yr_uacr,0.031 ± 0,0.032 ± 0.001,0.03 ± 0.001,0.03 ± 0.001,0.029 ± 0.001,0.031 ± 0.001,0.029 ± 0.001,0.03 ± 0.001,0.031 ± 0.001,0.032 ± 0.001,0.032 ± 0.001,36003,2867,3050,2886,2944,3855,4012,3423,3823,3705,5438,146947474,11825518,13144998,12781217,13456066,13684855,13871168,14241463,14873233,15278992,23789964
prevent_chd_10yr_full,0.03 ± 0,0.031 ± 0.001,0.029 ± 0.001,0.029 ± 0.001,0.028 ± 0.001,0.03 ± 0.001,0.029 ± 0.001,0.03 ± 0.001,0.03 ± 0.001,0.031 ± 0.001,0.031 ± 0.001,35950,2866,3046,2885,2933,3849,3999,3417,3820,3703,5432,146759142,11816113,13121131,12776218,13412609,13669230,13836649,14228470,14862014,15274969,23761737
prevent_chd_30yr_base,0.091 ± 0.001,0.094 ± 0.003,0.093 ± 0.002,0.091 ± 0.002,0.087 ± 0.002,0.093 ± 0.002,0.09 ± 0.001,0.091 ± 0.002,0.09 ± 0.001,0.093 ± 0.002,0.09 ± 0.001,36305,2902,3072,2912,2957,3896,4041,3443,3858,3741,5483,147896235,11951408,13222274,12884749,13486088,13801587,13941703,14286634,15024311,15385993,23911489
prevent_chd_30yr_hba1c,0.085 ± 0.001,0.088 ± 0.003,0.086 ± 0.002,0.085 ± 0.002,0.081 ± 0.002,0.087 ± 0.002,0.085 ± 0.001,0.086 ± 0.002,0.085 ± 0.001,0.087 ± 0.002,0.085 ± 0.001,36250,2901,3068,2911,2946,3889,4028,3436,3855,3739,5477,147703182,11942003,13198407,12879750,13442631,13784847,13907185,14270036,15013092,15381970,23883262
prevent_chd_30yr_uacr,0.084 ± 0.001,0.086 ± 0.003,0.085 ± 0.002,0.083 ± 0.002,0.08 ± 0.002,0.085 ± 0.002,0.082 ± 0.001,0.084 ± 0.002,0.083 ± 0.001,0.086 ± 0.002,0.084 ± 0.001,36003,2867,3050,2886,2944,3855,4012,3423,3823,3705,5438,146947474,11825518,13144998,12781217,13456066,13684855,13871168,14241463,14873233,15278992,23789964
prevent_chd_30yr_full,0.077 ± 0.001,0.079 ± 0.003,0.078 ± 0.002,0.076 ± 0.002,0.073 ± 0.002,0.078 ± 0.001,0.076 ± 0.001,0.078 ± 0.002,0.077 ± 0.001,0.08 ± 0.002,0.077 ± 0.001,35950,2866,3046,2885,2933,3849,3999,3417,3820,3703,5432,146759142,11816113,13121131,12776218,13412609,13669230,13836649,14228470,14862014,15274969,23761737
prevent_stroke_10yr_base,0.032 ± 0,0.031 ± 0.001,0.03 ± 0.001,0.031 ± 0.001,0.03 ± 0.001,0.031 ± 0.001,0.031 ± 0.001,0.031 ± 0.001,0.032 ± 0.001,0.034 ± 0.001,0.033 ± 0.001,36305,2902,3072,2912,2957,3896,4041,3443,3858,3741,5483,147896235,11951408,13222274,12884749,13486088,13801587,13941703,14286634,15024311,15385993,23911489
prevent_stroke_10yr_hba1c,0.032 ± 0,0.031 ± 0.001,0.03 ± 0.001,0.031 ± 0.001,0.03 ± 0.001,0.031 ± 0.001,0.031 ± 0.001,0.032 ± 0.001,0.032 ± 0.001,0.034 ± 0.001,0.034 ± 0.001,36250,2901,3068,2911,2946,3889,4028,3436,3855,3739,5477,147703182,11942003,13198407,12879750,13442631,13784847,13907185,14270036,15013092,15381970,23883262
prevent_stroke_10yr_uacr,0.028 ± 0,0.027 ± 0.001,0.026 ± 0.001,0.026 ± 0.001,0.027 ± 0.001,0.027 ± 0.001,0.026 ± 0,0.027 ± 0.001,0.028 ± 0.001,0.029 ± 0.001,0.029 ± 0.001,36003,2867,3050,2886,2944,3855,4012,3423,3823,3705,5438,146947474,11825518,13144998,12781217,13456066,13684855,13871168,14241463,14873233,15278992,23789964
prevent_stroke_10yr_full,0.028 ± 0,0.028 ± 0.001,0.027 ± 0.001,0.027 ± 0.001,0.027 ± 0.001,0.028 ± 0.001,0.027 ± 0,0.028 ± 0.001,0.029 ± 0.001,0.03 ± 0.001,0.03 ± 0.001,35950,2866,3046,2885,2933,3849,3999,3417,3820,3703,5432,146759142,11816113,13121131,12776218,13412609,13669230,13836649,14228470,14862014,15274969,23761737
prevent_stroke_30yr_base,0.08 ± 0,0.078 ± 0.002,0.078 ± 0.001,0.079 ± 0.001,0.078 ± 0.002,0.079 ± 0.001,0.078 ± 0.001,0.08 ± 0.002,0.08 ± 0.001,0.083 ± 0.002,0.082 ± 0.001,36305,2902,3072,2912,2957,3896,4041,3443,3858,3741,5483,147896235,11951408,13222274,12884749,13486088,13801587,13941703,14286634,15024311,15385993,23911489
prevent_stroke_30yr_hba1c,0.079 ± 0,0.077 ± 0.002,0.077 ± 0.001,0.078 ± 0.001,0.076 ± 0.002,0.078 ± 0.001,0.078 ± 0.001,0.079 ± 0.001,0.079 ± 0.001,0.082 ± 0.001,0.081 ± 0.001,36250,2901,3068,2911,2946,3889,4028,3436,3855,3739,5477,147703182,11942003,13198407,12879750,13442631,13784847,13907185,14270036,15013092,15381970,23883262
prevent_stroke_30yr_uacr,0.075 ± 0,0.073 ± 0.002,0.073 ± 0.001,0.073 ± 0.001,0.073 ± 0.002,0.074 ± 0.001,0.072 ± 0.001,0.074 ± 0.001,0.075 ± 0.001,0.078 ± 0.001,0.077 ± 0.001,36003,2867,3050,2886,2944,3855,4012,3423,3823,3705,5438,146947474,11825518,13144998,12781217,13456066,13684855,13871168,14241463,14873233,15278992,23789964
prevent_stroke_30yr_full,0.075 ± 0,0.073 ± 0.002,0.072 ± 0.001,0.073 ± 0.001,0.072 ± 0.002,0.074 ± 0.001,0.073 ± 0.001,0.075 ± 0.001,0.075 ± 0.001,0.078 ± 0.001,0.077 ± 0.001,35950,2866,3046,2885,2933,3849,3999,3417,3820,3703,5432,146759142,11816113,13121131,12776218,13412609,13669230,13836649,14228470,14862014,15274969,23761737
taste_mouth_quinine_glms,51.765 ± 0.602,,,,,,,,51.765 ± 0.602,,,3114,,,,,,,,3114,,,129390093,,,,,,,,129390093,,
taste_mouth_nacl_1M_glms,51.329 ± 0.695,,,,,,,,51.329 ± 0.695,,,3217,,,,,,,,3217,,,132565076,,,,,,,,132565076,,
taste_mouth_nacl_320mM_glms,32.342 ± 0.448,,,,,,,,32.342 ± 0.448,,,3218,,,,,,,,3218,,,132557665,,,,,,,,132557665,,
smell_pst_total,5.937 ± 0.052,,,,,,,,5.937 ± 0.052,,,3519,,,,,,,,3519,,,140565220,,,,,,,,140565220,,
smell_dysfun_any,"",,,,,,,,"",,,,,,,,,,,,,,,,,,,,,,,,
 0,71.838 (1.895),,,,,,,,71.838 (1.895),,,2310,,,,,,,,2310,,,100830150,,,,,,,,100830150,,
 1,28.162 (1.895),,,,,,,,28.162 (1.895),,,1200,,,,,,,,1200,,,39527616,,,,,,,,39527616,,
smell_dysfun_severe,"",,,,,,,,"",,,,,,,,,,,,,,,,,,,,,,,,
 0,95.724 (0.485),,,,,,,,95.724 (0.485),,,3297,,,,,,,,3297,,,134555003,,,,,,,,134555003,,
 1,4.276 (0.485),,,,,,,,4.276 (0.485),,,222,,,,,,,,222,,,6010218,,,,,,,,6010218,,
tastechange_sweet_worse,"",,,,,,,"","",,,,,,,,,,,,,,,,,,,,,,,,
 0,95.974 (0.288),,,,,,,96.001 (0.372),95.948 (0.438),,,7103,,,,,,,3434,3669,,,138410492,,,,,,,68365455,70045036,,
 1,4.026 (0.288),,,,,,,3.999 (0.372),4.052 (0.438),,,292,,,,,,,155,137,,,5806193,,,,,,,2847960,2958233,,
tastechange_salt_worse,"",,,,,,,"","",,,,,,,,,,,,,,,,,,,,,,,,
 0,95.171 (0.337),,,,,,,95.271 (0.436),95.073 (0.509),,,6987,,,,,,,3366,3621,,,137088038,,,,,,,67761731,69326307,,
 1,4.829 (0.337),,,,,,,4.729 (0.436),4.927 (0.509),,,400,,,,,,,220,180,,,6955945,,,,,,,3363444,3592500,,
tastechange_bitter_worse,"",,,,,,,"","",,,,,,,,,,,,,,,,,,,,,,,,
 0,96.097 (0.306),,,,,,,96.321 (0.364),95.88 (0.488),,,7071,,,,,,,3417,3654,,,138136029,,,,,,,68361152,69774877,,
 1,3.903 (0.306),,,,,,,3.679 (0.364),4.12 (0.488),,,296,,,,,,,161,135,,,5609918,,,,,,,2611415,2998504,,
tastechange_sour_worse,"",,,,,,,"","",,,,,,,,,,,,,,,,,,,,,,,,
 0,95.959 (0.379),,,,,,,96.065 (0.339),95.855 (0.671),,,7066,,,,,,,3409,3657,,,138258676,,,,,,,68432659,69826016,,
 1,4.041 (0.379),,,,,,,3.935 (0.339),4.145 (0.671),,,319,,,,,,,178,141,,,5822761,,,,,,,2803329,3019432,,
ndi_mortstat,"","","","","","","","","","",,,,,,,,,,,,,,,,,,,,,,,
 0,87.544 (0.281),76.747 (0.863),79.581 (0.896),82.907 (0.585),85.607 (1.155),87.588 (0.908),90.216 (0.449),91.769 (0.587),93.626 (0.558),96.712 (0.35),,44151,3770,4363,4190,4534,5093,5649,5221,5633,5698,,194440095,16397012,19394013,19606532,20698863,21679844,22616864,23593975,24690672,25762320,
 1,12.456 (0.281),23.253 (0.863),20.419 (0.896),17.093 (0.585),14.393 (1.155),12.412 (0.908),9.784 (0.449),8.231 (0.587),6.374 (0.558),3.288 (0.35),,9104,1675,1624,1420,1027,1126,861,628,467,276,,27664277,4967887,4976160,4042290,3480163,3072335,2452698,2116143,1680854,875746,
ndi_mortstat_hd,"","","","","","","","","","",,,,,,,,,,,,,,,,,,,,,,,
 0,75.537 (0.655),73.917 (1.788),77.214 (1.233),71.348 (1.74),76.535 (1.796),77.839 (1.794),77.187 (1.832),77.683 (2.044),72.819 (2.501),77.898 (4.66),,6733,1206,1226,1004,763,859,654,477,331,213,,20894361,3672117,3839951,2884082,2663527,2391461,1893168,1643888,1223975,682192,
 1,24.463 (0.655),26.083 (1.788),22.786 (1.233),28.652 (1.74),23.465 (1.796),22.161 (1.794),22.813 (1.832),22.317 (2.044),27.181 (2.501),22.102 (4.66),,2369,468,397,416,264,267,207,151,136,63,,6766913,1295770,1133207,1158207,816637,680873,559530,472255,456879,193555,
ndi_mortstat_cbvd,"","","","","","","","","","",,,,,,,,,,,,,,,,,,,,,,,
 0,94.875 (0.274),94.947 (0.652),94.065 (0.698),96.058 (0.698),93.628 (1.001),93.698 (0.777),95.176 (0.59),95.884 (1.124),94.571 (0.863),100 (0),,8583,1579,1514,1348,963,1057,811,596,439,276,,26243665,4716878,4677981,3882923,3258410,2878701,2334389,2029036,1589601,875746,
 1,5.125 (0.274),5.053 (0.652),5.935 (0.698),3.942 (0.698),6.372 (1.001),6.302 (0.777),4.824 (0.59),4.116 (1.124),5.429 (0.863),0 (0),,519,95,109,72,64,69,50,32,28,,,1417609,251009,295176,159367,221753,193634,118310,87107,91253,,
ndi_mortstat_cvd,"","","","","","","","","","",,,,,,,,,,,,,,,,,,,,,,,
 0,96.315 (0.137),92.76 (0.59),94.139 (0.394),94.429 (0.458),95.705 (0.465),96.467 (0.332),97.296 (0.201),97.824 (0.344),97.921 (0.271),99.273 (0.184),,50367,4882,5481,5122,5233,5883,6253,5666,5936,5911,,213919849,19818120,22941790,22331248,23140636,23877672,24391723,25150756,25823393,26444512,
 1,3.685 (0.137),7.24 (0.59),5.861 (0.394),5.571 (0.458),4.295 (0.465),3.533 (0.332),2.704 (0.201),2.176 (0.344),2.079 (0.271),0.727 (0.184),,2888,563,506,488,328,336,257,183,164,63,,8184523,1546778,1428383,1317574,1038390,874507,677840,559362,548132,193555,
ndi_mortstat_diab,"","","","","","","","","","",,,,,,,,,,,,,,,,,,,,,,,
 0,96.522 (0.272),96.191 (0.729),96.839 (0.53),95.984 (0.845),96.478 (0.664),97.158 (0.661),96.852 (0.831),96.331 (1.02),94.73 (1.567),100 (0),,8777,1600,1571,1367,995,1087,834,601,446,276,,26699166,4778641,4815932,3879953,3357593,2985025,2375499,2038511,1592265,875746,
 1,3.478 (0.272),3.809 (0.729),3.161 (0.53),4.016 (0.845),3.522 (0.664),2.842 (0.661),3.148 (0.831),3.669 (1.02),5.27 (1.567),0 (0),,325,74,52,53,32,39,27,27,21,,,962108,189246,157225,162337,122571,87310,77199,77632,88589,,
ndi_mortstat_diab_any,"","","","","","","","","","",,,,,,,,,,,,,,,,,,,,,,,
 0,89.359 (0.494),89.026 (1.335),90.149 (1.321),87.326 (1.524),89.733 (0.829),90.89 (1.299),89.052 (1.143),90.558 (1.605),88.468 (1.944),88.974 (3.111),,8061,1451,1454,1254,913,1004,765,556,422,242,,24717961,4422700,4483268,3529985,3122856,2792445,2184176,1916332,1487012,779187,
 1,10.641 (0.494),10.974 (1.335),9.851 (1.321),12.674 (1.524),10.267 (0.829),9.11 (1.299),10.948 (1.143),9.442 (1.605),11.532 (1.944),11.026 (3.111),,1041,223,169,166,114,122,96,72,45,34,,2943314,545187,489890,512305,357308,279889,268523,199811,193842,96559,
