Variable.Name,Raw.Variables,Variable.Description,Variable.Type,Variable.Summary,Assigned.Weight,Variable.Type.x
Years,n/a,Cycle years,Categorical,Values: 1999-2000; 2001-2002; 2003-2004; 2005-2006; 2007-2008; 2009-2010; 2011-2012; 2013-2014; 2015-2016; 2017-2020,WTMEC.COMBN,Categorical
SEQN,SEQN,Participant identifier,Numeric,"Mean: 56605.3; Median: 53811.5; Range: [1, 124822]",WTMEC.COMBN,Numeric
RIDSTATR,RIDSTATR,Interview and examination status of the participant,Categorical,Values: Both interviewed and MEC examined; Interviewed only,WTMEC.COMBN,Categorical
SDDSRVYR,SDDSRVYR,Data release cycle number,Categorical,Values: NHANES 1999-2000 Public Release; NHANES 2001-2002 Public Release; NHANES 2003-2004 Public Release; NHANES 2005-2006 Public Release; NHANES 2007-2008 Public Release; NHANES 2009-2010 Public Release; NHANES 2011-2012 public release; NHANES 2013-2014 public release; NHANES 2015-2016 public release; NHANES 2017-2020 public release,WTMEC.COMBN,Categorical
SDMVPSU,SDMVPSU,Masked Variance Unit Pseudo-PSU variable for variance estimation,Numeric,"Mean: 1.5; Median: 2; Range: [1, 3]",WTMEC.COMBN,Numeric
SDMVSTRA,SDMVSTRA,Masked Variance Unit Pseudo-Stratum variable for variance estimation,Numeric,"Mean: 79.2; Median: 77; Range: [1, 172]",WTMEC.COMBN,Numeric
WTINT2YR,WTINT2YR,Full sample 2-year interview weight,Numeric,"Mean: 28929.7; Median: 18900; Range: [974.7, 236864.1]",WTMEC.COMBN,Numeric
WTINT4YR,WTINT4YR,Interviewed Sample Persons. Used for 1999-2002 data collection years only,Numeric,"Mean: 13266.6; Median: 7794.8; Range: [620.7, 100652.3]",WTMEC.COMBN,Numeric
WTMEC2YR,WTMEC2YR,Full sample 2 year MEC exam weight,Numeric,"Mean: 28929.7; Median: 18621.6; Range: [0, 261361.3]",WTMEC.COMBN,Numeric
WTMEC4YR,WTMEC4YR,Both Interviewed and MEC Examined Sample Persons. Used for 1999-2002 data collection years only.,Numeric,"Mean: 13266.6; Median: 7046.4; Range: [0, 103831.2]",WTMEC.COMBN,Numeric
WTINTPRP,WTINTPRP,Full sample interview weight,Numeric,"Mean: 20714.9; Median: 12712.6; Range: [1017.8, 338363.6]",WTMEC.COMBN,Numeric
WTMECPRP,WTMECPRP,Full sample MEC exam weight,Numeric,"Mean: 20714.9; Median: 12639.6; Range: [0, 367555.7]",WTMEC.COMBN,Numeric
WTSAF2YR,WTSAF2YR,Fasting Subsample 2 Year MEC Weight,Numeric,"Mean: 72042; Median: 49181.5; Range: [0, 548458.8]",WTSAF.COMBN,Numeric
WTSAF4YR,WTSAF4YR,Fasting Subsample 4 Year Mec Weight,Numeric,"Mean: 31867.1; Median: 17433.8; Range: [0, 263680.7]",WTSAF.COMBN,Numeric
WTSAFPRP,WTSAFPRP,Fasting Subsample Weight,Numeric,"Mean: 53884; Median: 32845.1; Range: [0, 741259.2]",WTSAF.COMBN,Numeric
WTDRD1,WTDRD1,Dietary day one 2-Year sample weight - Used for 2001-2002 data collection years only,Numeric,"Mean: 31818.2; Median: 18526.5; Range: [0, 454277.7]",WTMEC.COMBN,Numeric
WTDR4YR,WTDR4YR,Dietary day one 4-Year sample weight - Used for 1999-2002 data collection years only,Numeric,"Mean: 15139.1; Median: 8800.2; Range: [298.7, 173979.4]",WTMEC.COMBN,Numeric
WTDR2D,WTDR2D,Dietary two-day sample weight,Numeric,"Mean: 36526.5; Median: 19538; Range: [0, 818626.7]",WTDR.COMBN,Numeric
WTDRD1PP,WTDRD1PP,Dietary day one sample weight,Numeric,"Mean: 22540.2; Median: 12283.8; Range: [0, 538404.4]",WTMEC.COMBN,Numeric
WTDR2DPP,WTDR2DPP,Dietary two-day sample weight,Numeric,"Mean: 25512.4; Median: 12637.9; Range: [0, 702943.6]",WTDR.COMBN,Numeric
WTSPO4YR,WTSPO4YR,Dioxins Subsample 4 Year Mec Weight,Numeric,"Mean: 47818.5; Median: 33431.5; Range: [0, 332972.4]",WTSPO.COMBN,Numeric
WTSPO2YR,WTSPO2YR,Dioxins Subsample 2 Year Mec Weight,Numeric,"Mean: 94512.9; Median: 61228.4; Range: [0, 846810.7]",WTSPO.COMBN,Numeric
WTSC2YR,WTSC2YR,Two-year MEC weights of subsample C,Numeric,"Mean: 100488.8; Median: 78414.9; Range: [0, 456851.1]",WTSEPH.COMBN,Numeric
WTSB2YR,WTSB2YR,Two-year MEC weights of subsample B,Numeric,"Mean: 101832; Median: 69679.4; Range: [0, 874638]",WTMEC.COMBN,Numeric
WTSA2YR,WTSA2YR,Two-year MEC weights of subsample A,Numeric,"Mean: 101858.6; Median: 63427.1; Range: [0, 708844.2]",WTMEC.COMBN,Numeric
age,RIDAGEYR,"Age, years",Numeric,"Mean: 31.2; Median: 24; Range: [0, 85]",WTMEC.COMBN,Numeric
age_4lvl,RIDAGEYR,Derived age categories,Categorical,Levels: under30y; 30to39y; 40to64y; over65y,WTMEC.COMBN,Categorical
gender,RIAGENDR,Sex,Categorical,Values: Female; Male,WTMEC.COMBN,Categorical
female,RIAGENDR,Female sex,Categorical,Levels: 0; 1,WTMEC.COMBN,Categorical
racethn_combn,RIDRETH3,"Derived race/ethnicity variable, incorporating NHA (added post-2007)",Categorical,Values: NHB; NHW; Other/Multi-Racial/NHAsian; Mexican-American; Other Hispanic; NHAsian; Other/Multi-Racial,WTMEC.COMBN,Categorical
educ_level,"DMDEDUC2, DMDEDUC3",Derived education levels,Categorical,Levels: College graduate or above; Some college or AA degree; HS graduate or GED; 9-11th grade; Less than 9th grade,WTMEC.COMBN,Categorical
income_hh,"INDHHINC, INDHHIN2",Household income level,Categorical,"Levels: $0-$4,999; $5,000-$9,999; $10,000-$14,999; $15,000-$19,999; Under $20,000; Over $20,000; $20,000-$24,999; $25,000-$34,999; $35,000-$44,999; $45,000-$54,999; $55,000-$64,999; $65,000-$74,999; Over $75,000; $75,000-$99,999; Over $100,000",WTMEC.COMBN,Categorical
income_fam,"INDFMINC, INDFMIN2",Family income level,Categorical,"Levels: $0-$4,999; $5,000-$9,999; $10,000-$14,999; $15,000-$19,999; Under $20,000; Over $20,000; $20,000-$24,999; $25,000-$34,999; $35,000-$44,999; $45,000-$54,999; $55,000-$64,999; $65,000-$74,999; Over $75,000; $75,000-$99,999; Over $100,000",WTMEC.COMBN,Categorical
inc_to_pov,INDFMPIR,Income-to-poverty ratio,Numeric,"Mean: 2.3; Median: 1.8; Range: [0, 5]",WTMEC.COMBN,Numeric
inc_to_pov_level,INDFMPIR,Derived incom-to-poverty ratio levels,Categorical,Levels: High income; Middle income; Low income,WTMEC.COMBN,Categorical
bmi,BMXBMI,Body mass index,Numeric,"Mean: 25.6; Median: 24.8; Range: [8, 130.2]",WTMEC.COMBN,Numeric
sbp_mean,"BPXSY1, BPXOSY1, BPXSY2, BPXOSY2, BPXSY3, BPXOSY3",Mean systolic blood pressure,Numeric,"Mean: 119.2; Median: 116; Range: [64.7, 270]",WTMEC.COMBN,Numeric
dbp_mean,"BPXDI1, BPXODI1, BPXDI2, BPXODI2, BPXDI3, BPXODI3",Mean diastolic blood pressure,Numeric,"Mean: 66.7; Median: 67.3; Range: [0, 143.7]",WTMEC.COMBN,Numeric
fev1_pre,SPXNFEV1,"Forced expiratory volume, baseline (fev1)",Numeric,"Mean: 2893.8; Median: 2858; Range: [409, 6923]",WTMEC.COMBN,Numeric
fvc_pre,SPXNFVC,"Forced vital capacity, baseline (fvc)",Numeric,"Mean: 3598; Median: 3554; Range: [592, 9361]",WTMEC.COMBN,Numeric
waist,BMXWAIST,Waist circumference,Numeric,"Mean: 86.8; Median: 87.5; Range: [32, 187.5]",WTMEC.COMBN,Numeric
hip,BMXHIP,Hip circumference,Numeric,"Mean: 105.7; Median: 103.4; Range: [62.5, 187.5]",WTMEC.COMBN,Numeric
whr,"BMXWAIST, BMXHIP",Derived waist-to-hip ratio,Numeric,"Mean: 0.9; Median: 0.9; Range: [0.6, 1.2]",WTMEC.COMBN,Numeric
wt,BMXWT,Weight,Numeric,"Mean: 62; Median: 65.1; Range: [2.4, 371]",WTMEC.COMBN,Numeric
ht,BMXHT,Height,Numeric,"Mean: 156.1; Median: 162.1; Range: [78.3, 204.5]",WTMEC.COMBN,Numeric
liver_stiff,LUXSMED,Liver stiffness value,Numeric,"Mean: 5.9; Median: 5; Range: [1.6, 75]",WTMEC.COMBN,Numeric
liver_iqr,LUXSIQRM,Ratio of liver stiffness-to-median stiffness,Numeric,"Mean: 15.1; Median: 13.1; Range: [0, 1338]",WTMEC.COMBN,Numeric
liver_cap,LUXCAPM,Median liver CAP,Numeric,"Mean: 257.6; Median: 253; Range: [100, 400]",WTMEC.COMBN,Numeric
taste_mouth_quinine_glms,CSXQUISG,Taste intensity in whole mouth for quinine,Numeric,"Mean: 53.2; Median: 52; Range: [0, 100]",WTMEC.COMBN,Numeric
taste_mouth_nacl_1M_glms,CSXSLTSG,Taste intensity in whole mouth for 1M nacl,Numeric,"Mean: 52.1; Median: 50; Range: [2, 100]",WTMEC.COMBN,Numeric
taste_mouth_nacl_320mM_glms,CSXNASG,Taste intensity in whole mouth for 320 mM nacl,Numeric,"Mean: 33.1; Median: 30; Range: [0, 100]",WTMEC.COMBN,Numeric
taste_tip2mouth_quinine,"CSXQUIPG, CSXQUISG",Ratio of tongue-to-mouth glms score for quinine,Numeric,"Mean: 0.3; Median: 0.2; Range: [0, 49]",WTMEC.COMBN,Numeric
taste_tip2mouth_nacl_1M,"CSXNAPG, CSXSLTSG",Ratio of tongue-to-mouth glms score for nacl,Numeric,"Mean: 0.6; Median: 0.5; Range: [0, 32.5]",WTMEC.COMBN,Numeric
smell_pst_total,"CSXCHOOD, CSXNGSOD, CSXGRAOD, CSXLEAOD, CSXONOD, CSXSMKOD, CSXSOAOD, CSXSBOD",Total Pocket Smell Test (PST) score,Numeric,"Mean: 5.7; Median: 6; Range: [0, 7]",WTMEC.COMBN,Numeric
smell_dysfun_any,"CSXCHOOD, CSXNGSOD, CSXGRAOD, CSXLEAOD, CSXONOD, CSXSMKOD, CSXSOAOD, CSXSBOD",Any smell dysfunction (PST b/w 0-5),Categorical,Levels: 0; 1,WTMEC.COMBN,Numeric
smell_dysfun_severe,"CSXCHOOD, CSXNGSOD, CSXGRAOD, CSXLEAOD, CSXONOD, CSXSMKOD, CSXSOAOD, CSXSBOD",Severe smell dysfunction (PST b/w 0-3),Categorical,Levels: 0; 1,WTMEC.COMBN,Numeric
alb,LBXSAL,Serum albumin,Numeric,"Mean: 4.3; Median: 4.3; Range: [1.2, 5.7]",WTMEC.COMBN,Numeric
alt,LBXSATSI,Serum alanine aminotransferase,Numeric,"Mean: 23.7; Median: 19; Range: [2, 1997]",WTMEC.COMBN,Numeric
ast,LBXSASSI,Serum aspartate,Numeric,"Mean: 24.8; Median: 22; Range: [6, 1672]",WTMEC.COMBN,Numeric
b_carot,"LBXBEC,LB2BEC",Blood trans-b-carotene,Numeric,"Mean: 16; Median: 11.2; Range: [0.4, 388.2]",WTMEC.COMBN,Numeric
cadmium,LBXBCD,Blood cadmium,Numeric,"Mean: 0.4; Median: 0.2; Range: [0.1, 13]",WTMEC.COMBN,Numeric
cotinine,LBXCOT,Serum cotinine,Numeric,"Mean: 38.9; Median: 0.1; Range: [0, 1820]",WTMEC.COMBN,Numeric
creatinine,"LBXSCR, LBDSCR,LBXSCR",Serum creatinine,Numeric,"Mean: 0.9; Median: 0.8; Range: [0.1, 17.4]",WTMEC.COMBN,Numeric
crp,"LBXCRP, LB2CRP,LBXCRP,LBXHSCRP",Blood C-reactive protein (combined with high-sensitivity CRP),Numeric,"Mean: 3.6; Median: 1.3; Range: [0.1, 296]",WTMEC.COMBN,Numeric
estradiol,"LBXEST,SSSE2",Estradiol,Numeric,"Mean: 58.1; Median: 22; Range: [-5, 15300]",WTMEC.COMBN,Numeric
fg,LBXGLU,Fasting glucose,Numeric,"Mean: 106.2; Median: 98.6; Range: [21, 678.2]",WTSAF.COMBN,Numeric
fi,LBXIN,Fasting insulin,Numeric,"Mean: 13.8; Median: 9.9; Range: [0, 682.5]",WTSAF.COMBN,Numeric
g_tocoph,"LBXGTC,LB2GTC",Blood gamma-tocopherol,Numeric,"Mean: 224.5; Median: 206; Range: [7, 3122]",WTMEC.COMBN,Numeric
glu,LBXSGL,Serum glucose,Numeric,"Mean: 98.4; Median: 91; Range: [19, 777]",WTMEC.COMBN,Numeric
hba1c,LBXGH,Hemoglobin A1c (%),Numeric,"Mean: 5.6; Median: 5.4; Range: [2, 18.8]",WTMEC.COMBN,Numeric
hdl,"LBDHDD,LBXHDD,LBDHDL",HDL cholesterol,Numeric,"Mean: 53; Median: 51; Range: [5, 226]",WTMEC.COMBN,Numeric
hpv_oral,ORXHPV,Oral HPV result,Categorical,Levels: 0; 1,WTMEC.COMBN,Numeric
ldl,LBDLDL,LDL cholesterol,Numeric,"Mean: 108.4; Median: 104; Range: [7, 629]",WTSAF.COMBN,Numeric
lead,LBXBPB,Blood lead,Numeric,"Mean: 1.6; Median: 1.1; Range: [0, 68.9]",WTMEC.COMBN,Numeric
manganese,LBXBMN,Blood manganese,Numeric,"Mean: 10.3; Median: 9.6; Range: [1.6, 100.4]",WTMEC.COMBN,Numeric
mercury,LBXTHG,Blood mercury,Numeric,"Mean: 1.2; Median: 0.6; Range: [0.1, 85.7]",WTMEC.COMBN,Numeric
pcb180,LBX180,PCB180,Numeric,"Mean: 0.2; Median: 0.1; Range: [0, 4.1]",WTSPO.COMBN,Numeric
selenium,LBXBSE,Blood selenium,Numeric,"Mean: 185.1; Median: 183.1; Range: [59.4, 734.8]",WTMEC.COMBN,Numeric
stg,LBXSTR,Triglyceride (serum),Numeric,"Mean: 137.1; Median: 107; Range: [9, 6057]",WTMEC.COMBN,Numeric
t_lycop,"LBXLYC,LB2LYC, LBXLYC",Blood trans-lycopene,Numeric,"Mean: 22.5; Median: 21.3; Range: [0.2, 110]",WTMEC.COMBN,Numeric
tc,LBXTC,Total cholesterol,Numeric,"Mean: 183.4; Median: 178; Range: [59, 813]",WTMEC.COMBN,Numeric
testosterone,"SSTESTO,LBXTST",Testosterone,Numeric,"Mean: 204.6; Median: 40.4; Range: [-2, 5000]",WTMEC.COMBN,Numeric
tg,LBXTR,Fasting triglyceride,Numeric,"Mean: 119.7; Median: 95; Range: [10, 4233]",WTSAF.COMBN,Numeric
u_albumin,URXUMA,Urinary albumin,Numeric,"Mean: 44.8; Median: 8.6; Range: [0.2, 24440]",WTMEC.COMBN,Numeric
u_cotinine,URXCOTT,Urinary cotinine,Numeric,"Mean: 925; Median: 0.8; Range: [0, 26800]",WTMEC.COMBN,Numeric
u_creatinine,URXUCR,Urinary creatinine,Numeric,"Mean: 127.9; Median: 112.7; Range: [0, 893.7]",WTMEC.COMBN,Numeric
vitd,"LBXVIDMS,LBDVIDMS",Vitamin D,Numeric,"Mean: 63.1; Median: 61.3; Range: [5.4, 375]",WTMEC.COMBN,Numeric
vitd2,LBXVD2MS,Vitamin D2,Numeric,"Mean: 3.3; Median: 1.4; Range: [1.4, 315]",WTMEC.COMBN,Numeric
vitd3,LBXVD3MS,Vitamin D3,Numeric,"Mean: 60.5; Median: 58.9; Range: [3, 373.7]",WTMEC.COMBN,Numeric
hcb,LBXHCB,HCB,Numeric,"Mean: 0.1; Median: 0.1; Range: [0, 2]",WTMEC.COMBN,Numeric
hcb_adj,LBXHCBLA,HCB (lipid adjusted),Numeric,"Mean: 22.8; Median: 14.9; Range: [1.6, 381]",WTMEC.COMBN,Numeric
hepox,LBXHPE,HPE,Numeric,"Mean: 0.1; Median: 0; Range: [0, 6]",WTMEC.COMBN,Numeric
pcbdiox,LBXD01,PCB dioxide,Numeric,"Mean: 29.4; Median: 18.7; Range: [2.8, 579.6]",WTSPO.COMBN,Numeric
plt,LBXPLTSI,Platelet count,Numeric,"Mean: 270.6; Median: 262; Range: [4, 1021]",WTMEC.COMBN,Numeric
u_bpa,URXBPH,Urinary bisphenol-a,Numeric,"Mean: 3.7; Median: 1.8; Range: [0.1, 965]",WTSEPH.COMBN,Numeric
uacr,"URXUCR, URXUMA",Derived urinary-to-creatinine ratio,Numeric,"Mean: 43.5; Median: 7.6; Range: [0.1, 92500]",WTMEC.COMBN,Numeric
uacr_level,"URXUCR, URXUMA",Derived UACR category,Categorical,Levels: uacr_lt30; uacr_30to100; uacr_100to300; uacr_gte300,WTMEC.COMBN,Categorical
uacr_level.lab,"URXUCR, URXUMA",Derived UACR category,Categorical,Levels: Normal; Low; Moderate; High,WTMEC.COMBN,Categorical
egfr,"RIDAGEYR, RIAGENDR, creatinine (LBXSCR, LBDSCR,LBXSCR)","Derived eGFR (CKD-EPI 2021 equation) from creatinine, age and female",Numeric,"Mean: 101.1; Median: 102.2; Range: [2, 226.9]",WTMEC.COMBN,Numeric
egfr_race,"RIDAGEYR, RIAGENDR, creatinine (LBXSCR, LBDSCR,LBXSCR), RIDRETH3","Derived eGFR (CKD-EPI 2021 equation, including race) from creatinine, age, female, and racethn_combn",Numeric,"Mean: 81.8; Median: 79.2; Range: [1.2, 261.1]",WTMEC.COMBN,Numeric
ldl_friedewald,"LBXTC, LBXTR, hdl (LBDHDD,LBXHDD,LBDHDL)","Calculated LDL (via Friedwald equation) from TC, TG, and HDL",Numeric,"Mean: 108.4; Median: 104.4; Range: [7.2, 628.8]",WTSAF.COMBN,Numeric
tgglu,"LBXTR, LBXSGL",Triglyceride-to-glucose ratio,Numeric,"Mean: 1.2; Median: 1; Range: [0.1, 37.4]",WTSAF.COMBN,Numeric
ogtt_2hg,LBXGLT,2-hr glucose from OGTTs,Numeric,"Mean: 116.7; Median: 105; Range: [23, 604]",WTSAF.COMBN,Numeric
smoke_status,"SMQ020, SMQ040",Derived smoking status,Categorical,Values: NA; Never smoker; Former smoker; Current smoker,WTMEC.COMBN,Categorical
smoke_current,"SMQ020, SMQ040",Derived current smoker,Categorical,Levels: 0; 1,WTMEC.COMBN,Categorical
smoke_ever,"SMQ020, SMQ040",Derived ever smoker,Categorical,Levels: 0; 1,WTMEC.COMBN,Categorical
alch_freq_wk,Derived from ALQ survey variables,Derived alcohol frequency (occurences per week),Categorical,Levels: Never drinker; Non-drinker; Less than 1 per month; Less than 1 per week; 1-2 per week; 3-6 per week; 1 or more per day,WTMEC.COMBN,Categorical
alch_drink_curr,Derived from ALQ survey variables,"Derived alcohol intake, any drink in the last year",Categorical,Levels: 0; 1,WTMEC.COMBN,Categorical
alch_drink_daily,Derived from ALQ survey variables,"Derived alcohol intake, 1 or more drink per day",Categorical,Levels: 0; 1,WTMEC.COMBN,Categorical
alch_drink_weekly,Derived from ALQ survey variables,"Derived alcohol intake, 1 or more drink per week",Categorical,Levels: 0; 1,WTMEC.COMBN,Categorical
hc_usualplace,HUQ030,Have a usual place for healthcare,Categorical,Levels: 0; 1,WTMEC.COMBN,Categorical
hc_drvisit,"HUQ051, HUQ050",Any doctor visit in last year,Categorical,Levels: 0; 1,WTMEC.COMBN,Categorical
hc_hospadmit,HUQ071,Any hospital admission last year,Categorical,Levels: 0; 1,WTMEC.COMBN,Categorical
genhealth,HUQ010,Self-reported general health,Categorical,Levels: Poor; Fair; Good; Very good; Excellent,WTMEC.COMBN,Categorical
genhealth_low_vs_other,HUQ010,Self-reported general health low vs. other,Categorical,Levels: 0; 1,WTMEC.COMBN,Categorical
restaur_freq_wk,"DBD895, DBD091, DBD090",Restaruant meals per week,Numeric,"Mean: 2.7; Median: 2; Range: [0, 21]",WTMEC.COMBN,Numeric
restaur_freq_gt2,"DBD895, DBD091, DBD090",2 or more restaurant meals per week,Categorical,Levels: 0; 1,WTMEC.COMBN,Categorical
tastechange_flavor_any,CSQ100,Any change in flavor perception in the last year,Categorical,Values: NA; Yes; No,WTMEC.COMBN,Categorical
tastechange_sweet_any,CSQ090C,Change (any) in sweet taste perception last year,Categorical,Levels: 0; 1,WTMEC.COMBN,Categorical
tastechange_sweet_worse,CSQ090C,Change (worse) in sweet taste perception last year,Categorical,Levels: 0; 1,WTMEC.COMBN,Categorical
tastechange_bitter_any,CSQ090D,Change (any) in bitter taste perception last year,Categorical,Levels: 0; 1,WTMEC.COMBN,Categorical
tastechange_bitter_worse,CSQ090D,Change (worse) in bitter taste perception last year,Categorical,Levels: 0; 1,WTMEC.COMBN,Categorical
tastechange_salt_any,CSQ090A,Change (any) in salt taste perception last year,Categorical,Levels: 0; 1,WTMEC.COMBN,Categorical
tastechange_salt_worse,CSQ090A,Change (worse) in salt taste perception last year,Categorical,Levels: 0; 1,WTMEC.COMBN,Categorical
tastechange_sour_any,CSQ090B,Change (any) in sour taste perception last year,Categorical,Levels: 0; 1,WTMEC.COMBN,Categorical
tastechange_sour_worse,CSQ090B,Change (worse) in sour taste perception last year,Categorical,Levels: 0; 1,WTMEC.COMBN,Categorical
employ_status,"OCD150, OCQ150",Employment status,Categorical,Levels: Full-time employed; Part-time employed; Student; Unemployed,WTMEC.COMBN,Categorical
insur_any,"HIQ011, HID010",Any health insurance last year,Categorical,Levels: 0; 1,WTMEC.COMBN,Categorical
uninsur_lastyr,HIQ210,Uninsured period last year,Categorical,Levels: 0; 1,WTMEC.COMBN,Categorical
govtmeal_any,"DBQ300, DBD301, DBQ301",Receive any government meals last year,Categorical,Levels: 0; 1,WTMEC.COMBN,Categorical
foodsecure_level,FSDHH,Derived household food security level last year,Categorical,Levels: Food secure; Low food security; Very low food security,WTMEC.COMBN,Categorical
foodinsecure,FSDHH,Food insecure last year,Categorical,Levels: 0; 1,WTMEC.COMBN,Categorical
pa_total_mets_wk,Derived from PAQ and PAD survey variables,Derived total physical activity in MET-min/wk from PHQ,Numeric,"Mean: 2175.6; Median: 240; Range: [0, 62605.1]",WTMEC.COMBN,Numeric
pa_meets_guidelines,Derived from PAQ and PAD survey variables,Derived total physical activity >= 150 MET-min/wk,Categorical,Levels: 0; 1,WTMEC.COMBN,Numeric
pa_level_mets,Derived from PAQ and PAD survey variables,Derived levels of total physical activity,Categorical,Values: NA; Low; High; Moderate,WTMEC.COMBN,Categorical
addsalt_table_often,DBD100,"Add salt at table, very often vs. rarely/occassionally",Categorical,Levels: 0; 1,WTMEC.COMBN,Numeric
addsalt_prep_often,DRQSPREP,"Add salt during prep, very often vs. never/rarely/occassionally",Categorical,Levels: 0; 1,WTMEC.COMBN,Numeric
dietsuppl_any,"DS1DS, DS2DS",Take any dietary supplements,Categorical,Levels: 0; 1,WTMEC.COMBN,Numeric
dietsuppl_num,"DS1DSCNT, DS2DSCNT",Number of dietary supplements taken,Numeric,"Mean: 0.8; Median: 0; Range: [0, 28]",WTMEC.COMBN,Numeric
hei2015_total,Derived from dietary recall days1 & 2 variables,Calculated HEI-2015 total score (used Rpackage: dietaryindex),Numeric,"Mean: 50.2; Median: 49.4; Range: [10, 94.2]",WTDR.COMBN,Numeric
ahei_total,Derived from dietary recall days1 & 2 variables,Calculated AHEI total score (used Rpackage: dietaryindex),Numeric,"Mean: 41.1; Median: 40.3; Range: [14.7, 89.2]",WTDR.COMBN,Numeric
dii_total,Derived from dietary recall days1 & 2 variables,Calculated DII total score (used Rpackage: dietaryindex),Numeric,"Mean: 2.8; Median: 3; Range: [-5.3, 8]",WTDR.COMBN,Numeric
bmi_calc,"BMXWT, BMXHT",Calculated BMI,Numeric,"Mean: 25.6; Median: 24.8; Range: [8, 130.2]",WTMEC.COMBN,Numeric
diabetes,"DIQ010, DIQ070, DID070, DIQ050, LBXGH, LBXGLU, LBXGL, RIDAGEYR, RX survey variables",Derived type 2 diabetes diagnosis,Categorical,Levels: 0; 1,WTMEC.COMBN,Categorical
diabetes_undx,"DIQ010, DIQ070, DID070, DIQ050, LBXGH, LBXGLU, LBXGL, RIDAGEYR, RX survey variables","Derived type 2 diabetes, undiagnosed",Categorical,Levels: 0; 1,WTMEC.COMBN,Categorical
obese,"BMXWT, BMXHT",Derived obesity (BMI >= 30 kg/m2),Categorical,Levels: 0; 1,WTMEC.COMBN,Categorical
obese_abd,BMXWAIST,Derived obesity based on waist cm (>88 for F; >102 for M),Categorical,Levels: 0; 1,WTMEC.COMBN,Categorical
cvd,"MCQ160c, MCQ160C, MCQ160d, MCQ160D, MCQ160e, MCQ160E",Derived cardiovascular disease (cvd),Categorical,Levels: 0; 1,WTMEC.COMBN,Categorical
ascvd,"MCQ160c, MCQ160C, MCQ160d, MCQ160D, MCQ160e, MCQ160E, MCQ160f, MCQ160F",Derived atherosclerotic cvd,Categorical,Levels: 0; 1,WTMEC.COMBN,Categorical
chf,"MCQ160b, MAC160B",Derived coronary heart failure (chf),Categorical,Levels: 0; 1,WTMEC.COMBN,Categorical
copd,"MCQ160g, MCQ160G, MCQ160k, MCQ160K, MCQ160o, MCQ160p",Derived COPD (chronic obstructive pulmonary disease) based on doctor diagnosis,Categorical,Levels: 0; 1,WTMEC.COMBN,Categorical
pft_lt07,"SPXNFEV1, SPXNFVC",Pulmonary function test (FEV1/FVC) <0.7,Categorical,Levels: 0; 1,WTMEC.COMBN,Categorical
copd_pft,"copd, pft_lt07",COPD defined by doctor diagnosis or pft <0.7,Categorical,Levels: 0; 1,WTMEC.COMBN,Categorical
htn,"MCQ100, BPQ030, sbp_mean, dbp_mean",Derived hypertension (htn),Categorical,Levels: 0; 1,WTMEC.COMBN,Categorical
htn_stg1,"MCQ100, MCQ110, BPQ030, sbp_mean, dbp_mean",Stage 1 hypertension,Categorical,Levels: 0; 1,WTMEC.COMBN,Categorical
htn_undx,"MCQ100, BPQ030, sbp_mean, dbp_mean","Derived htn, undiagnosed",Categorical,Levels: 0; 1,WTMEC.COMBN,Categorical
ckd,"KIQ022, KIQ020, LBXSCR, LBDSCR",Derived chronic kidney disease (ckd),Categorical,Levels: 0; 1,WTMEC.COMBN,Categorical
ckd_gfr_level,"KIQ025, ckd, egfr","Stages of CKD, based on eGFR level",Categorical,Levels: Stage 0; Stage 2; Stage 3a; Stage 3b; Stage 4; Stage 5; ESRD,WTMEC.COMBN,Categorical
ckd_gfr_gte3,"KIQ025, ckd, egf",CKD based on doctor report or eGFR level >= 3,Categorical,Levels: 0; 1,WTMEC.COMBN,Categorical
ckd_any,"KIQ025, ckd, egfr, URXUMA","CKD based on doctor report, eGFR level >=3 or urinary albumin",Categorical,Levels: 0; 1,WTMEC.COMBN,Categorical
mdd,"CIQDPB, CIDDSCOR, DPQ survey variables (DPQ010, DPQ020, DPQ030, DPQ040, DPQ50, DPQ060, DPQ070, DPQ080, DPQ090)","Derived Depression diagnosis (self-report pre 0506/ PHQ>9, post 0506)",Categorical,Levels: 0; 1,,
fib4,"RIDAGEYR, LBXSASSI, LBXSATSI",Calculated fib4 as: (age*ast)/(plt*sqrt(alt))),Numeric,"Mean: 1; Median: 0.7; Range: [0.1, 37.9]",WTMEC.COMBN,Numeric
fib4_mod_vs_low,"RIDAGEYR, LBXSASSI, LBXSATSI",fib4 moderate vs. low,Categorical,Levels: 0; 1,WTMEC.COMBN,Categorical
fib4_high_vs_low,"RIDAGEYR, LBXSASSI, LBXSATSI, RIDAGEYR",fib4 high vs. low,Categorical,Levels: 0; 1,WTMEC.COMBN,Categorical
nfs,"bmi (LBXHT, LBXHT), RIDAGEYR, diabetes (derived), LBXSASSI, LBXSATSI, LBXPLTSI, LBXSAL","Calculated NFS from age, bmi, diabetes, ast, alt, plt and alb",Numeric,"Mean: -2.4; Median: -2.5; Range: [-13.7, 7.4]",WTMEC.COMBN,Numeric
nfs_mod_vs_low,"bmi (LBXHT, LBXHT), RIDAGEYR, diabetes (derived), LBXSASSI, LBXSATSI, LBXPLTSI, LBXSAL",NFS moderate vs. low,Categorical,Levels: 0; 1,WTMEC.COMBN,Categorical
nfs_high_vs_low,"bmi (LBXHT, LBXHT), RIDAGEYR, diabetes (derived), LBXSASSI, LBXSATSI, LBXPLTSI, LBXSAL",NFS high vs. low,Categorical,Levels: 0; 1,WTMEC.COMBN,Categorical
liver_cap_any,"LUXSMED, LUXSIQRM, LUXCAPM",Liver CAP >= 240,Categorical,Levels: 0; 1,WTMEC.COMBN,Numeric
liver_cap_mod_sev,"LUXSMED, LUXSIQRM, LUXCAPM",Liver CAP >= 268,Categorical,Levels: 0; 1,WTMEC.COMBN,Numeric
ndi_eligstat,Downloaded from: https://ftp.cdc.gov/pub/Health_Statistics/NCHS/datalinkage/linked_mortality/,National Death Index (ndi) eligibility,Categorical,Levels: 1,WTMEC.COMBN,Numeric
ndi_mortstat,Downloaded from: https://ftp.cdc.gov/pub/Health_Statistics/NCHS/datalinkage/linked_mortality/,NDI - assumed alive (0) or deceased (1),Categorical,Levels: 0; 1,WTMEC.COMBN,Numeric
ndi_ucod_leading,Downloaded from: https://ftp.cdc.gov/pub/Health_Statistics/NCHS/datalinkage/linked_mortality/,NDI - cause of death category,Numeric,"Mean: 4.7; Median: 3; Range: [1, 10]",WTMEC.COMBN,Numeric
ndi_diabetes,Downloaded from: https://ftp.cdc.gov/pub/Health_Statistics/NCHS/datalinkage/linked_mortality/,NDI - diabetes-realted death,Categorical,Levels: 0; 1,WTMEC.COMBN,Numeric
ndi_htn,Downloaded from: https://ftp.cdc.gov/pub/Health_Statistics/NCHS/datalinkage/linked_mortality/,NDI - htn-related death,Categorical,Levels: 0; 1,WTMEC.COMBN,Numeric
ndi_permth_int,Downloaded from: https://ftp.cdc.gov/pub/Health_Statistics/NCHS/datalinkage/linked_mortality/,NDI - person years (interview weights),Numeric,"Mean: 128.1; Median: 123; Range: [0, 250]",WTMEC.COMBN,Numeric
ndi_permth_exm,Downloaded from: https://ftp.cdc.gov/pub/Health_Statistics/NCHS/datalinkage/linked_mortality/,NDI - person years (exam weights),Numeric,"Mean: 127.6; Median: 122; Range: [0, 249]",WTMEC.COMBN,Numeric
prevent_age,RIDAGEYR,Prepared input for PREVENT equation: age,Numeric,"Mean: 53.1; Median: 53; Range: [31, 79]",WTMEC.COMBN,Numeric
prevent_sex,RIDAGEYR,Prepared input for PREVENT equation: sex,Categorical,Values: female; male,WTMEC.COMBN,Categorical
prevent_sbp,sbp_mean,Prepared input for PREVENT equation: sbp,Numeric,"Mean: 119.1; Median: 116; Range: [90, 180]",WTMEC.COMBN,Numeric
prevent_bprx,RX survey variables,Prepared input for PREVENT equation: use bp-lowering medication,Categorical,Levels: 0; 1,WTMEC.COMBN,Numeric
prevent_tc,LBXTC,Prepared input for PREVENT equation: total cholesterol,Numeric,"Mean: 184.1; Median: 178; Range: [130, 320]",WTMEC.COMBN,Numeric
prevent_hdl,"hdl (LBDHDD,LBXHDD,LBDHDL)",Prepared input for PREVENT equation: hdl,Numeric,"Mean: 52.9; Median: 51; Range: [20, 100]",WTMEC.COMBN,Numeric
prevent_statin,RX survey variables,Prepared input for PREVENT equation: use statin,Categorical,Levels: 0; 1,WTMEC.COMBN,Numeric
prevent_diab,diabetes (derived),Prepared input for PREVENT equation: have diabetes,Categorical,Levels: 0; 1,WTMEC.COMBN,Numeric
prevent_smoking,"SMQ020, SMQ040",Prepared input for PREVENT equation: current smoker,Categorical,Levels: 0; 1,WTMEC.COMBN,Numeric
prevent_egfr,egfr (derived),Prepared input for PREVENT equation: calculated eGFR,Numeric,"Mean: 39.8; Median: 40; Range: [15, 40]",WTMEC.COMBN,Numeric
prevent_bmi,"LBXHT, LBXWT",Prepared input for PREVENT equation: bmi,Numeric,"Mean: 25.8; Median: 24.8; Range: [18.5, 39.9]",WTMEC.COMBN,Numeric
prevent_hba1c,LBXGH,Prepared input for PREVENT equation: hba1c,Numeric,"Mean: 5.6; Median: 5.4; Range: [4.5, 15]",WTMEC.COMBN,Numeric
prevent_uacr,"URXUCR, URXUMA",Prepared input for PREVENT equation: uacr,Numeric,"Mean: 42.7; Median: 7.6; Range: [0.1, 25000]",WTMEC.COMBN,Numeric
prevent_zip,n/a,TEMPORARY: empty placeholder for zip code,Categorical,Values: NA,,Categorical
prevent_zip_sdi1,n/a,Placeholder zipcode if SDI = 1,Numeric,"Mean: 90210; Median: 90210; Range: [90210, 90210]",WTMEC.COMBN,Numeric
prevent_zip_sdi2,n/a,Placeholder zipcode if SDI = 2,Numeric,"Mean: 1085; Median: 1085; Range: [1085, 1085]",WTMEC.COMBN,Numeric
prevent_zip_sdi3,n/a,Placeholder zipcode if SDI = 3,Numeric,"Mean: 1040; Median: 1040; Range: [1040, 1040]",WTMEC.COMBN,Numeric
prevent_complete_base,prevent input variables,Indicator variable for complete cases for PREVENT base model,Categorical,Levels: 0; 1,WTMEC.COMBN,Numeric
prevent_complete_baseA1c,prevent input variables,Indicator variable for complete cases for PREVENT hba1c model,Categorical,Levels: 0; 1,WTMEC.COMBN,Numeric
prevent_complete_baseUACR,prevent input variables,Indicator variable for complete cases for PREVENT uacr model,Categorical,Levels: 0; 1,WTMEC.COMBN,Numeric
prevent_cvd_10yr_base,prevent input variables,Calculated 10y CVD risk using PREVENT base model,Numeric,"Mean: 0.1; Median: 0.1; Range: [0, 0.7]",WTMEC.COMBN,Numeric
prevent_cvd_30yr_base,prevent input variables,Calculated 30y CVD risk using PREVENT base model,Numeric,"Mean: 0.3; Median: 0.3; Range: [0, 0.8]",WTMEC.COMBN,Numeric
prevent_ascvd_10yr_base,prevent input variables,Calculated 10y ASCVD risk using PREVENT base model,Numeric,"Mean: 0.1; Median: 0.1; Range: [0, 0.5]",WTMEC.COMBN,Numeric
prevent_ascvd_30yr_base,prevent input variables,Calculated 30y ASCVD risk using PREVENT base model,Numeric,"Mean: 0.2; Median: 0.2; Range: [0, 0.7]",WTMEC.COMBN,Numeric
prevent_hf_10yr_base,prevent input variables,Calculated 10y HF risk using PREVENT base model,Numeric,"Mean: 0.1; Median: 0.1; Range: [0, 0.7]",WTMEC.COMBN,Numeric
prevent_hf_30yr_base,prevent input variables,Calculated 30y HFrisk using PREVENT base model,Numeric,"Mean: 0.2; Median: 0.2; Range: [0, 0.8]",WTMEC.COMBN,Numeric
prevent_chd_10yr_base,prevent input variables,Calculated 10y CHD risk using PREVENT base model,Numeric,"Mean: 0; Median: 0; Range: [0, 0.3]",WTMEC.COMBN,Numeric
prevent_chd_30yr_base,prevent input variables,Calculated 30y CHD risk using PREVENT base model,Numeric,"Mean: 0.1; Median: 0.1; Range: [0, 0.6]",WTMEC.COMBN,Numeric
prevent_stroke_10yr_base,prevent input variables,Calculated 10y stroke risk using PREVENT base model,Numeric,"Mean: 0; Median: 0; Range: [0, 0.4]",WTMEC.COMBN,Numeric
prevent_stroke_30yr_base,prevent input variables,Calculated 30y stroke risk using PREVENT base model,Numeric,"Mean: 0.1; Median: 0.1; Range: [0, 0.5]",WTMEC.COMBN,Numeric
prevent_cvd_10yr_hba1c,prevent input variables,Calculated 10y CVD risk using PREVENT base+hba1c model,Numeric,"Mean: 0.1; Median: 0.1; Range: [0, 0.7]",WTMEC.COMBN,Numeric
prevent_cvd_30yr_hba1c,prevent input variables,Calculated 30y CVD risk using PREVENT base+hba1c model,Numeric,"Mean: 0.3; Median: 0.3; Range: [0, 0.8]",WTMEC.COMBN,Numeric
prevent_ascvd_10yr_hba1c,prevent input variables,Calculated 10y ASCVD risk using PREVENT base+hba1c model,Numeric,"Mean: 0.1; Median: 0.1; Range: [0, 0.5]",WTMEC.COMBN,Numeric
prevent_ascvd_30yr_hba1c,prevent input variables,Calculated 30y ASCVD risk using PREVENT base+hba1c model,Numeric,"Mean: 0.2; Median: 0.2; Range: [0, 0.7]",WTMEC.COMBN,Numeric
prevent_hf_10yr_hba1c,prevent input variables,Calculated 10y HF risk using PREVENT base+hba1c model,Numeric,"Mean: 0.1; Median: 0.1; Range: [0, 0.7]",WTMEC.COMBN,Numeric
prevent_hf_30yr_hba1c,prevent input variables,Calculated 30y HFrisk using PREVENT base+hba1c model,Numeric,"Mean: 0.2; Median: 0.2; Range: [0, 0.8]",WTMEC.COMBN,Numeric
prevent_chd_10yr_hba1c,prevent input variables,Calculated 10y CHD risk using PREVENT base+hba1c model,Numeric,"Mean: 0; Median: 0; Range: [0, 0.5]",WTMEC.COMBN,Numeric
prevent_chd_30yr_hba1c,prevent input variables,Calculated 30y CHD risk using PREVENT base+hba1c model,Numeric,"Mean: 0.1; Median: 0.1; Range: [0, 0.6]",WTMEC.COMBN,Numeric
prevent_stroke_10yr_hba1c,prevent input variables,Calculated 10y stroke risk using PREVENT base+hba1c model,Numeric,"Mean: 0; Median: 0; Range: [0, 0.3]",WTMEC.COMBN,Numeric
prevent_stroke_30yr_hba1c,prevent input variables,Calculated 30y stroke risk using PREVENT base+hba1c model,Numeric,"Mean: 0.1; Median: 0.1; Range: [0, 0.4]",WTMEC.COMBN,Numeric
prevent_cvd_10yr_uacr,prevent input variables,Calculated 10y CVD risk using PREVENT base+uacr model,Numeric,"Mean: 0.1; Median: 0.1; Range: [0, 0.8]",WTMEC.COMBN,Numeric
prevent_cvd_30yr_uacr,prevent input variables,Calculated 30y CVD risk using PREVENT base+uacr model,Numeric,"Mean: 0.3; Median: 0.3; Range: [0, 0.9]",WTMEC.COMBN,Numeric
prevent_ascvd_10yr_uacr,prevent input variables,Calculated 10y ASCVD risk using PREVENT base+uacr model,Numeric,"Mean: 0.1; Median: 0; Range: [0, 0.6]",WTMEC.COMBN,Numeric
prevent_ascvd_30yr_uacr,prevent input variables,Calculated 30y ASCVD risk using PREVENT base+uacr model,Numeric,"Mean: 0.2; Median: 0.2; Range: [0, 0.7]",WTMEC.COMBN,Numeric
prevent_hf_10yr_uacr,prevent input variables,Calculated 10y HF risk using PREVENT base+uacr model,Numeric,"Mean: 0.1; Median: 0; Range: [0, 0.8]",WTMEC.COMBN,Numeric
prevent_hf_30yr_uacr,prevent input variables,Calculated 30y HFrisk using PREVENT base+uacr model,Numeric,"Mean: 0.2; Median: 0.2; Range: [0, 0.8]",WTMEC.COMBN,Numeric
prevent_chd_10yr_uacr,prevent input variables,Calculated 10y CHD risk using PREVENT base+uacr model,Numeric,"Mean: 0; Median: 0; Range: [0, 0.5]",WTMEC.COMBN,Numeric
prevent_chd_30yr_uacr,prevent input variables,Calculated 30y CHD risk using PREVENT base+uacr model,Numeric,"Mean: 0.1; Median: 0.1; Range: [0, 0.6]",WTMEC.COMBN,Numeric
prevent_stroke_10yr_uacr,prevent input variables,Calculated 10y stroke risk using PREVENT base+uacr model,Numeric,"Mean: 0; Median: 0; Range: [0, 0.5]",WTMEC.COMBN,Numeric
prevent_stroke_30yr_uacr,prevent input variables,Calculated 30y stroke risk using PREVENT base+uacr model,Numeric,"Mean: 0.1; Median: 0.1; Range: [0, 0.5]",WTMEC.COMBN,Numeric
prevent_cvd_10yr_full,prevent input variables,Calculated 10y CVD risk using PREVENT full (base+hba1c+uacr) model,Numeric,"Mean: 0.1; Median: 0.1; Range: [0, 0.8]",WTMEC.COMBN,Numeric
prevent_cvd_30yr_full,prevent input variables,Calculated 30y CVD risk using PREVENT full (base+hba1c+uacr) model,Numeric,"Mean: 0.3; Median: 0.3; Range: [0, 0.8]",WTMEC.COMBN,Numeric
prevent_ascvd_10yr_full,prevent input variables,Calculated 10y ASCVD risk using PREVENT full (base+hba1c+uacr) model,Numeric,"Mean: 0.1; Median: 0; Range: [0, 0.6]",WTMEC.COMBN,Numeric
prevent_ascvd_30yr_full,prevent input variables,Calculated 30y ASCVD risk using PREVENT full (base+hba1c+uacr) model,Numeric,"Mean: 0.1; Median: 0.1; Range: [0, 0.7]",WTMEC.COMBN,Numeric
prevent_hf_10yr_full,prevent input variables,Calculated 10y HF risk using PREVENT full (base+hba1c+uacr) model,Numeric,"Mean: 0.1; Median: 0; Range: [0, 0.8]",WTMEC.COMBN,Numeric
prevent_hf_30yr_full,prevent input variables,Calculated 30y HFrisk using PREVENT full (base+hba1c+uacr) model,Numeric,"Mean: 0.2; Median: 0.2; Range: [0, 0.8]",WTMEC.COMBN,Numeric
prevent_chd_10yr_full,prevent input variables,Calculated 10y CHD risk using PREVENT full (base+hba1c+uacr) model,Numeric,"Mean: 0; Median: 0; Range: [0, 0.6]",WTMEC.COMBN,Numeric
prevent_chd_30yr_full,prevent input variables,Calculated 30y CHD risk using PREVENT full (base+hba1c+uacr) model,Numeric,"Mean: 0.1; Median: 0.1; Range: [0, 0.6]",WTMEC.COMBN,Numeric
prevent_stroke_10yr_full,prevent input variables,Calculated 10y stroke risk using PREVENT full (base+hba1c+uacr) model,Numeric,"Mean: 0; Median: 0; Range: [0, 0.4]",WTMEC.COMBN,Numeric
prevent_stroke_30yr_full,prevent input variables,Calculated 30y stroke risk using PREVENT full (base+hba1c+uacr) model,Numeric,"Mean: 0.1; Median: 0.1; Range: [0, 0.5]",WTMEC.COMBN,Numeric
prevent_cvd_10yr_sdi1,prevent_zip_sdi1 + prevent input variables,Calculated 10y CVD risk using PREVENT base+sdi model (assume SDI = 1),Numeric,"Mean: 0.1; Median: 0.1; Range: [0, 0.7]",WTMEC.COMBN,Numeric
prevent_cvd_30yr_sdi1,prevent_zip_sdi1 + prevent input variables,Calculated 30y CVD risk using PREVENT base+sdi model (assume SDI = 1),Numeric,"Mean: 0.3; Median: 0.3; Range: [0, 0.8]",WTMEC.COMBN,Numeric
prevent_ascvd_10yr_sdi1,prevent_zip_sdi1 + prevent input variables,Calculated 10y ASCVD risk using PREVENT base+sdi model (assume SDI = 1),Numeric,"Mean: 0.1; Median: 0; Range: [0, 0.5]",WTMEC.COMBN,Numeric
prevent_ascvd_30yr_sdi1,prevent_zip_sdi1 + prevent input variables,Calculated 30y ASCVD risk using PREVENT base+sdi model (assume SDI = 1),Numeric,"Mean: 0.1; Median: 0.1; Range: [0, 0.7]",WTMEC.COMBN,Numeric
prevent_hf_10yr_sdi1,prevent_zip_sdi1 + prevent input variables,Calculated 10y HF risk using PREVENT base+sdi model (assume SDI = 1),Numeric,"Mean: 0.1; Median: 0.1; Range: [0, 0.6]",WTMEC.COMBN,Numeric
prevent_hf_30yr_sdi1,prevent_zip_sdi1 + prevent input variables,Calculated 30y HFrisk using PREVENT base+sdi model (assume SDI = 1),Numeric,"Mean: 0.2; Median: 0.2; Range: [0, 0.8]",WTMEC.COMBN,Numeric
prevent_chd_10yr_sdi1,prevent_zip_sdi1 + prevent input variables,Calculated 10y CHD risk using PREVENT base+sdi model (assume SDI = 1),Numeric,"Mean: 0; Median: 0; Range: [0, 0.3]",WTMEC.COMBN,Numeric
prevent_chd_30yr_sdi1,prevent_zip_sdi1 + prevent input variables,Calculated 30y CHD risk using PREVENT base+sdi model (assume SDI = 1),Numeric,"Mean: 0.1; Median: 0.1; Range: [0, 0.5]",WTMEC.COMBN,Numeric
prevent_stroke_10yr_sdi1,prevent_zip_sdi1 + prevent input variables,Calculated 10y stroke risk using PREVENT base+sdi model (assume SDI = 1),Numeric,"Mean: 0; Median: 0; Range: [0, 0.4]",WTMEC.COMBN,Numeric
prevent_stroke_30yr_sdi1,prevent_zip_sdi1 + prevent input variables,Calculated 30y stroke risk using PREVENT base+sdi model (assume SDI = 1),Numeric,"Mean: 0.1; Median: 0.1; Range: [0, 0.5]",WTMEC.COMBN,Numeric
prevent_cvd_10yr_full.sdi1,prevent_zip_sdi1 + prevent input variables,Calculated 10y CVD risk using PREVENT full+sdi model (assume SDI = 1),Numeric,"Mean: 0.1; Median: 0.1; Range: [0, 0.7]",WTMEC.COMBN,Numeric
prevent_cvd_30yr_full.sdi1,prevent_zip_sdi1 + prevent input variables,Calculated 30y CVD risk using PREVENT full+sdi model (assume SDI = 1),Numeric,"Mean: 0.2; Median: 0.2; Range: [0, 0.8]",WTMEC.COMBN,Numeric
prevent_ascvd_10yr_full.sdi1,prevent_zip_sdi1 + prevent input variables,Calculated 10y ASCVD risk using PREVENT full+sdi model (assume SDI = 1),Numeric,"Mean: 0.1; Median: 0; Range: [0, 0.6]",WTMEC.COMBN,Numeric
prevent_ascvd_30yr_full.sdi1,prevent_zip_sdi1 + prevent input variables,Calculated 30y ASCVD risk using PREVENT full+sdi model (assume SDI = 1),Numeric,"Mean: 0.1; Median: 0.1; Range: [0, 0.6]",WTMEC.COMBN,Numeric
prevent_hf_10yr_full.sdi1,prevent_zip_sdi1 + prevent input variables,Calculated 10y HF risk using PREVENT full+sdi model (assume SDI = 1),Numeric,"Mean: 0.1; Median: 0; Range: [0, 0.8]",WTMEC.COMBN,Numeric
prevent_hf_30yr_full.sdi1,prevent_zip_sdi1 + prevent input variables,Calculated 30y HFrisk using PREVENT full+sdi model (assume SDI = 1),Numeric,"Mean: 0.2; Median: 0.2; Range: [0, 0.8]",WTMEC.COMBN,Numeric
prevent_chd_10yr_full.sdi1,prevent_zip_sdi1 + prevent input variables,Calculated 10y CHD risk using PREVENT full+sdi model (assume SDI = 1),Numeric,"Mean: 0; Median: 0; Range: [0, 0.6]",WTMEC.COMBN,Numeric
prevent_chd_30yr_full.sdi1,prevent_zip_sdi1 + prevent input variables,Calculated 30y CHD risk using PREVENT full+sdi model (assume SDI = 1),Numeric,"Mean: 0.1; Median: 0.1; Range: [0, 0.6]",WTMEC.COMBN,Numeric
prevent_stroke_10yr_full.sdi1,prevent_zip_sdi1 + prevent input variables,Calculated 10y stroke risk using PREVENT full+sdi model (assume SDI = 1),Numeric,"Mean: 0; Median: 0; Range: [0, 0.4]",WTMEC.COMBN,Numeric
prevent_stroke_30yr_full.sdi1,prevent_zip_sdi1 + prevent input variables,Calculated 30y stroke risk using PREVENT full+sdi model (assume SDI = 1),Numeric,"Mean: 0.1; Median: 0.1; Range: [0, 0.4]",WTMEC.COMBN,Numeric
prevent_cvd_10yr_sdi2,prevent_zip_sdi2 + prevent input variables,Calculated 10y CVD risk using PREVENT base+sdi model (assume SDI = 2),Numeric,"Mean: 0.1; Median: 0.1; Range: [0, 0.7]",WTMEC.COMBN,Numeric
prevent_cvd_30yr_sdi2,prevent_zip_sdi2 + prevent input variables,Calculated 30y CVD risk using PREVENT base+sdi model (assume SDI = 2),Numeric,"Mean: 0.3; Median: 0.3; Range: [0, 0.8]",WTMEC.COMBN,Numeric
prevent_ascvd_10yr_sdi2,prevent_zip_sdi2 + prevent input variables,Calculated 10y ASCVD risk using PREVENT base+sdi model (assume SDI = 2),Numeric,"Mean: 0.1; Median: 0.1; Range: [0, 0.5]",WTMEC.COMBN,Numeric
prevent_ascvd_30yr_sdi2,prevent_zip_sdi2 + prevent input variables,Calculated 30y ASCVD risk using PREVENT base+sdi model (assume SDI = 2),Numeric,"Mean: 0.2; Median: 0.2; Range: [0, 0.7]",WTMEC.COMBN,Numeric
prevent_hf_10yr_sdi2,prevent_zip_sdi2 + prevent input variables,Calculated 10y HF risk using PREVENT base+sdi model (assume SDI = 2),Numeric,"Mean: 0.1; Median: 0.1; Range: [0, 0.7]",WTMEC.COMBN,Numeric
prevent_hf_30yr_sdi2,prevent_zip_sdi2 + prevent input variables,Calculated 30y HFrisk using PREVENT base+sdi model (assume SDI = 2),Numeric,"Mean: 0.2; Median: 0.2; Range: [0, 0.8]",WTMEC.COMBN,Numeric
prevent_chd_10yr_sdi2,prevent_zip_sdi2 + prevent input variables,Calculated 10y CHD risk using PREVENT base+sdi model (assume SDI = 2),Numeric,"Mean: 0; Median: 0; Range: [0, 0.4]",WTMEC.COMBN,Numeric
prevent_chd_30yr_sdi2,prevent_zip_sdi2 + prevent input variables,Calculated 30y CHD risk using PREVENT base+sdi model (assume SDI = 2),Numeric,"Mean: 0.1; Median: 0.1; Range: [0, 0.5]",WTMEC.COMBN,Numeric
prevent_stroke_10yr_sdi2,prevent_zip_sdi2 + prevent input variables,Calculated 10y stroke risk using PREVENT base+sdi model (assume SDI = 2),Numeric,"Mean: 0; Median: 0; Range: [0, 0.4]",WTMEC.COMBN,Numeric
prevent_stroke_30yr_sdi2,prevent_zip_sdi2 + prevent input variables,Calculated 30y stroke risk using PREVENT base+sdi model (assume SDI = 2),Numeric,"Mean: 0.1; Median: 0.1; Range: [0, 0.5]",WTMEC.COMBN,Numeric
prevent_cvd_10yr_full.sdi2,prevent_zip_sdi2 + prevent input variables,Calculated 10y CVD risk using PREVENT full+sdi model (assume SDI = 2),Numeric,"Mean: 0.1; Median: 0.1; Range: [0, 0.8]",WTMEC.COMBN,Numeric
prevent_cvd_30yr_full.sdi2,prevent_zip_sdi2 + prevent input variables,Calculated 30y CVD risk using PREVENT full+sdi model (assume SDI = 2),Numeric,"Mean: 0.2; Median: 0.2; Range: [0, 0.8]",WTMEC.COMBN,Numeric
prevent_ascvd_10yr_full.sdi2,prevent_zip_sdi2 + prevent input variables,Calculated 10y ASCVD risk using PREVENT full+sdi model (assume SDI = 2),Numeric,"Mean: 0.1; Median: 0; Range: [0, 0.6]",WTMEC.COMBN,Numeric
prevent_ascvd_30yr_full.sdi2,prevent_zip_sdi2 + prevent input variables,Calculated 30y ASCVD risk using PREVENT full+sdi model (assume SDI = 2),Numeric,"Mean: 0.1; Median: 0.1; Range: [0, 0.7]",WTMEC.COMBN,Numeric
prevent_hf_10yr_full.sdi2,prevent_zip_sdi2 + prevent input variables,Calculated 10y HF risk using PREVENT full+sdi model (assume SDI = 2),Numeric,"Mean: 0.1; Median: 0; Range: [0, 0.8]",WTMEC.COMBN,Numeric
prevent_hf_30yr_full.sdi2,prevent_zip_sdi2 + prevent input variables,Calculated 30y HFrisk using PREVENT full+sdi model (assume SDI = 2),Numeric,"Mean: 0.2; Median: 0.2; Range: [0, 0.8]",WTMEC.COMBN,Numeric
prevent_chd_10yr_full.sdi2,prevent_zip_sdi2 + prevent input variables,Calculated 10y CHD risk using PREVENT full+sdi model (assume SDI = 2),Numeric,"Mean: 0; Median: 0; Range: [0, 0.6]",WTMEC.COMBN,Numeric
prevent_chd_30yr_full.sdi2,prevent_zip_sdi2 + prevent input variables,Calculated 30y CHD risk using PREVENT full+sdi model (assume SDI = 2),Numeric,"Mean: 0.1; Median: 0.1; Range: [0, 0.6]",WTMEC.COMBN,Numeric
prevent_stroke_10yr_full.sdi2,prevent_zip_sdi2 + prevent input variables,Calculated 10y stroke risk using PREVENT full+sdi model (assume SDI = 2),Numeric,"Mean: 0; Median: 0; Range: [0, 0.4]",WTMEC.COMBN,Numeric
prevent_stroke_30yr_full.sdi2,prevent_zip_sdi2 + prevent input variables,Calculated 30y stroke risk using PREVENT full+sdi model (assume SDI = 2),Numeric,"Mean: 0.1; Median: 0.1; Range: [0, 0.4]",WTMEC.COMBN,Numeric
prevent_cvd_10yr_sdi3,prevent_zip_sdi3 + prevent input variables,Calculated 10y CVD risk using PREVENT base+sdi model (assume SDI = 3),Numeric,"Mean: 0.1; Median: 0.1; Range: [0, 0.7]",WTMEC.COMBN,Numeric
prevent_cvd_30yr_sdi3,prevent_zip_sdi3 + prevent input variables,Calculated 30y CVD risk using PREVENT base+sdi model (assume SDI = 3),Numeric,"Mean: 0.3; Median: 0.3; Range: [0, 0.8]",WTMEC.COMBN,Numeric
prevent_ascvd_10yr_sdi3,prevent_zip_sdi3 + prevent input variables,Calculated 10y ASCVD risk using PREVENT base+sdi model (assume SDI = 3),Numeric,"Mean: 0.1; Median: 0.1; Range: [0, 0.6]",WTMEC.COMBN,Numeric
prevent_ascvd_30yr_sdi3,prevent_zip_sdi3 + prevent input variables,Calculated 30y ASCVD risk using PREVENT base+sdi model (assume SDI = 3),Numeric,"Mean: 0.2; Median: 0.2; Range: [0, 0.7]",WTMEC.COMBN,Numeric
prevent_hf_10yr_sdi3,prevent_zip_sdi3 + prevent input variables,Calculated 10y HF risk using PREVENT base+sdi model (assume SDI = 3),Numeric,"Mean: 0.1; Median: 0.1; Range: [0, 0.7]",WTMEC.COMBN,Numeric
prevent_hf_30yr_sdi3,prevent_zip_sdi3 + prevent input variables,Calculated 30y HFrisk using PREVENT base+sdi model (assume SDI = 3),Numeric,"Mean: 0.2; Median: 0.2; Range: [0, 0.8]",WTMEC.COMBN,Numeric
prevent_chd_10yr_sdi3,prevent_zip_sdi3 + prevent input variables,Calculated 10y CHD risk using PREVENT base+sdi model (assume SDI = 3),Numeric,"Mean: 0; Median: 0; Range: [0, 0.4]",WTMEC.COMBN,Numeric
prevent_chd_30yr_sdi3,prevent_zip_sdi3 + prevent input variables,Calculated 30y CHD risk using PREVENT base+sdi model (assume SDI = 3),Numeric,"Mean: 0.1; Median: 0.1; Range: [0, 0.6]",WTMEC.COMBN,Numeric
prevent_stroke_10yr_sdi3,prevent_zip_sdi3 + prevent input variables,Calculated 10y stroke risk using PREVENT base+sdi model (assume SDI = 3),Numeric,"Mean: 0; Median: 0; Range: [0, 0.4]",WTMEC.COMBN,Numeric
prevent_stroke_30yr_sdi3,prevent_zip_sdi3 + prevent input variables,Calculated 30y stroke risk using PREVENT base+sdi model (assume SDI = 3),Numeric,"Mean: 0.1; Median: 0.1; Range: [0, 0.5]",WTMEC.COMBN,Numeric
prevent_cvd_10yr_full.sdi3,prevent_zip_sdi3 + prevent input variables,Calculated 10y CVD risk using PREVENT full+sdi model (assume SDI = 3),Numeric,"Mean: 0.1; Median: 0.1; Range: [0, 0.8]",WTMEC.COMBN,Numeric
prevent_cvd_30yr_full.sdi3,prevent_zip_sdi3 + prevent input variables,Calculated 30y CVD risk using PREVENT full+sdi model (assume SDI = 3),Numeric,"Mean: 0.3; Median: 0.3; Range: [0, 0.8]",WTMEC.COMBN,Numeric
prevent_ascvd_10yr_full.sdi3,prevent_zip_sdi3 + prevent input variables,Calculated 10y ASCVD risk using PREVENT full+sdi model (assume SDI = 3),Numeric,"Mean: 0.1; Median: 0.1; Range: [0, 0.7]",WTMEC.COMBN,Numeric
prevent_ascvd_30yr_full.sdi3,prevent_zip_sdi3 + prevent input variables,Calculated 30y ASCVD risk using PREVENT full+sdi model (assume SDI = 3),Numeric,"Mean: 0.2; Median: 0.2; Range: [0, 0.7]",WTMEC.COMBN,Numeric
prevent_hf_10yr_full.sdi3,prevent_zip_sdi3 + prevent input variables,Calculated 10y HF risk using PREVENT full+sdi model (assume SDI = 3),Numeric,"Mean: 0.1; Median: 0.1; Range: [0, 0.8]",WTMEC.COMBN,Numeric
prevent_hf_30yr_full.sdi3,prevent_zip_sdi3 + prevent input variables,Calculated 30y HFrisk using PREVENT full+sdi model (assume SDI = 3),Numeric,"Mean: 0.2; Median: 0.2; Range: [0, 0.8]",WTMEC.COMBN,Numeric
prevent_chd_10yr_full.sdi3,prevent_zip_sdi3 + prevent input variables,Calculated 10y CHD risk using PREVENT full+sdi model (assume SDI = 3),Numeric,"Mean: 0; Median: 0; Range: [0, 0.6]",WTMEC.COMBN,Numeric
prevent_chd_30yr_full.sdi3,prevent_zip_sdi3 + prevent input variables,Calculated 30y CHD risk using PREVENT full+sdi model (assume SDI = 3),Numeric,"Mean: 0.1; Median: 0.1; Range: [0, 0.6]",WTMEC.COMBN,Numeric
prevent_stroke_10yr_full.sdi3,prevent_zip_sdi3 + prevent input variables,Calculated 10y stroke risk using PREVENT full+sdi model (assume SDI = 3),Numeric,"Mean: 0; Median: 0; Range: [0, 0.4]",WTMEC.COMBN,Numeric
prevent_stroke_30yr_full.sdi3,prevent_zip_sdi3 + prevent input variables,Calculated 30y stroke risk using PREVENT full+sdi model (assume SDI = 3),Numeric,"Mean: 0.1; Median: 0.1; Range: [0, 0.5]",WTMEC.COMBN,Numeric
prevent_include_dyslip,prevent input variables,Indicator variable for complete cases for PREVENT base model with lipid outcomes,Categorical,Levels: 0; 1,WTMEC.COMBN,Numeric
prevent_include_bp,prevent input variables,Indicator variable for complete cases for PREVENT base model with htn outcomes,Categorical,Levels: 0; 1,WTMEC.COMBN,Numeric
WTINT.COMBN,"WTINT2YR, WTINT4YR, WTINTPRP",Combined sample weights for interview participants,Numeric,"Mean: 25200.9; Median: 16058.3; Range: [620.7, 338363.6]",WTMEC.COMBN,Numeric
WTMEC.COMBN,"WTMEC2YR, WTMEC4YR, WTMECPRP",Combined sample weights for exam participants,Numeric,"Mean: 25200.9; Median: 15938.6; Range: [0, 367555.7]",WTMEC.COMBN,Numeric
WTSAF.COMBN,"WTSAF2YR, WTSAF4YR, WTSAFPRP",Combined weights for fasting sub-sample participants,Numeric,"Mean: 62613.4; Median: 41657.6; Range: [0, 741259.2]",WTSAF.COMBN,Numeric
WTDR.COMBN,"WTDR2D, WTDR2DPP",Combined diet recall sample weights,Numeric,"Mean: 34550.8; Median: 18108.4; Range: [0, 818626.7]",WTDR.COMBN,Numeric
WTSPO.COMBN,"WTSPO2YR, WTSPO4YR",Combined phenols sample weights,Numeric,"Mean: 66327.1; Median: 41154.4; Range: [0, 456851.1]",WTSPO.COMBN,Numeric
WTSEPH.COMBN,"WTSA2YR, WTSB2YR, WTSC2YR",Combined enviro toxin sample weights,Numeric,"Mean: 102824.4; Median: 68751.3; Range: [0, 874638]",WTSEPH.COMBN,Numeric
