strata_var,strata_level,cycle_yrs,n_yrs,survweight,model_covars,exposure,time_var,event_var,n_total_raw,n_total_weighted,model_df,model_type,exp_level,beta,HR,se_robust,pval,low95CI_HR,up95CI_HR,fstat,f_pval,n_exp_raw,n_exp_weighted,n_event_raw,n_event_weighted,n_person_time_raw,n_person_time_weighted,n_events_req,flag_n_total,flag_n_level
racethn_combn,NHW,1999-2016,18,WTMEC.COMBN,age+gender,inc_to_pov,ndi_peryear_exm,ndi_mortstat,20750,142748093.314037,137,Cox Proportional Hazards,inc_to_pov,-0.24693384114788,0.781192374612567,0.0131992707360982,4.24927067983883e-78,0.761241662963085,0.801665956875529,,,20750,142748093.314037,4460,19722244.0810806,222032.75,1561565127.99826,30,Pass,Pass
racethn_combn,Other/Multi-Racial/NHAsian,1999-2016,18,WTMEC.COMBN,age+gender,inc_to_pov,ndi_peryear_exm,ndi_mortstat,1273,7167931.72447446,84,Cox Proportional Hazards,inc_to_pov,-0.175492816229588,0.839043424647142,0.0538728632987465,0.00112383821374125,0.75496519638788,0.93248519509489,,,1273,7167931.72447446,155,686815.947770055,17038.3333333333,98161749.6336184,30,Pass,Pass
racethn_combn,Mexican-American,1999-2016,18,WTMEC.COMBN,age+gender,inc_to_pov,ndi_peryear_exm,ndi_mortstat,8507,16479019.43054,125,Cox Proportional Hazards,inc_to_pov,-0.164323709903032,0.84846732014684,0.0463976032701197,0.000397644454380426,0.774712712181243,0.929243553175026,,,8507,16479019.43054,949,922273.211431667,101986.666666667,180134138.732582,30,Pass,Pass
racethn_combn,NHB,1999-2016,18,WTMEC.COMBN,age+gender,inc_to_pov,ndi_peryear_exm,ndi_mortstat,9873,23037177.085114,128,Cox Proportional Hazards,inc_to_pov,-0.239296648435793,0.787181331622457,0.0184627065502458,2.03359395420999e-38,0.759204918426432,0.816188665030297,,,9873,23037177.085114,1491,2797284.2599893,104820.833333333,248464507.861187,30,Pass,Pass
racethn_combn,Other Hispanic,1999-2016,18,WTMEC.COMBN,age+gender,inc_to_pov,ndi_peryear_exm,ndi_mortstat,3530,10922761.1008749,113,Cox Proportional Hazards,inc_to_pov,-0.111931672552484,0.894105347349471,0.0763773293391559,0.142782066541393,0.769794842415214,1.03849016401661,,,3530,10922761.1008749,309,830866.544669278,33575.3333333333,121134941.495461,30,Pass,Pass
racethn_combn,NHAsian,1999-2016,18,WTMEC.COMBN,age+gender,inc_to_pov,ndi_peryear_exm,ndi_mortstat,1903,3834272.64028844,47,Cox Proportional Hazards,inc_to_pov,-0.0656434254509681,0.936464724251833,0.0896407019185184,0.463988614623078,0.785575113160173,1.11633650949079,,,1903,3834272.64028844,47,86857.6367842222,11461.8333333333,22434812.5498795,30,Pass,Pass
racethn_combn,Other/Multi-Racial,1999-2016,18,WTMEC.COMBN,age+gender,inc_to_pov,ndi_peryear_exm,ndi_mortstat,518,2215917.65996456,46,Cox Proportional Hazards,inc_to_pov,-0.510903131404513,0.599953497219071,0.156628410641034,0.00110675856004096,0.441359820700636,0.815534586392573,,,518,2215917.65996456,32,137651.301882556,2909.33333333333,12385542.2462442,30,Pass,Pass
racethn_combn,NHW,1999-2016,18,WTMEC.COMBN,age+gender,inc_to_pov,ndi_peryear_exm,ndi_mortstat_hd,4460,19722244.0810806,126,Cox Proportional Hazards,inc_to_pov,-0.126614315502722,0.881073423435012,0.0276513158388022,4.67289798962243e-06,0.834593169893492,0.930142260309368,,,4460,19722244.0810806,1188,4927978.307544,31735.0833333333,149141651.114075,30,Pass,Pass
racethn_combn,Mexican-American,1999-2016,18,WTMEC.COMBN,age+gender,inc_to_pov,ndi_peryear_exm,ndi_mortstat_hd,949,922273.211431667,44,Cox Proportional Hazards,inc_to_pov,-0.0868469808903956,0.916817375478596,0.0669334641444643,0.194455038027763,0.804096034843506,1.04534043641074,,,949,922273.211431667,221,210050.943801778,8049.83333333333,6968874.10554163,30,Pass,Pass
racethn_combn,NHB,1999-2016,18,WTMEC.COMBN,age+gender,inc_to_pov,ndi_peryear_exm,ndi_mortstat_hd,1490,2794281.5073833,87,Cox Proportional Hazards,inc_to_pov,-0.121980050199659,0.885166027211994,0.0471458557661151,0.00967338480651754,0.807036867193331,0.97085886355495,,,1490,2794281.5073833,391,728065.621746556,10924.75,21163472.5636448,30,Pass,Pass
racethn_combn,Other Hispanic,1999-2016,18,WTMEC.COMBN,age+gender,inc_to_pov,ndi_peryear_exm,ndi_mortstat_hd,309,830866.544669278,25,Cox Proportional Hazards,inc_to_pov,0.0875138887784446,1.09145742334802,0.142581235740923,0.539358963478241,0.82535198654954,1.4433591078659,,,309,830866.544669278,70,180137.596264889,2148,6872996.38936989,30,Pass,Pass
racethn_combn,Other/Multi-Racial/NHAsian,1999-2016,18,WTMEC.COMBN,age+gender,inc_to_pov,ndi_peryear_exm,ndi_mortstat_hd,155,686815.947770055,24,Cox Proportional Hazards,inc_to_pov,-0.11267481303614,0.893441148296373,0.142493148463666,0.429096626854059,0.675730207437657,1.18129554766543,,,155,686815.947770055,34,159202.239805,1316.08333333333,6251504.77518439,30,Pass,Pass
racethn_combn,Other/Multi-Racial,1999-2016,18,WTMEC.COMBN,age+gender,inc_to_pov,ndi_peryear_exm,ndi_mortstat_hd,32,137651.301882556,4,Cox Proportional Hazards,inc_to_pov,-0.875620773922646,0.416603322911762,0.90801667809171,0.334884340576308,0.0702754005129234,2.46968821798753,,,32,137651.301882556,3,18751.377939,108.916666666667,496872.809384241,30,FLAG: Low Total Events,FLAG: Low Category Events (<5)
racethn_combn,NHAsian,1999-2016,18,WTMEC.COMBN,age+gender,inc_to_pov,ndi_peryear_exm,ndi_mortstat_hd,47,86857.6367842222,5,Cox Proportional Hazards,inc_to_pov,0.222176284731497,1.24879150133602,0.178428052797275,0.213063034573004,0.880255829207166,1.77162156962217,,,47,86857.6367842222,9,15159.5286483333,177.416666666667,311414.895036148,30,FLAG: Low Total Events,Pass
racethn_combn,NHW,1999-2016,18,WTMEC.COMBN,age+gender,inc_to_pov,ndi_peryear_exm,ndi_mortstat_cbvd,4460,19722244.0810806,126,Cox Proportional Hazards,inc_to_pov,-0.0127856782290017,0.987295711312122,0.048061968985227,0.790220068619049,0.898537230404973,1.0848218511057,,,4460,19722244.0810806,247,961826.254346111,31735.0833333333,149141651.114075,30,Pass,Pass
racethn_combn,Mexican-American,1999-2016,18,WTMEC.COMBN,age+gender,inc_to_pov,ndi_peryear_exm,ndi_mortstat_cbvd,949,922273.211431667,44,Cox Proportional Hazards,inc_to_pov,0.00383738594626174,1.00384475813868,0.148055322508326,0.979322268338661,0.750998934367763,1.34181854637497,,,949,922273.211431667,55,43878.7195081111,8049.83333333333,6968874.10554163,30,Pass,Pass
racethn_combn,NHB,1999-2016,18,WTMEC.COMBN,age+gender,inc_to_pov,ndi_peryear_exm,ndi_mortstat_cbvd,1490,2794281.5073833,87,Cox Proportional Hazards,inc_to_pov,0.023479057436368,1.02375686042893,0.0932486702357787,0.801203596446773,0.852750444673104,1.22905606889138,,,1490,2794281.5073833,72,131283.670363778,10924.75,21163472.5636448,30,Pass,Pass
racethn_combn,Other Hispanic,1999-2016,18,WTMEC.COMBN,age+gender,inc_to_pov,ndi_peryear_exm,ndi_mortstat_cbvd,309,830866.544669278,25,Cox Proportional Hazards,inc_to_pov,-0.0532655991495712,0.948128157005293,0.207099996412173,0.797026321939107,0.631800504490431,1.42283362504005,,,309,830866.544669278,22,60297.3795882222,2148,6872996.38936989,30,FLAG: Low Total Events,Pass
racethn_combn,Other/Multi-Racial/NHAsian,1999-2016,18,WTMEC.COMBN,age+gender,inc_to_pov,ndi_peryear_exm,ndi_mortstat_cbvd,155,686815.947770055,24,Cox Proportional Hazards,inc_to_pov,0.0480299439812788,1.0492020721413,0.216943621610224,0.824785922878394,0.685792925720462,1.60518568637774,,,155,686815.947770055,10,40025.3179993333,1316.08333333333,6251504.77518439,30,FLAG: Low Total Events,Pass
racethn_combn,NHAsian,1999-2016,18,WTMEC.COMBN,age+gender,inc_to_pov,ndi_peryear_exm,ndi_mortstat_cbvd,47,86857.6367842222,5,Cox Proportional Hazards,inc_to_pov,0.0473193602317966,1.0484567910226,0.198812814261171,0.81187364125648,0.71009695941085,1.5480444298106,,,47,86857.6367842222,4,7803.736968,177.416666666667,311414.895036148,30,FLAG: Low Total Events,FLAG: Low Category Events (<5)
racethn_combn,NHW,1999-2016,18,WTMEC.COMBN,age+gender,inc_to_pov,ndi_peryear_exm,ndi_mortstat_cvd,20750,142748093.314037,137,Cox Proportional Hazards,inc_to_pov,-0.258288364761798,0.772372474986051,0.0260066659185702,3.03282669133027e-23,0.733988858262146,0.812763345656965,,,20750,142748093.314037,1435,5889804.56189011,222032.75,1561565127.99826,30,Pass,Pass
racethn_combn,Other/Multi-Racial/NHAsian,1999-2016,18,WTMEC.COMBN,age+gender,inc_to_pov,ndi_peryear_exm,ndi_mortstat_cvd,1273,7167931.72447446,84,Cox Proportional Hazards,inc_to_pov,-0.207393421394478,0.812699853574635,0.0820284251510526,0.0114612570493877,0.692000130562369,0.954452207203311,,,1273,7167931.72447446,44,199227.557804333,17038.3333333333,98161749.6336184,30,Pass,Pass
racethn_combn,Mexican-American,1999-2016,18,WTMEC.COMBN,age+gender,inc_to_pov,ndi_peryear_exm,ndi_mortstat_cvd,8507,16479019.43054,125,Cox Proportional Hazards,inc_to_pov,-0.176366014083783,0.838311093510685,0.0711042587236254,0.0131240190684983,0.729256059401504,0.96367452891627,,,8507,16479019.43054,276,253929.663309889,101986.666666667,180134138.732582,30,Pass,Pass
racethn_combn,NHB,1999-2016,18,WTMEC.COMBN,age+gender,inc_to_pov,ndi_peryear_exm,ndi_mortstat_cvd,9873,23037177.085114,128,Cox Proportional Hazards,inc_to_pov,-0.276724062811843,0.758263701399205,0.0366943787409783,4.65236890770786e-14,0.705643557429359,0.814807752166266,,,9873,23037177.085114,463,859349.292110333,104820.833333333,248464507.861187,30,Pass,Pass
racethn_combn,Other Hispanic,1999-2016,18,WTMEC.COMBN,age+gender,inc_to_pov,ndi_peryear_exm,ndi_mortstat_cvd,3530,10922761.1008749,113,Cox Proportional Hazards,inc_to_pov,-0.094904180891202,0.909460073947124,0.0948057268300357,0.316808204227269,0.755237201065909,1.09517595920401,,,3530,10922761.1008749,92,240434.975853111,33575.3333333333,121134941.495461,30,Pass,Pass
racethn_combn,NHAsian,1999-2016,18,WTMEC.COMBN,age+gender,inc_to_pov,ndi_peryear_exm,ndi_mortstat_cvd,1903,3834272.64028844,47,Cox Proportional Hazards,inc_to_pov,0.0499820541237832,1.05125223056434,0.119081186245466,0.674682045198981,0.832420904777626,1.32761112307929,,,1903,3834272.64028844,13,22963.2656163333,11461.8333333333,22434812.5498795,30,FLAG: Low Total Events,Pass
racethn_combn,Other/Multi-Racial,1999-2016,18,WTMEC.COMBN,age+gender,inc_to_pov,ndi_peryear_exm,ndi_mortstat_cvd,518,2215917.65996456,46,Cox Proportional Hazards,inc_to_pov,-1.34054327975455,0.261703451765026,0.698633878527017,0.0550088174278962,0.0665457444281803,1.02919724250205,,,518,2215917.65996456,3,18751.377939,2909.33333333333,12385542.2462442,30,FLAG: Low Total Events,FLAG: Low Category Events (<5)
racethn_combn,NHW,1999-2016,18,WTMEC.COMBN,age+gender,inc_to_pov,ndi_peryear_exm,ndi_mortstat_diab,4460,19722244.0810806,126,Cox Proportional Hazards,inc_to_pov,0.00568219793598804,1.00569837224337,0.0753417719879149,0.939881375875975,0.867631949844695,1.16573532834287,,,4460,19722244.0810806,117,600064.995759111,31735.0833333333,149141651.114075,30,Pass,Pass
racethn_combn,Mexican-American,1999-2016,18,WTMEC.COMBN,age+gender,inc_to_pov,ndi_peryear_exm,ndi_mortstat_diab,949,922273.211431667,44,Cox Proportional Hazards,inc_to_pov,-0.271537590988461,0.762206630828837,0.173522615174863,0.117617102672858,0.542459464198209,1.07097209362573,,,949,922273.211431667,64,63810.4284978889,8049.83333333333,6968874.10554163,30,Pass,Pass
racethn_combn,NHB,1999-2016,18,WTMEC.COMBN,age+gender,inc_to_pov,ndi_peryear_exm,ndi_mortstat_diab,1490,2794281.5073833,87,Cox Proportional Hazards,inc_to_pov,-0.143519144928341,0.866304214696369,0.101903088495514,0.159016042350858,0.709461392900199,1.05782076362577,,,1490,2794281.5073833,63,114810.958833556,10924.75,21163472.5636448,30,Pass,Pass
racethn_combn,Other Hispanic,1999-2016,18,WTMEC.COMBN,age+gender,inc_to_pov,ndi_peryear_exm,ndi_mortstat_diab,309,830866.544669278,25,Cox Proportional Hazards,inc_to_pov,-0.0435821705983381,0.957353884517336,0.247294020652479,0.860108343869436,0.589619154663916,1.5544380689648,,,309,830866.544669278,14,36142.7344904444,2148,6872996.38936989,30,FLAG: Low Total Events,Pass
racethn_combn,Other/Multi-Racial/NHAsian,1999-2016,18,WTMEC.COMBN,age+gender,inc_to_pov,ndi_peryear_exm,ndi_mortstat_diab,155,686815.947770055,24,Cox Proportional Hazards,inc_to_pov,-0.2197086971855,0.802752608000122,0.183173081939048,0.230349315354489,0.560611045310921,1.14948100834082,,,155,686815.947770055,10,41933.3144891111,1316.08333333333,6251504.77518439,30,FLAG: Low Total Events,Pass
racethn_combn,NHW,1999-2016,18,WTMEC.COMBN,age+gender,inc_to_pov,ndi_peryear_exm,ndi_mortstat_diab_any,4460,19722244.0810806,126,Cox Proportional Hazards,inc_to_pov,-0.104805587405943,0.900499574027746,0.0444189652985999,0.0183006481832695,0.825416840207475,0.982412089654393,,,4460,19722244.0810806,400,1887723.88254456,31735.0833333333,149141651.114075,30,Pass,Pass
racethn_combn,Mexican-American,1999-2016,18,WTMEC.COMBN,age+gender,inc_to_pov,ndi_peryear_exm,ndi_mortstat_diab_any,949,922273.211431667,44,Cox Proportional Hazards,inc_to_pov,-0.123143141635538,0.884137096672555,0.0769636552764854,0.109594855921875,0.760338229430751,1.02809299263805,,,949,922273.211431667,191,183134.586817,8049.83333333333,6968874.10554163,30,Pass,Pass
racethn_combn,NHB,1999-2016,18,WTMEC.COMBN,age+gender,inc_to_pov,ndi_peryear_exm,ndi_mortstat_diab_any,1490,2794281.5073833,87,Cox Proportional Hazards,inc_to_pov,-0.107246968667723,0.8983037927018,0.0592849653592595,0.070449781334893,0.799758476899591,1.00899174849728,,,1490,2794281.5073833,191,356810.135102444,10924.75,21163472.5636448,30,Pass,Pass
racethn_combn,Other Hispanic,1999-2016,18,WTMEC.COMBN,age+gender,inc_to_pov,ndi_peryear_exm,ndi_mortstat_diab_any,309,830866.544669278,25,Cox Proportional Hazards,inc_to_pov,-0.197861991194334,0.820483079214385,0.173754512930232,0.254809747766007,0.583669234120893,1.1533801062704,,,309,830866.544669278,38,86106.9475424445,2148,6872996.38936989,30,Pass,Pass
racethn_combn,Other/Multi-Racial/NHAsian,1999-2016,18,WTMEC.COMBN,age+gender,inc_to_pov,ndi_peryear_exm,ndi_mortstat_diab_any,155,686815.947770055,24,Cox Proportional Hazards,inc_to_pov,-0.278333517201324,0.757044292111643,0.128553538436743,0.0303786872666022,0.588429325243731,0.97397603353883,,,155,686815.947770055,27,133767.904936889,1316.08333333333,6251504.77518439,30,FLAG: Low Total Events,Pass
racethn_combn,Other/Multi-Racial,1999-2016,18,WTMEC.COMBN,age+gender,inc_to_pov,ndi_peryear_exm,ndi_mortstat_diab_any,32,137651.301882556,4,Cox Proportional Hazards,inc_to_pov,-0.7691244980104,0.463418614676166,0.873880991203429,0.378791603094376,0.083581653328484,2.56942527308429,,,32,137651.301882556,3,19169.2936906667,108.916666666667,496872.809384241,30,FLAG: Low Total Events,FLAG: Low Category Events (<5)
racethn_combn,NHAsian,1999-2016,18,WTMEC.COMBN,age+gender,inc_to_pov,ndi_peryear_exm,ndi_mortstat_diab_any,47,86857.6367842222,5,Cox Proportional Hazards,inc_to_pov,-0.680601692584547,0.506312256365967,0.226559868954663,0.00266394076194764,0.324763181121686,0.789350874261649,,,47,86857.6367842222,6,9877.80610111111,177.416666666667,311414.895036148,30,FLAG: Low Total Events,Pass
