Variable.Name,Raw.Variables,Assigned.Weight,Variable.Type,Variable.Summary
Years,,WTMEC.COMBN,Categorical,Values: 1999-2000; 2001-2002; 2003-2004; 2005-2006; 2007-2008; 2009-2010; 2011-2012; 2013-2014; 2015-2016; 2017-2020
SEQN,SEQN,WTMEC.COMBN,Numeric,"Mean: 56605.3; Median: 53811.5; Range: [1, 124822]"
RIDSTATR,RIDSTATR,WTMEC.COMBN,Categorical,Values: Both interviewed and MEC examined; Interviewed only
SDDSRVYR,SDDSRVYR,WTMEC.COMBN,Categorical,Values: NHANES 1999-2000 Public Release; NHANES 2001-2002 Public Release; NHANES 2003-2004 Public Release; NHANES 2005-2006 Public Release; NHANES 2007-2008 Public Release; NHANES 2009-2010 Public Release; NHANES 2011-2012 public release; NHANES 2013-2014 public release; NHANES 2015-2016 public release; NHANES 2017-2020 public release
SDMVPSU,SDMVPSU,WTMEC.COMBN,Numeric,"Mean: 1.5; Median: 2; Range: [1, 3]"
SDMVSTRA,SDMVSTRA,WTMEC.COMBN,Numeric,"Mean: 79.2; Median: 77; Range: [1, 172]"
WTINT2YR,WTINT2YR,WTMEC.COMBN,Numeric,"Mean: 28929.7; Median: 18900; Range: [974.7, 236864.1]"
WTINT4YR,WTINT4YR,WTMEC.COMBN,Numeric,"Mean: 13266.6; Median: 7794.8; Range: [620.7, 100652.3]"
WTMEC2YR,WTMEC2YR,WTMEC.COMBN,Numeric,"Mean: 28929.7; Median: 18621.6; Range: [0, 261361.3]"
WTMEC4YR,WTMEC4YR,WTMEC.COMBN,Numeric,"Mean: 13266.6; Median: 7046.4; Range: [0, 103831.2]"
WTINTPRP,WTINTPRP,WTMEC.COMBN,Numeric,"Mean: 20714.9; Median: 12712.6; Range: [1017.8, 338363.6]"
WTMECPRP,WTMECPRP,WTMEC.COMBN,Numeric,"Mean: 20714.9; Median: 12639.6; Range: [0, 367555.7]"
WTSAF2YR,WTSAF2YR,WTSAF.COMBN,Numeric,"Mean: 72042; Median: 49181.5; Range: [0, 548458.8]"
WTSAF4YR,WTSAF4YR,WTSAF.COMBN,Numeric,"Mean: 31867.1; Median: 17433.8; Range: [0, 263680.7]"
WTSAFPRP,WTSAFPRP,WTSAF.COMBN,Numeric,"Mean: 53884; Median: 32845.1; Range: [0, 741259.2]"
WTDRD1,WTDRD1,WTMEC.COMBN,Numeric,"Mean: 31818.2; Median: 18526.5; Range: [0, 454277.7]"
WTDR4YR,WTDR4YR,WTMEC.COMBN,Numeric,"Mean: 15139.1; Median: 8800.2; Range: [298.7, 173979.4]"
WTDR2D,,WTDR.COMBN,Numeric,"Mean: 36526.5; Median: 19538; Range: [0, 818626.7]"
WTDRD1PP,,WTMEC.COMBN,Numeric,"Mean: 22540.2; Median: 12283.8; Range: [0, 538404.4]"
WTDR2DPP,,WTDR.COMBN,Numeric,"Mean: 25512.4; Median: 12637.9; Range: [0, 702943.6]"
WTSPO4YR,WTSPO4YR,WTSPO.COMBN,Numeric,"Mean: 47818.5; Median: 33431.5; Range: [0, 332972.4]"
WTSPO2YR,,WTSPO.COMBN,Numeric,"Mean: 94512.9; Median: 61228.4; Range: [0, 846810.7]"
WTSC2YR,WTSC2YR,WTSEPH.COMBN,Numeric,"Mean: 100488.8; Median: 78414.9; Range: [0, 456851.1]"
WTSB2YR,WTSB2YR,WTMEC.COMBN,Numeric,"Mean: 101832; Median: 69679.4; Range: [0, 874638]"
WTSA2YR,WTSA2YR,WTMEC.COMBN,Numeric,"Mean: 101858.6; Median: 63427.1; Range: [0, 708844.2]"
age,RIDAGEYR,WTMEC.COMBN,Numeric,"Mean: 31.2; Median: 24; Range: [0, 85]"
age_4lvl,,WTMEC.COMBN,Categorical,Levels: under30y; 30to39y; 40to64y; over65y
gender,RIAGENDR,WTMEC.COMBN,Categorical,Values: Female; Male
female,,WTMEC.COMBN,Categorical,Levels: 0; 1
racethn,,WTMEC.COMBN,Categorical,Levels: NHW; NHB; NHAsian; Mexican-American; Other Hispanic; Other/Multi-Racial
racethn_addNHA,RIDRETH3,WTMEC.COMBN,Categorical,Levels: NHW; NHB; NHAsian; Mexican-American; Other Hispanic; Other/Multi-Racial
racethn_combn,,WTMEC.COMBN,Categorical,Values: NHB; NHW; Other/Multi-Racial/NHAsian; Mexican-American; Other Hispanic; NHAsian; Other/Multi-Racial
educ_level,,WTMEC.COMBN,Categorical,Levels: College graduate or above; Some college or AA degree; HS graduate or GED; 9-11th grade; Less than 9th grade
income_hh,"INDHHINC, INDHHIN2",WTMEC.COMBN,Categorical,"Levels: $0-$4,999; $5,000-$9,999; $10,000-$14,999; $15,000-$19,999; Under $20,000; Over $20,000; $20,000-$24,999; $25,000-$34,999; $35,000-$44,999; $45,000-$54,999; $55,000-$64,999; $65,000-$74,999; Over $75,000; $75,000-$99,999; Over $100,000"
income_fam,"INDFMINC, INDFMIN2",WTMEC.COMBN,Categorical,"Levels: $0-$4,999; $5,000-$9,999; $10,000-$14,999; $15,000-$19,999; Under $20,000; Over $20,000; $20,000-$24,999; $25,000-$34,999; $35,000-$44,999; $45,000-$54,999; $55,000-$64,999; $65,000-$74,999; Over $75,000; $75,000-$99,999; Over $100,000"
inc_to_pov,INDFMPIR,WTMEC.COMBN,Numeric,"Mean: 2.3; Median: 1.8; Range: [0, 5]"
inc_to_pov_level,,WTMEC.COMBN,Categorical,Levels: High income; Middle income; Low income
bmi,BMXBMI,WTMEC.COMBN,Numeric,"Mean: 25.6; Median: 24.8; Range: [8, 130.2]"
sbp_mean,,WTMEC.COMBN,Numeric,"Mean: 119.2; Median: 116; Range: [64.7, 270]"
dbp_mean,,WTMEC.COMBN,Numeric,"Mean: 66.7; Median: 67.3; Range: [0, 143.7]"
fev1_pre,SPXNFEV1,WTMEC.COMBN,Numeric,"Mean: 2893.8; Median: 2858; Range: [409, 6923]"
fvc_pre,SPXNFVC,WTMEC.COMBN,Numeric,"Mean: 3598; Median: 3554; Range: [592, 9361]"
waist,BMXWAIST,WTMEC.COMBN,Numeric,"Mean: 86.8; Median: 87.5; Range: [32, 187.5]"
hip,BMXHIP,WTMEC.COMBN,Numeric,"Mean: 105.7; Median: 103.4; Range: [62.5, 187.5]"
whr,,WTMEC.COMBN,Numeric,"Mean: 0.9; Median: 0.9; Range: [0.6, 1.2]"
wt,BMXWT,WTMEC.COMBN,Numeric,"Mean: 62; Median: 65.1; Range: [2.4, 371]"
ht,BMXHT,WTMEC.COMBN,Numeric,"Mean: 156.1; Median: 162.1; Range: [78.3, 204.5]"
liver_stiff,LUXSMED,WTMEC.COMBN,Numeric,"Mean: 5.9; Median: 5; Range: [1.6, 75]"
liver_iqr,LUXSIQRM,WTMEC.COMBN,Numeric,"Mean: 15.1; Median: 13.1; Range: [0, 1338]"
liver_cap,LUXCAPM,WTMEC.COMBN,Numeric,"Mean: 257.6; Median: 253; Range: [100, 400]"
taste_mouth_quinine_glms,CSXQUISG,WTMEC.COMBN,Numeric,"Mean: 53.2; Median: 52; Range: [0, 100]"
taste_mouth_nacl_1M_glms,CSXSLTSG,WTMEC.COMBN,Numeric,"Mean: 52.1; Median: 50; Range: [2, 100]"
taste_mouth_nacl_320mM_glms,CSXNASG,WTMEC.COMBN,Numeric,"Mean: 33.1; Median: 30; Range: [0, 100]"
taste_tip2mouth_quinine,,WTMEC.COMBN,Numeric,"Mean: 0.3; Median: 0.2; Range: [0, 49]"
taste_tip2mouth_nacl_1M,,WTMEC.COMBN,Numeric,"Mean: 0.6; Median: 0.5; Range: [0, 32.5]"
smell_pst_total,,WTMEC.COMBN,Numeric,"Mean: 5.7; Median: 6; Range: [0, 7]"
smell_dysfun_any,,WTMEC.COMBN,Categorical,Levels: 0; 1
smell_dysfun_severe,,WTMEC.COMBN,Categorical,Levels: 0; 1
2hg,LBXGLT,WTSAF.COMBN,Numeric,"Mean: 116.7; Median: 105; Range: [23, 604]"
alb,LBXSAL,WTMEC.COMBN,Numeric,"Mean: 4.3; Median: 4.3; Range: [1.2, 5.7]"
alt,LBXSATSI,WTMEC.COMBN,Numeric,"Mean: 23.7; Median: 19; Range: [2, 1997]"
ast,LBXSASSI,WTMEC.COMBN,Numeric,"Mean: 24.8; Median: 22; Range: [6, 1672]"
b_carot,"LBXBEC,LB2BEC",WTMEC.COMBN,Numeric,"Mean: 16; Median: 11.2; Range: [0.4, 388.2]"
cadmium,LBXBCD,WTMEC.COMBN,Numeric,"Mean: 0.4; Median: 0.2; Range: [0.1, 13]"
cotinine,LBXCOT,WTMEC.COMBN,Numeric,"Mean: 38.9; Median: 0.1; Range: [0, 1820]"
creatinine,"LBXSCR, LBDSCR,LBXSCR",WTMEC.COMBN,Numeric,"Mean: 0.9; Median: 0.8; Range: [0.1, 17.4]"
crp,"LBXCRP, LB2CRP,LBXCRP,LBXHSCRP",WTMEC.COMBN,Numeric,"Mean: 3.6; Median: 1.3; Range: [0.1, 296]"
estradiol,"LBXEST,SSSE2",WTMEC.COMBN,Numeric,"Mean: 58.1; Median: 22; Range: [-5, 15300]"
fg,LBXGLU,WTSAF.COMBN,Numeric,"Mean: 106.2; Median: 98.6; Range: [21, 678.2]"
fi,LBXIN,WTSAF.COMBN,Numeric,"Mean: 13.8; Median: 9.9; Range: [0, 682.5]"
g_tocoph,"LBXGTC,LB2GTC",WTMEC.COMBN,Numeric,"Mean: 224.5; Median: 206; Range: [7, 3122]"
glu,LBXSGL,WTMEC.COMBN,Numeric,"Mean: 98.4; Median: 91; Range: [19, 777]"
hba1c,LBXGH,WTMEC.COMBN,Numeric,"Mean: 5.6; Median: 5.4; Range: [2, 18.8]"
hdl,"LBDHDD,LBXHDD,LBDHDL",WTMEC.COMBN,Numeric,"Mean: 53; Median: 51; Range: [5, 226]"
hdl_si,LBDHDDSI,WTMEC.COMBN,Numeric,"Mean: 1.4; Median: 1.3; Range: [0.1, 5.8]"
hpv_oral,ORXHPV,WTMEC.COMBN,Categorical,Levels: 0; 1
ldl,LBDLDL,WTSAF.COMBN,Numeric,"Mean: 108.4; Median: 104; Range: [7, 629]"
lead,LBXBPB,WTMEC.COMBN,Numeric,"Mean: 1.6; Median: 1.1; Range: [0, 68.9]"
manganese,LBXBMN,WTMEC.COMBN,Numeric,"Mean: 10.3; Median: 9.6; Range: [1.6, 100.4]"
mercury,LBXTHG,WTMEC.COMBN,Numeric,"Mean: 1.2; Median: 0.6; Range: [0.1, 85.7]"
pcb180,LBX180,WTSPO.COMBN,Numeric,"Mean: 0.2; Median: 0.1; Range: [0, 4.1]"
selenium,LBXBSE,WTMEC.COMBN,Numeric,"Mean: 185.1; Median: 183.1; Range: [59.4, 734.8]"
stg,LBXSTR,WTMEC.COMBN,Numeric,"Mean: 137.1; Median: 107; Range: [9, 6057]"
t_lycop,"LBXLYC,LB2LYC, LBXLYC",WTMEC.COMBN,Numeric,"Mean: 22.5; Median: 21.3; Range: [0.2, 110]"
tc,LBXTC,WTMEC.COMBN,Numeric,"Mean: 183.4; Median: 178; Range: [59, 813]"
tc_si,LBDTCSI,WTMEC.COMBN,Numeric,"Mean: 4.7; Median: 4.6; Range: [1.5, 21]"
testosterone,"SSTESTO,LBXTST",WTMEC.COMBN,Numeric,"Mean: 204.6; Median: 40.4; Range: [-2, 5000]"
tg,LBXTR,WTSAF.COMBN,Numeric,"Mean: 119.7; Median: 95; Range: [10, 4233]"
u_albumin,URXUMA,WTMEC.COMBN,Numeric,"Mean: 44.8; Median: 8.6; Range: [0.2, 24440]"
u_cotinine,URXCOTT,WTMEC.COMBN,Numeric,"Mean: 925; Median: 0.8; Range: [0, 26800]"
u_creatinine,URXUCR,WTMEC.COMBN,Numeric,"Mean: 127.9; Median: 112.7; Range: [0, 893.7]"
vitd,"LBXVIDMS,LBDVIDMS",WTMEC.COMBN,Numeric,"Mean: 63.1; Median: 61.3; Range: [5.4, 375]"
vitd2,LBXVD2MS,WTMEC.COMBN,Numeric,"Mean: 3.3; Median: 1.4; Range: [1.4, 315]"
vitd3,LBXVD3MS,WTMEC.COMBN,Numeric,"Mean: 60.5; Median: 58.9; Range: [3, 373.7]"
hcb,LBXHCB,WTMEC.COMBN,Numeric,"Mean: 0.1; Median: 0.1; Range: [0, 2]"
hcb_adj,LBXHCBLA,WTMEC.COMBN,Numeric,"Mean: 22.8; Median: 14.9; Range: [1.6, 381]"
hepox,LBXHPE,WTMEC.COMBN,Numeric,"Mean: 0.1; Median: 0; Range: [0, 6]"
pcbdiox,LBXD01,WTSPO.COMBN,Numeric,"Mean: 29.4; Median: 18.7; Range: [2.8, 579.6]"
plt,LBXPLTSI,WTMEC.COMBN,Numeric,"Mean: 270.6; Median: 262; Range: [4, 1021]"
u_bpa,URXBPH,WTSEPH.COMBN,Numeric,"Mean: 3.7; Median: 1.8; Range: [0.1, 965]"
uacr,,WTMEC.COMBN,Numeric,"Mean: 43.5; Median: 7.6; Range: [0.1, 92500]"
uacr_level,,WTMEC.COMBN,Categorical,Levels: uacr_lt30; uacr_30to100; uacr_100to300; uacr_gte300
uacr_level.lab,,WTMEC.COMBN,Categorical,Levels: Normal; Low; Moderate; High
egfr,,WTMEC.COMBN,Numeric,"Mean: 101.1; Median: 102.2; Range: [2, 226.9]"
egfr_race,,WTMEC.COMBN,Numeric,"Mean: 81.8; Median: 79.2; Range: [1.2, 261.1]"
ldl_friedewald,,WTSAF.COMBN,Numeric,"Mean: 108.4; Median: 104.4; Range: [7.2, 628.8]"
tgglu,,WTSAF.COMBN,Numeric,"Mean: 1.2; Median: 1; Range: [0.1, 37.4]"
ogtt_2hg,,WTSAF.COMBN,Numeric,"Mean: 116.7; Median: 105; Range: [23, 604]"
smoke_everstop,,WTMEC.COMBN,Categorical,Values: NA; Yes; No
smoke_status,,WTMEC.COMBN,Categorical,Values: NA; Never smoker; Former smoker; Current smoker
smoke_current,,WTMEC.COMBN,Categorical,Levels: 0; 1
smoke_ever,,WTMEC.COMBN,Categorical,Levels: 0; 1
alch_drink_curr,,WTMEC.COMBN,Categorical,Levels: 0; 1
alch_drink_daily,,WTMEC.COMBN,Categorical,Levels: 0; 1
alch_drink_weekly,,WTMEC.COMBN,Categorical,Levels: 0; 1
hc_usualplace,,WTMEC.COMBN,Categorical,Levels: 0; 1
hc_drvisit,,WTMEC.COMBN,Categorical,Levels: 0; 1
hc_hospadmit,,WTMEC.COMBN,Categorical,Levels: 0; 1
genhealth,,WTMEC.COMBN,Categorical,Levels: Poor; Fair; Good; Very good; Excellent
genhealth_low_vs_other,,WTMEC.COMBN,Categorical,Levels: 0; 1
restaur_freq_wk,,WTMEC.COMBN,Numeric,"Mean: 2.7; Median: 2; Range: [0, 21]"
restaur_freq_gt2,,WTMEC.COMBN,Categorical,Levels: 0; 1
tastechange_flavor_any,,WTMEC.COMBN,Categorical,Values: NA; Yes; No
tastechange_sweet_any,,WTMEC.COMBN,Categorical,Levels: 0; 1
tastechange_sweet_worse,,WTMEC.COMBN,Categorical,Levels: 0; 1
tastechange_bitter_any,,WTMEC.COMBN,Categorical,Levels: 0; 1
tastechange_bitter_worse,,WTMEC.COMBN,Categorical,Levels: 0; 1
tastechange_salt_any,,WTMEC.COMBN,Categorical,Levels: 0; 1
tastechange_salt_worse,,WTMEC.COMBN,Categorical,Levels: 0; 1
tastechange_sour_any,,WTMEC.COMBN,Categorical,Levels: 0; 1
tastechange_sour_worse,,WTMEC.COMBN,Categorical,Levels: 0; 1
employ_status,,WTMEC.COMBN,Categorical,Levels: Full-time employed; Part-time employed; Student; Unemployed
work_lastwk,,WTMEC.COMBN,Categorical,Values: NA; With a job/business but not working; Working at a job/business; Not working at a job/business; Looking for work
insur_any,,WTMEC.COMBN,Categorical,Levels: 0; 1
uninsur_lastyr,,WTMEC.COMBN,Categorical,Levels: 0; 1
govtmeal_any,,WTMEC.COMBN,Categorical,Levels: 0; 1
foodsecure_level,,WTMEC.COMBN,Categorical,Levels: Food secure; Low food security; Very low food security
foodinsecure,,WTMEC.COMBN,Categorical,Levels: 0; 1
alch_freq_wk,,WTMEC.COMBN,Categorical,Levels: Never drinker; Non-drinker; Less than 1 per month; Less than 1 per week; 1-2 per week; 3-6 per week; 1 or more per day
q_wtloss_dietrx,WHD080I,WTMEC.COMBN,Categorical,Values: ; Took diet pills prescribed by a doctor
q_had_dialysis,KIQ025,WTMEC.COMBN,Categorical,Values: NA; No; Yes
pa_total_mets_wk,,WTMEC.COMBN,Numeric,"Mean: 2175.6; Median: 240; Range: [0, 62605.1]"
pa_total_mets_wk_cap,,WTMEC.COMBN,Numeric,"Mean: 1980.3; Median: 240; Range: [0, 16800]"
pa_meets_guidelines,,WTMEC.COMBN,Categorical,Levels: 0; 1
pa_level_mets,,WTMEC.COMBN,Categorical,Values: NA; Low; High; Moderate
addsalt_table_often,,WTMEC.COMBN,Categorical,Levels: 0; 1
addsalt_prep_often,,WTMEC.COMBN,Categorical,Levels: 0; 1
dietsuppl_any,,WTMEC.COMBN,Categorical,Levels: 0; 1
dietsuppl_num,,WTMEC.COMBN,Numeric,"Mean: 0.8; Median: 0; Range: [0, 28]"
nut_energy_kcal_mean,,WTMEC.COMBN,Numeric,"Mean: 1930; Median: 1805; Range: [0, 13509]"
nut_prot_g_mean,,WTMEC.COMBN,Numeric,"Mean: 72.8; Median: 67.2; Range: [0, 579.1]"
nut_carb_g_mean,,WTMEC.COMBN,Numeric,"Mean: 241.5; Median: 226.1; Range: [0, 1650.7]"
nut_sugar_g_mean,,WTMEC.COMBN,Numeric,"Mean: 111.2; Median: 99.7; Range: [0, 1115.5]"
nut_fiber_g_mean,,WTMEC.COMBN,Numeric,"Mean: 14.7; Median: 13.1; Range: [0, 128.6]"
nut_fat_g_mean,,WTMEC.COMBN,Numeric,"Mean: 73.3; Median: 66.6; Range: [0, 601.3]"
nut_sfa_g_mean,,WTMEC.COMBN,Numeric,"Mean: 24.5; Median: 22; Range: [0, 238.1]"
nut_mufa_g_mean,,WTMEC.COMBN,Numeric,"Mean: 26; Median: 23.4; Range: [0, 225.2]"
nut_pufa_g_mean,,WTMEC.COMBN,Numeric,"Mean: 16.2; Median: 14.2; Range: [0, 218.7]"
nut_atoc_mg_mean,,WTMEC.COMBN,Numeric,"Mean: 7.2; Median: 6.1; Range: [0, 124.4]"
hei2015_total,,WTDR.COMBN,Numeric,"Mean: 50.2; Median: 49.4; Range: [10, 94.2]"
ahei_total,,WTDR.COMBN,Numeric,"Mean: 41.1; Median: 40.3; Range: [14.7, 89.2]"
dii_total,,WTDR.COMBN,Numeric,"Mean: 2.8; Median: 3; Range: [-5.3, 8]"
bmi_calc,,WTMEC.COMBN,Numeric,"Mean: 25.6; Median: 24.8; Range: [8, 130.2]"
diabetes,,WTMEC.COMBN,Categorical,Levels: 0; 1
diabetes_undx,,WTMEC.COMBN,Categorical,Levels: 0; 1
obese,,WTMEC.COMBN,Categorical,Levels: 0; 1
obese_abd,,WTMEC.COMBN,Categorical,Levels: 0; 1
cvd,,WTMEC.COMBN,Categorical,Levels: 0; 1
ascvd,,WTMEC.COMBN,Categorical,Levels: 0; 1
chf,,WTMEC.COMBN,Categorical,Levels: 0; 1
copd,,WTMEC.COMBN,Categorical,Levels: 0; 1
pft_lt07,,WTMEC.COMBN,Categorical,Levels: 0; 1
copd_pft,,WTMEC.COMBN,Categorical,Levels: 0; 1
htn,,WTMEC.COMBN,Categorical,Levels: 0; 1
htn_stg1,,WTMEC.COMBN,Categorical,Levels: 0; 1
htn_undx,,WTMEC.COMBN,Categorical,Levels: 0; 1
ckd,,WTMEC.COMBN,Categorical,Levels: 0; 1
ckd_gfr_level,,WTMEC.COMBN,Categorical,Levels: Stage 0; Stage 2; Stage 3a; Stage 3b; Stage 4; Stage 5; ESRD
ckd_gfr_gte3,,WTMEC.COMBN,Categorical,Levels: 0; 1
ckd_any,,WTMEC.COMBN,Categorical,Levels: 0; 1
ckd_malb_level,,WTMEC.COMBN,Categorical,Levels: 0; 1; 2; 3
mdd,,WTMEC.COMBN,Categorical,Levels: 0; 1
fib4,,WTMEC.COMBN,Numeric,"Mean: 1; Median: 0.7; Range: [0.1, 37.9]"
fib4_cat,,WTMEC.COMBN,Categorical,Values: NA; Low; Moderate; High
fib4_mod_vs_low,,WTMEC.COMBN,Categorical,Levels: 0; 1
fib4_high_vs_low,,WTMEC.COMBN,Categorical,Levels: 0; 1
nfs,,WTMEC.COMBN,Numeric,"Mean: -2.4; Median: -2.5; Range: [-13.7, 7.4]"
nfs_cat,,WTMEC.COMBN,Categorical,Values: NA; Moderate; Low; High
nfs_mod_vs_low,,WTMEC.COMBN,Categorical,Levels: 0; 1
nfs_high_vs_low,,WTMEC.COMBN,Categorical,Levels: 0; 1
liver_cap_any,,WTMEC.COMBN,Categorical,Levels: 0; 1
liver_cap_mod_sev,,WTMEC.COMBN,Categorical,Levels: 0; 1
ndi_eligstat,,WTMEC.COMBN,Categorical,Levels: 1
ndi_mortstat,,WTMEC.COMBN,Categorical,Levels: 0; 1
ndi_ucod_leading,,WTMEC.COMBN,Numeric,"Mean: 4.7; Median: 3; Range: [1, 10]"
ndi_diabetes,,WTMEC.COMBN,Categorical,Levels: 0; 1
ndi_htn,,WTMEC.COMBN,Categorical,Levels: 0; 1
ndi_permth_int,,WTMEC.COMBN,Numeric,"Mean: 128.1; Median: 123; Range: [0, 250]"
ndi_permth_exm,,WTMEC.COMBN,Numeric,"Mean: 127.6; Median: 122; Range: [0, 249]"
ndi_eligstat.lab,,WTMEC.COMBN,Categorical,Values: NA; Eligible
ndi_mortstat.lab,,WTMEC.COMBN,Categorical,Values: NA; Assumed deceased; Assumed alive
ndi_ucod_leading.lab,,WTMEC.COMBN,Categorical,"Values: NA; Alzheimers disease (G30); ; Heart diseases (I00-I09, I11, I13, I20-I51); Chronic lower respiratory diseases (J40-J47); Malignant neoplasms (C00-C97); All other causes (residual); Cerebrovascular diseases (I60-I69); Accidents (unintentional injuries) (V01-X59, Y85-Y86); Diabetes mellitus (E10-E14); Influenza and pneumonia (J09-J18); Nephritis, nephrotic syndrome and nephrosis (N00-N07, N17-N19, N25-N27)"
ndi_diabetes.lab,,WTMEC.COMBN,Categorical,Values: NA; No; ; Yes
ndi_htn.lab,,WTMEC.COMBN,Categorical,Values: NA; No; ; Yes
ndi_peryear_int,,WTMEC.COMBN,Numeric,"Mean: 10.7; Median: 10.2; Range: [0, 20.8]"
ndi_peryear_exm,,WTMEC.COMBN,Numeric,"Mean: 10.6; Median: 10.2; Range: [0, 20.8]"
prevent_cvd_10yr_base,,WTMEC.COMBN,Numeric,"Mean: 0.1; Median: 0.1; Range: [0, 0.7]"
prevent_cvd_30yr_base,,WTMEC.COMBN,Numeric,"Mean: 0.3; Median: 0.3; Range: [0, 0.8]"
prevent_ascvd_10yr_base,,WTMEC.COMBN,Numeric,"Mean: 0.1; Median: 0.1; Range: [0, 0.5]"
prevent_ascvd_30yr_base,,WTMEC.COMBN,Numeric,"Mean: 0.2; Median: 0.2; Range: [0, 0.7]"
prevent_hf_10yr_base,,WTMEC.COMBN,Numeric,"Mean: 0.1; Median: 0.1; Range: [0, 0.7]"
prevent_hf_30yr_base,,WTMEC.COMBN,Numeric,"Mean: 0.2; Median: 0.2; Range: [0, 0.8]"
prevent_chd_10yr_base,,WTMEC.COMBN,Numeric,"Mean: 0; Median: 0; Range: [0, 0.3]"
prevent_chd_30yr_base,,WTMEC.COMBN,Numeric,"Mean: 0.1; Median: 0.1; Range: [0, 0.6]"
prevent_stroke_10yr_base,,WTMEC.COMBN,Numeric,"Mean: 0; Median: 0; Range: [0, 0.4]"
prevent_stroke_30yr_base,,WTMEC.COMBN,Numeric,"Mean: 0.1; Median: 0.1; Range: [0, 0.5]"
prevent_cvd_10yr_hba1c,,WTMEC.COMBN,Numeric,"Mean: 0.1; Median: 0.1; Range: [0, 0.7]"
prevent_cvd_30yr_hba1c,,WTMEC.COMBN,Numeric,"Mean: 0.3; Median: 0.3; Range: [0, 0.8]"
prevent_ascvd_10yr_hba1c,,WTMEC.COMBN,Numeric,"Mean: 0.1; Median: 0.1; Range: [0, 0.5]"
prevent_ascvd_30yr_hba1c,,WTMEC.COMBN,Numeric,"Mean: 0.2; Median: 0.2; Range: [0, 0.7]"
prevent_hf_10yr_hba1c,,WTMEC.COMBN,Numeric,"Mean: 0.1; Median: 0.1; Range: [0, 0.7]"
prevent_hf_30yr_hba1c,,WTMEC.COMBN,Numeric,"Mean: 0.2; Median: 0.2; Range: [0, 0.8]"
prevent_chd_10yr_hba1c,,WTMEC.COMBN,Numeric,"Mean: 0; Median: 0; Range: [0, 0.5]"
prevent_chd_30yr_hba1c,,WTMEC.COMBN,Numeric,"Mean: 0.1; Median: 0.1; Range: [0, 0.6]"
prevent_stroke_10yr_hba1c,,WTMEC.COMBN,Numeric,"Mean: 0; Median: 0; Range: [0, 0.3]"
prevent_stroke_30yr_hba1c,,WTMEC.COMBN,Numeric,"Mean: 0.1; Median: 0.1; Range: [0, 0.4]"
prevent_cvd_10yr_uacr,,WTMEC.COMBN,Numeric,"Mean: 0.1; Median: 0.1; Range: [0, 0.8]"
prevent_cvd_30yr_uacr,,WTMEC.COMBN,Numeric,"Mean: 0.3; Median: 0.3; Range: [0, 0.9]"
prevent_ascvd_10yr_uacr,,WTMEC.COMBN,Numeric,"Mean: 0.1; Median: 0; Range: [0, 0.6]"
prevent_ascvd_30yr_uacr,,WTMEC.COMBN,Numeric,"Mean: 0.2; Median: 0.2; Range: [0, 0.7]"
prevent_hf_10yr_uacr,,WTMEC.COMBN,Numeric,"Mean: 0.1; Median: 0; Range: [0, 0.8]"
prevent_hf_30yr_uacr,,WTMEC.COMBN,Numeric,"Mean: 0.2; Median: 0.2; Range: [0, 0.8]"
prevent_chd_10yr_uacr,,WTMEC.COMBN,Numeric,"Mean: 0; Median: 0; Range: [0, 0.5]"
prevent_chd_30yr_uacr,,WTMEC.COMBN,Numeric,"Mean: 0.1; Median: 0.1; Range: [0, 0.6]"
prevent_stroke_10yr_uacr,,WTMEC.COMBN,Numeric,"Mean: 0; Median: 0; Range: [0, 0.5]"
prevent_stroke_30yr_uacr,,WTMEC.COMBN,Numeric,"Mean: 0.1; Median: 0.1; Range: [0, 0.5]"
prevent_cvd_10yr_full,,WTMEC.COMBN,Numeric,"Mean: 0.1; Median: 0.1; Range: [0, 0.8]"
prevent_cvd_30yr_full,,WTMEC.COMBN,Numeric,"Mean: 0.3; Median: 0.3; Range: [0, 0.8]"
prevent_ascvd_10yr_full,,WTMEC.COMBN,Numeric,"Mean: 0.1; Median: 0; Range: [0, 0.6]"
prevent_ascvd_30yr_full,,WTMEC.COMBN,Numeric,"Mean: 0.1; Median: 0.1; Range: [0, 0.7]"
prevent_hf_10yr_full,,WTMEC.COMBN,Numeric,"Mean: 0.1; Median: 0; Range: [0, 0.8]"
prevent_hf_30yr_full,,WTMEC.COMBN,Numeric,"Mean: 0.2; Median: 0.2; Range: [0, 0.8]"
prevent_chd_10yr_full,,WTMEC.COMBN,Numeric,"Mean: 0; Median: 0; Range: [0, 0.6]"
prevent_chd_30yr_full,,WTMEC.COMBN,Numeric,"Mean: 0.1; Median: 0.1; Range: [0, 0.6]"
prevent_stroke_10yr_full,,WTMEC.COMBN,Numeric,"Mean: 0; Median: 0; Range: [0, 0.4]"
prevent_stroke_30yr_full,,WTMEC.COMBN,Numeric,"Mean: 0.1; Median: 0.1; Range: [0, 0.5]"
prevent_age,,WTMEC.COMBN,Numeric,"Mean: 53.1; Median: 53; Range: [31, 79]"
prevent_sex,,WTMEC.COMBN,Categorical,Values: female; male
prevent_sbp,,WTMEC.COMBN,Numeric,"Mean: 119.1; Median: 116; Range: [90, 180]"
prevent_bprx,,WTMEC.COMBN,Categorical,Levels: 0; 1
prevent_tc,,WTMEC.COMBN,Numeric,"Mean: 184.1; Median: 178; Range: [130, 320]"
prevent_hdl,,WTMEC.COMBN,Numeric,"Mean: 52.9; Median: 51; Range: [20, 100]"
prevent_statin,,WTMEC.COMBN,Categorical,Levels: 0; 1
prevent_diab,,WTMEC.COMBN,Categorical,Levels: 0; 1
prevent_smoking,,WTMEC.COMBN,Categorical,Levels: 0; 1
prevent_egfr,,WTMEC.COMBN,Numeric,"Mean: 39.8; Median: 40; Range: [15, 40]"
prevent_bmi,,WTMEC.COMBN,Numeric,"Mean: 25.8; Median: 24.8; Range: [18.5, 39.9]"
prevent_hba1c,,WTMEC.COMBN,Numeric,"Mean: 5.6; Median: 5.4; Range: [4.5, 15]"
prevent_uacr,,WTMEC.COMBN,Numeric,"Mean: 42.7; Median: 7.6; Range: [0.1, 25000]"
prevent_zip,,WTSEPH.COMBN,Categorical,Values: NA
prevent_zip_sdi1,,WTMEC.COMBN,Numeric,"Mean: 90210; Median: 90210; Range: [90210, 90210]"
prevent_zip_sdi2,,WTMEC.COMBN,Numeric,"Mean: 1085; Median: 1085; Range: [1085, 1085]"
prevent_zip_sdi3,,WTMEC.COMBN,Numeric,"Mean: 1040; Median: 1040; Range: [1040, 1040]"
prevent_complete_base,,WTMEC.COMBN,Categorical,Levels: 0; 1
prevent_complete_baseA1c,,WTMEC.COMBN,Categorical,Levels: 0; 1
prevent_complete_baseUACR,,WTMEC.COMBN,Categorical,Levels: 0; 1
prevent_complete_full,,WTMEC.COMBN,Categorical,Levels: 0; 1
prevent_cvd_10yr_sdi1,,WTMEC.COMBN,Numeric,"Mean: 0.1; Median: 0.1; Range: [0, 0.7]"
prevent_cvd_30yr_sdi1,,WTMEC.COMBN,Numeric,"Mean: 0.3; Median: 0.3; Range: [0, 0.8]"
prevent_ascvd_10yr_sdi1,,WTMEC.COMBN,Numeric,"Mean: 0.1; Median: 0; Range: [0, 0.5]"
prevent_ascvd_30yr_sdi1,,WTMEC.COMBN,Numeric,"Mean: 0.1; Median: 0.1; Range: [0, 0.7]"
prevent_hf_10yr_sdi1,,WTMEC.COMBN,Numeric,"Mean: 0.1; Median: 0.1; Range: [0, 0.6]"
prevent_hf_30yr_sdi1,,WTMEC.COMBN,Numeric,"Mean: 0.2; Median: 0.2; Range: [0, 0.8]"
prevent_chd_10yr_sdi1,,WTMEC.COMBN,Numeric,"Mean: 0; Median: 0; Range: [0, 0.3]"
prevent_chd_30yr_sdi1,,WTMEC.COMBN,Numeric,"Mean: 0.1; Median: 0.1; Range: [0, 0.5]"
prevent_stroke_10yr_sdi1,,WTMEC.COMBN,Numeric,"Mean: 0; Median: 0; Range: [0, 0.4]"
prevent_stroke_30yr_sdi1,,WTMEC.COMBN,Numeric,"Mean: 0.1; Median: 0.1; Range: [0, 0.5]"
prevent_cvd_10yr_full.sdi1,,WTMEC.COMBN,Numeric,"Mean: 0.1; Median: 0.1; Range: [0, 0.7]"
prevent_cvd_30yr_full.sdi1,,WTMEC.COMBN,Numeric,"Mean: 0.2; Median: 0.2; Range: [0, 0.8]"
prevent_ascvd_10yr_full.sdi1,,WTMEC.COMBN,Numeric,"Mean: 0.1; Median: 0; Range: [0, 0.6]"
prevent_ascvd_30yr_full.sdi1,,WTMEC.COMBN,Numeric,"Mean: 0.1; Median: 0.1; Range: [0, 0.6]"
prevent_hf_10yr_full.sdi1,,WTMEC.COMBN,Numeric,"Mean: 0.1; Median: 0; Range: [0, 0.8]"
prevent_hf_30yr_full.sdi1,,WTMEC.COMBN,Numeric,"Mean: 0.2; Median: 0.2; Range: [0, 0.8]"
prevent_chd_10yr_full.sdi1,,WTMEC.COMBN,Numeric,"Mean: 0; Median: 0; Range: [0, 0.6]"
prevent_chd_30yr_full.sdi1,,WTMEC.COMBN,Numeric,"Mean: 0.1; Median: 0.1; Range: [0, 0.6]"
prevent_stroke_10yr_full.sdi1,,WTMEC.COMBN,Numeric,"Mean: 0; Median: 0; Range: [0, 0.4]"
prevent_stroke_30yr_full.sdi1,,WTMEC.COMBN,Numeric,"Mean: 0.1; Median: 0.1; Range: [0, 0.4]"
prevent_cvd_10yr_sdi2,,WTMEC.COMBN,Numeric,"Mean: 0.1; Median: 0.1; Range: [0, 0.7]"
prevent_cvd_30yr_sdi2,,WTMEC.COMBN,Numeric,"Mean: 0.3; Median: 0.3; Range: [0, 0.8]"
prevent_ascvd_10yr_sdi2,,WTMEC.COMBN,Numeric,"Mean: 0.1; Median: 0.1; Range: [0, 0.5]"
prevent_ascvd_30yr_sdi2,,WTMEC.COMBN,Numeric,"Mean: 0.2; Median: 0.2; Range: [0, 0.7]"
prevent_hf_10yr_sdi2,,WTMEC.COMBN,Numeric,"Mean: 0.1; Median: 0.1; Range: [0, 0.7]"
prevent_hf_30yr_sdi2,,WTMEC.COMBN,Numeric,"Mean: 0.2; Median: 0.2; Range: [0, 0.8]"
prevent_chd_10yr_sdi2,,WTMEC.COMBN,Numeric,"Mean: 0; Median: 0; Range: [0, 0.4]"
prevent_chd_30yr_sdi2,,WTMEC.COMBN,Numeric,"Mean: 0.1; Median: 0.1; Range: [0, 0.5]"
prevent_stroke_10yr_sdi2,,WTMEC.COMBN,Numeric,"Mean: 0; Median: 0; Range: [0, 0.4]"
prevent_stroke_30yr_sdi2,,WTMEC.COMBN,Numeric,"Mean: 0.1; Median: 0.1; Range: [0, 0.5]"
prevent_cvd_10yr_full.sdi2,,WTMEC.COMBN,Numeric,"Mean: 0.1; Median: 0.1; Range: [0, 0.8]"
prevent_cvd_30yr_full.sdi2,,WTMEC.COMBN,Numeric,"Mean: 0.2; Median: 0.2; Range: [0, 0.8]"
prevent_ascvd_10yr_full.sdi2,,WTMEC.COMBN,Numeric,"Mean: 0.1; Median: 0; Range: [0, 0.6]"
prevent_ascvd_30yr_full.sdi2,,WTMEC.COMBN,Numeric,"Mean: 0.1; Median: 0.1; Range: [0, 0.7]"
prevent_hf_10yr_full.sdi2,,WTMEC.COMBN,Numeric,"Mean: 0.1; Median: 0; Range: [0, 0.8]"
prevent_hf_30yr_full.sdi2,,WTMEC.COMBN,Numeric,"Mean: 0.2; Median: 0.2; Range: [0, 0.8]"
prevent_chd_10yr_full.sdi2,,WTMEC.COMBN,Numeric,"Mean: 0; Median: 0; Range: [0, 0.6]"
prevent_chd_30yr_full.sdi2,,WTMEC.COMBN,Numeric,"Mean: 0.1; Median: 0.1; Range: [0, 0.6]"
prevent_stroke_10yr_full.sdi2,,WTMEC.COMBN,Numeric,"Mean: 0; Median: 0; Range: [0, 0.4]"
prevent_stroke_30yr_full.sdi2,,WTMEC.COMBN,Numeric,"Mean: 0.1; Median: 0.1; Range: [0, 0.4]"
prevent_cvd_10yr_sdi3,,WTMEC.COMBN,Numeric,"Mean: 0.1; Median: 0.1; Range: [0, 0.7]"
prevent_cvd_30yr_sdi3,,WTMEC.COMBN,Numeric,"Mean: 0.3; Median: 0.3; Range: [0, 0.8]"
prevent_ascvd_10yr_sdi3,,WTMEC.COMBN,Numeric,"Mean: 0.1; Median: 0.1; Range: [0, 0.6]"
prevent_ascvd_30yr_sdi3,,WTMEC.COMBN,Numeric,"Mean: 0.2; Median: 0.2; Range: [0, 0.7]"
prevent_hf_10yr_sdi3,,WTMEC.COMBN,Numeric,"Mean: 0.1; Median: 0.1; Range: [0, 0.7]"
prevent_hf_30yr_sdi3,,WTMEC.COMBN,Numeric,"Mean: 0.2; Median: 0.2; Range: [0, 0.8]"
prevent_chd_10yr_sdi3,,WTMEC.COMBN,Numeric,"Mean: 0; Median: 0; Range: [0, 0.4]"
prevent_chd_30yr_sdi3,,WTMEC.COMBN,Numeric,"Mean: 0.1; Median: 0.1; Range: [0, 0.6]"
prevent_stroke_10yr_sdi3,,WTMEC.COMBN,Numeric,"Mean: 0; Median: 0; Range: [0, 0.4]"
prevent_stroke_30yr_sdi3,,WTMEC.COMBN,Numeric,"Mean: 0.1; Median: 0.1; Range: [0, 0.5]"
prevent_cvd_10yr_full.sdi3,,WTMEC.COMBN,Numeric,"Mean: 0.1; Median: 0.1; Range: [0, 0.8]"
prevent_cvd_30yr_full.sdi3,,WTMEC.COMBN,Numeric,"Mean: 0.3; Median: 0.3; Range: [0, 0.8]"
prevent_ascvd_10yr_full.sdi3,,WTMEC.COMBN,Numeric,"Mean: 0.1; Median: 0.1; Range: [0, 0.7]"
prevent_ascvd_30yr_full.sdi3,,WTMEC.COMBN,Numeric,"Mean: 0.2; Median: 0.2; Range: [0, 0.7]"
prevent_hf_10yr_full.sdi3,,WTMEC.COMBN,Numeric,"Mean: 0.1; Median: 0.1; Range: [0, 0.8]"
prevent_hf_30yr_full.sdi3,,WTMEC.COMBN,Numeric,"Mean: 0.2; Median: 0.2; Range: [0, 0.8]"
prevent_chd_10yr_full.sdi3,,WTMEC.COMBN,Numeric,"Mean: 0; Median: 0; Range: [0, 0.6]"
prevent_chd_30yr_full.sdi3,,WTMEC.COMBN,Numeric,"Mean: 0.1; Median: 0.1; Range: [0, 0.6]"
prevent_stroke_10yr_full.sdi3,,WTMEC.COMBN,Numeric,"Mean: 0; Median: 0; Range: [0, 0.4]"
prevent_stroke_30yr_full.sdi3,,WTMEC.COMBN,Numeric,"Mean: 0.1; Median: 0.1; Range: [0, 0.5]"
prevent_include_dyslip,,WTMEC.COMBN,Categorical,Levels: 0; 1
prevent_include_bp,,WTMEC.COMBN,Categorical,Levels: 0; 1
WTINT.COMBN,,WTMEC.COMBN,Numeric,"Mean: 25200.9; Median: 16058.3; Range: [620.7, 338363.6]"
WTMEC.COMBN,,WTMEC.COMBN,Numeric,"Mean: 25200.9; Median: 15938.6; Range: [0, 367555.7]"
WTSAF.COMBN,,WTSAF.COMBN,Numeric,"Mean: 62613.4; Median: 41657.6; Range: [0, 741259.2]"
WTDR.COMBN,,WTDR.COMBN,Numeric,"Mean: 34550.8; Median: 18108.4; Range: [0, 818626.7]"
WTSPO.COMBN,,WTSPO.COMBN,Numeric,"Mean: 66327.1; Median: 41154.4; Range: [0, 456851.1]"
WTSEPH.COMBN,,WTSEPH.COMBN,Numeric,"Mean: 102824.4; Median: 68751.3; Range: [0, 874638]"
WTYRS,,WTMEC.COMBN,Numeric,"Mean: 2.6; Median: 2; Range: [2, 4]"
nYRS,,WTMEC.COMBN,Numeric,"Mean: 2.2; Median: 2; Range: [2, 3.2]"
